Specified Values,Specified Attribute Names,Diabetes_binary,Fitness,Accuracy,Numerosity,Avg Match Set Size,TimeStamp GA,Iteration Initialized,Specificity,Deletion Probability,Correct Count,Match Count
"0, 0","HighChol, Stroke",0,0.11997857019495421,0.6543660158764214,1,188.2573273484498,9990,3,0.09523809523809523,0.00042568856267672864,3050,4661
"0, 0, 0, 0","HighBP, Smoker, Stroke, Fruits",0,0.21196622761184206,0.7332521315468941,1,227.57982032241108,9934,57,0.19047619047619047,0.00047589201264488265,602,821
"1, 0, 1, [-6.9,6.9]","PhysActivity, HvyAlcoholConsump, AnyHealthcare, MentHlth",0,0.04800051245482841,0.5448151487826871,1,243.17789188824094,9990,79,0.19047619047619047,0.0005614023856416515,3021,5545
"0, 0, 0, 0, 1","HighBP, Smoker, Stroke, Fruits, Sex",0,0.17091002203503264,0.7023498694516971,1,228.74877382652772,9934,101,0.23809523809523808,0.0004783364105487665,269,383
"1, 1, 1, 0, 1, [-6.9,6.9]","Stroke, PhysActivity, Fruits, HvyAlcoholConsump, AnyHealthcare, MentHlth",1,0.2501707582742346,0.7579617834394905,3,178.92447882010612,9764,103,0.2857142857142857,0.001122446580059347,119,157
"0, 0, 0","HighChol, Smoker, Stroke",0,0.15379871465804443,0.6876865671641791,4,234.42931086087737,9990,115,0.14285714285714285,0.002185505272533161,1843,2680
"1, 0, 1, [-11.25,11.25], [5.495,8.504999999999999]","HighBP, HvyAlcoholConsump, AnyHealthcare, MentHlth, Income",1,0.09122166244342725,0.6194690265486725,1,169.25773143778719,9916,224,0.23809523809523808,0.00036818438699637074,1470,2373
"1, 1, 1","HighBP, CholCheck, AnyHealthcare",1,0.14301476431677504,0.677760375880971,1,143.95902313159772,9986,224,0.14285714285714285,0.00031313893477710264,3462,5108
"0, 0, 0, 0","HighChol, Smoker, Stroke, HeartDiseaseorAttack",0,0.1749334432200428,0.7056259904912837,1,234.43346576186278,9990,230,0.19047619047619047,0.0005463871785216887,1781,2524
"0, 0, 0, 0, [-4.6,8.6]","HighBP, HighChol, Smoker, Fruits, PhysHlth",0,0.375397982947308,0.8220502901353965,1,285.32858610106393,9934,257,0.23809523809523808,0.0005966504187954243,425,517
"0, 1, 0, 0, 0","HighBP, CholCheck, Smoker, Stroke, Fruits",0,0.19619770047350749,0.7220026350461133,1,228.21507439416848,9934,300,0.23809523809523808,0.00047722039201666174,548,759
"0, 0, 0, 0","HighChol, Smoker, Stroke, HvyAlcoholConsump",0,0.1479063021710454,0.6823345084214649,1,234.38317719405336,9990,305,0.19047619047619047,0.0005462557305328361,1742,2553
"1, 0, 1, [5.495,8.504999999999999]","HighBP, HeartDiseaseorAttack, AnyHealthcare, Income",1,0.06600153808263474,0.5806451612903226,1,139.14634209906953,9935,348,0.19047619047619047,0.00028947700393602794,1278,2201
"1, 1, 0, 1","HighBP, Fruits, HvyAlcoholConsump, AnyHealthcare",1,0.1304716085672705,0.6654312668463612,1,174.14435047420517,9986,375,0.19047619047619047,0.00038095739431406276,1975,2968
"0, 1, 0, [0.6799999999999999,3.3200000000000003]","Smoker, PhysActivity, HvyAlcoholConsump, GenHlth",0,0.11944368073352228,0.653781512605042,1,288.5112435957154,9990,434,0.19047619047619047,0.0006033056717899267,1945,2975
"0, [5.025,6.975]","Smoker, Education",0,0.13168724279835387,0.6666666666666666,1,281.6802054330274,9990,458,0.09523809523809523,0.0005890212923792647,1492,2238
"0, 1","Stroke, Veggies",0,0.04313983461414133,0.5333050487908358,1,171.00972360822846,9990,507,0.09523809523809523,0.0004015228441226256,3771,7071
"0, 1, 0, 0, [4.125,5.875]","HighChol, Smoker, Veggies, NoDocbcCost, Education",0,0.08928958188051805,0.616822429906542,1,157.61738732583242,9787,563,0.23809523809523808,0.00032959361500529256,66,107
"0, 1, 0, 0, [4.125,5.875], [3.425,6.575]","HighChol, PhysActivity, Veggies, NoDocbcCost, Education, Income",0,0.06504222973314074,0.5789473684210527,1,198.85379333546553,9787,563,0.2857142857142857,0.000415823036499538,33,57
"1, 0","HighBP, AnyHealthcare",1,0.07465000619379879,0.5951219512195122,2,102.99132401033748,9945,572,0.09523809523809523,0.0004307301798446333,122,205
"0, 0, [-9.0,9.0]","Stroke, HeartDiseaseorAttack, PhysHlth",0,0.07303797505183077,0.5925291828793774,1,171.02181912770038,9990,576,0.14285714285714285,0.00040156236433014917,3807,6425
"0, 0, 0, 1, [-9.9,9.9]","HighBP, Smoker, Stroke, PhysActivity, MentHlth",0,0.3286124979738431,0.8004548038658329,1,305.09966696566084,9990,585,0.23809523809523808,0.0006379937129921076,1408,1759
"0, 1, 0, 1, [1.5,3.0154720122010916]","HighChol, HeartDiseaseorAttack, HvyAlcoholConsump, AnyHealthcare, Education",1,0.25126003423796484,0.7586206896551724,1,169.06969546862268,9138,592,0.23809523809523808,0.0003535415290329105,22,29
"0, 0, 0, 1, [-9.45,9.45], 0, [-2.4799999999999995,4.4799999999999995], [2.69,7.3100000000000005]","HighBP, Smoker, Stroke, PhysActivity, PhysHlth, DiffWalk, Age, Income",0,0.6637379143028671,0.9212962962962963,1,239.4397696308248,9969,599,0.38095238095238093,0.0005006923448459161,199,216
"1, 0","HighBP, HvyAlcoholConsump",1,0.14657739183751767,0.6811039484286865,3,136.72288379231355,9986,604,0.09523809523809523,0.000868487962699937,3381,4964
"1, 0, 1, [4.3,7.7]","HighBP, HvyAlcoholConsump, AnyHealthcare, Education",1,0.12320572563802379,0.6578489383919248,1,173.98872055058035,9986,608,0.19047619047619047,0.00038055059727535424,1890,2873
"1, 0, 1, [-9.0,6.9], [5.025,6.975]","CholCheck, Smoker, Veggies, PhysHlth, Education",0,0.17179528266482047,0.7030759573132455,1,286.2422090444456,9990,611,0.23809523809523808,0.0005985608951316324,1120,1593
"0, 0, 0, 1, 1, [-9.45,9.45]","HighBP, Smoker, Stroke, PhysActivity, AnyHealthcare, PhysHlth",0,0.3475940434646844,0.8094955489614243,1,310.2757092627111,9990,641,0.2857142857142857,0.0006488173316362766,1364,1685
"0, 0, 0, 1","HighBP, Smoker, Stroke, PhysActivity",0,0.31501350306829295,0.793717277486911,1,303.98234375489955,9990,641,0.19047619047619047,0.0006356572791607128,1516,1910
"1, 0, 1, [5.025,6.975]","CholCheck, Smoker, Veggies, Education",0,0.1367992875821269,0.6717640633533588,1,283.2675237015177,9990,688,0.19047619047619047,0.0005923405325668599,1230,1831
"0, 1, 0, 1, 1, [5.025,6.975]","HighBP, CholCheck, Smoker, Veggies, AnyHealthcare, Education",0,0.3888909417435799,0.8278765201122544,1,310.8979384307645,9990,698,0.2857142857142857,0.000650118474640484,885,1069
"0, 0, 0, [-4.35,4.35], [-5.7,5.7], 0","HighBP, Smoker, Stroke, MentHlth, PhysHlth, DiffWalk",0,0.3499750992147329,0.8106015485407981,1,313.1252253040559,9990,717,0.2857142857142857,0.0006547759527568063,1361,1679
"0, 0, 0, 0, [-4.35,4.35], [3.45,6.55]","HighBP, Smoker, Stroke, Veggies, MentHlth, Education",0,0.24432505180968345,0.7543859649122807,1,192.4615513522171,9892,738,0.2857142857142857,0.0004024562234911983,215,285
"0, 0, 0, 0, 1, 0, [-5.7,8.6], 0","HighBP, HighChol, Smoker, Stroke, PhysActivity, Fruits, PhysHlth, DiffWalk",0,0.5088955833292618,0.8736263736263736,1,311.2355696927296,9934,738,0.38095238095238093,0.0006508244951503903,318,364
"0, 0, [-8.4,4.35], 0, 0, [1.88,8.120000000000001]","Smoker, NoDocbcCost, MentHlth, DiffWalk, Sex, Age",0,0.30337809210466155,0.787765293383271,1,319.8977642603171,9990,778,0.2857142857142857,0.0006689380045153718,631,801
"0, 0, 0, 0, [-4.35,8.4], [-5.7,5.7], 0","HighBP, Smoker, Stroke, HvyAlcoholConsump, MentHlth, PhysHlth, DiffWalk",0,0.344265605426811,0.8079392877991827,1,305.6380620178301,9990,778,0.3333333333333333,0.0006391195505317098,1384,1713
"1, 1, 1, 1","CholCheck, Stroke, PhysActivity, AnyHealthcare",1,0.22666497253028733,0.7431506849315068,1,185.79147117178667,9805,786,0.19047619047619047,0.00038850842321140703,217,292
"1, 1, 0, [-6.9,6.9], 0","HighBP, Fruits, HvyAlcoholConsump, MentHlth, DiffWalk",1,0.0789233980599914,0.6017847183491355,1,185.74854460800606,9985,786,0.23809523809523808,0.00041128929771850877,1079,1793
"0, 0, 0, 0, 0, [-4.35,4.35], [-5.7,5.7], 0","HighBP, Smoker, Stroke, HeartDiseaseorAttack, Fruits, MentHlth, PhysHlth, DiffWalk",0,0.31925089172712057,0.7958412098298677,1,293.17495593699596,9934,811,0.38095238095238093,0.0006130579576004372,421,529
"1, 0, [1.825,4.175]","HighBP, HvyAlcoholConsump, Education",1,0.19237119975802322,0.719164118246687,2,166.282319214089,9979,823,0.14285714285714285,0.0007364973126998879,1411,1962
"0, 0, 0, 1, 0, 0, [1.88,8.120000000000001]","HighBP, Smoker, HvyAlcoholConsump, AnyHealthcare, NoDocbcCost, Sex, Age",0,0.40873539264867476,0.8361581920903954,1,331.8986078647284,9990,826,0.3333333333333333,0.0006940329606861292,592,708
"0, 1, 0, 1","HighBP, CholCheck, Stroke, PhysActivity",0,0.22761261732085272,0.7437710437710437,1,266.32386079579186,9990,847,0.19047619047619047,0.0005569096502049747,2209,2970
"1, 0, 0, [2.5,5.5], [1.825,4.175], [-0.050000000000000044,2.05]","HighBP, Smoker, HvyAlcoholConsump, GenHlth, Education, Income",1,0.28357618151596387,0.7772020725388601,1,201.6042379873083,9927,854,0.2857142857142857,0.0004215744895026183,150,193
"0, 1, [5.025,6.975]","Smoker, Veggies, Education",0,0.14405690280303857,0.678745267712277,1,282.6062993747722,9990,863,0.14285714285714285,0.0005909578468119503,1255,1849
"1, 0, 1","HighBP, HvyAlcoholConsump, AnyHealthcare",1,0.15096029533456096,0.6851293103448276,2,156.3395445630193,9986,868,0.14285714285714285,0.0007071806827579069,3179,4640
"0, 0, 0, 0, 1, 0, [3.92,12.08]","HighBP, HighChol, Smoker, Stroke, PhysActivity, Fruits, Age",0,0.3747862013902924,0.8217821782178217,1,339.8156338212421,9934,877,0.3333333333333333,0.0007105882484584347,249,303
"0, 0, 0, 1, [-4.6,8.6], [4.3,7.7]","HighChol, Smoker, Fruits, Veggies, PhysHlth, Education",0,0.23524118101521485,0.7486910994764397,1,294.390796369502,9934,896,0.2857142857142857,0.0006156004007294484,286,382
"0, 0, 0, [-8.4,4.35], 0, [1.88,8.120000000000001]","Smoker, Stroke, HvyAlcoholConsump, MentHlth, DiffWalk, Age",0,0.2279948565539819,0.7440206851971558,1,248.02993939185058,9990,922,0.2857142857142857,0.000581926649856852,1151,1547
"1, 1, 0, [-6.9,6.9], [9.1,16.9], [4.3,7.7]","HighBP, PhysActivity, HvyAlcoholConsump, MentHlth, Age, Education",1,0.13065521620576057,0.6656184486373166,1,233.53798327866653,9985,947,0.2857142857142857,0.000536204877447472,635,954
"1, 0, [4.04,5.96]","CholCheck, AnyHealthcare, GenHlth",1,0.20030418945312498,0.725,1,101.80250764349626,9797,950,0.14285714285714285,0.0002128791567992491,29,40
"1, 0, 1","CholCheck, Stroke, Veggies",0,0.03924026576842961,0.5232947624847747,1,171.63573302056216,9990,954,0.14285714285714285,0.0004035682314203388,3437,6568
"1, [5.96,5.994486667404138]","CholCheck, GenHlth",1,0.025126003423796485,0.7586206896551724,1,39.58829035822047,961,961,0.09523809523809523,8.2783047939195e-05,0,0
"1, 1, 0","HighBP, Smoker, HvyAlcoholConsump",1,0.16723559069210361,0.6993035641130684,1,142.11934672324008,9986,989,0.14285714285714285,0.0002972480639546331,1707,2441
"1, 1, 1, 1, 0","HighBP, CholCheck, Stroke, HeartDiseaseorAttack, Sex",1,0.401877572016461,0.8333333333333334,1,191.97175492188495,9863,1011,0.23809523809523808,0.00040143201049776673,80,96
"0, 1, 0, 1","HighChol, CholCheck, Stroke, PhysActivity",0,0.15968187280115723,0.6928689883913765,2,271.76302733290066,9990,1025,0.19047619047619047,0.0011365669755490576,2089,3015
"0, 0, 0, 0, 0, [-4.55,6.55], [-7.9106476522955935,8.6], [-0.7800000000000002,12.08]","HighBP, HighChol, Smoker, Stroke, Fruits, MentHlth, PhysHlth, Age",0,0.35897162501170665,0.8147268408551069,1,318.4261643844158,9934,1061,0.38095238095238093,0.0006658607429824359,343,421
"1, 1, 0, [5.34,12.66]","HighBP, CholCheck, HvyAlcoholConsump, Age",1,0.16513031746230053,0.6975339708102667,1,146.56751922914142,9986,1074,0.19047619047619047,0.0003088750272077133,2772,3974
"0, 0, 0, [2.04,3.96], [-4.6,8.6], [4.125,5.875]","HighChol, Stroke, Veggies, GenHlth, MentHlth, Education",0,0.04662947792084618,0.5416666666666666,1,194.05677323942507,9787,1099,0.2857142857142857,0.0004057919909306975,39,72
"0, 1, 0","HighChol, Smoker, NoDocbcCost",0,0.07344545269942974,0.5931888544891641,1,144.77973134762163,9988,1099,0.14285714285714285,0.0003027488010298782,958,1615
"0, 0, 1, [-9.0,9.0]","Stroke, HeartDiseaseorAttack, Veggies, PhysHlth",0,0.08219365371289024,0.6066911464708282,1,196.36912539725705,9990,1116,0.19047619047619047,0.00048438070100934554,2974,4902
"1, 1, 1, 0, 1","HighBP, CholCheck, HeartDiseaseorAttack, HvyAlcoholConsump, AnyHealthcare",1,0.33229868671371376,0.8022426095820592,2,227.17332324386794,9986,1117,0.23809523809523808,0.0009500839737424172,787,981
"0, 0, 0, 1, 0, [0.74,3.26]","HighBP, Stroke, HeartDiseaseorAttack, Veggies, HvyAlcoholConsump, GenHlth",0,0.28357240052037574,0.7772,1,240.42617775506397,9990,1120,0.2857142857142857,0.0005027550222259597,1943,2500
"1, [30.025,69.975], 0, 1","HighBP, BMI, HvyAlcoholConsump, AnyHealthcare",1,0.2818538897325336,0.776255707762557,3,238.4869269749973,9986,1123,0.19047619047619047,0.0014960995685843973,1700,2190
"1, [30.025,69.975], 1, 1, 0, 1, [-6.9,6.9], 0, [9.1,16.9], [4.3,7.7]","HighBP, BMI, PhysActivity, Fruits, HvyAlcoholConsump, AnyHealthcare, MentHlth, DiffWalk, Age, Education",1,0.13767205934558463,0.6726190476190477,1,239.18498160722783,9985,1136,0.47619047619047616,0.0005001595577772928,113,168
"1, [30.025,69.975], 0","HighBP, BMI, HvyAlcoholConsump",1,0.2694472218557125,0.769298245614035,3,209.78431678006405,9986,1158,0.14285714285714285,0.0013160395406635053,1754,2280
"0, 0, 0, 0, 0, [0.74,3.26], 0, [1.88,8.120000000000001], [1.48,6.52]","HighBP, HighChol, Stroke, HeartDiseaseorAttack, HvyAlcoholConsump, GenHlth, DiffWalk, Age, Income",0,0.46266436603796024,0.8571428571428571,1,214.85678398631936,9952,1165,0.42857142857142855,0.0004492868797277423,330,385
"1, 1, 0, [1.74,4.26], 0, [5.515000000000001,10.485]","HighBP, Smoker, HvyAlcoholConsump, GenHlth, DiffWalk, Income",1,0.08552333998741996,0.6115288220551378,1,148.45560043376457,9831,1168,0.2857142857142857,0.00031381023391470605,488,798
"1, [4.04,5.96], [-6.3,6.3], 1","CholCheck, GenHlth, MentHlth, DiffWalk",1,0.3882095537407485,0.8275862068965517,1,264.8461623942761,9965,1195,0.19047619047619047,0.0005538196360491361,216,261
"1, [30.025,69.975]","HighBP, BMI",1,0.2614571700875909,0.7646806686669524,1,209.7843166099836,9986,1216,0.09523809523809523,0.00043867984653217995,1784,2333
"0, 1, 0, 1","HighChol, HeartDiseaseorAttack, HvyAlcoholConsump, AnyHealthcare",1,0.16690769464230054,0.6990291262135923,1,176.073207287299,9871,1239,0.19047619047619047,0.00036818656799220996,216,309
"0, 0, 0, 0","HighBP, HighChol, Stroke, Fruits",0,0.24868962073656217,0.7570621468926554,1,231.60932151954688,9976,1243,0.19047619047619047,0.00048431809994885916,670,885
"0, 0, 0, 0, 1, 0, [0.74,3.26], 0, 0, [1.88,8.120000000000001], [1.48,6.52]","HighBP, HighChol, Stroke, HeartDiseaseorAttack, PhysActivity, HvyAlcoholConsump, GenHlth, DiffWalk, Sex, Age, Income",0,0.4979126391588906,0.8698224852071006,1,254.80876813354342,9855,1254,0.5238095238095238,0.0005328304475099979,147,169
"1, [10.099999999999998,67.9], 1, 0, 1, [-6.9,6.9], [1.5,4.5]","CholCheck, BMI, PhysActivity, HvyAlcoholConsump, AnyHealthcare, MentHlth, Education",1,0.056172941852253654,0.5622188905547226,1,156.77003989184826,9957,1257,0.3333333333333333,0.0003278217273432102,750,1334
"1, 0, 0, 1, [-6.9,6.9], 1, [9.1,16.9]","HighBP, Stroke, HvyAlcoholConsump, AnyHealthcare, MentHlth, Sex, Age",1,0.1791939583465985,0.7090301003344481,1,203.6844164624991,9965,1287,0.3333333333333333,0.00045817141002136555,636,897
"1, 1, 0, 1, [-9.0,6.9], [5.025,6.975]","HighChol, CholCheck, Smoker, Veggies, PhysHlth, Education",0,0.050367289155937585,0.5500848896434635,1,207.01848695819484,9909,1294,0.2857142857142857,0.00043289622196582804,324,589
"1, 0, 1","CholCheck, AnyHealthcare, DiffWalk",1,0.095367431640625,0.625,1,112.82619307187946,9945,1311,0.14285714285714285,0.00023593077815058528,50,80
"1, [30.025,69.975], 1, 0","HighBP, BMI, Veggies, HvyAlcoholConsump",1,0.2595648601179502,0.7635705669481303,1,224.36599734317082,9985,1312,0.19047619047619047,0.00046917158952604777,1266,1658
"0, [30.025,69.975], 0, 0","HighChol, BMI, HeartDiseaseorAttack, HvyAlcoholConsump",1,0.03661671425870381,0.5161023947151114,1,185.40490641227535,9997,1318,0.19047619047619047,0.0003877000778969551,625,1211
"0, [7.699999999999999,14.3]","HvyAlcoholConsump, Age",1,0.07751311455604919,0.5996185191607422,1,183.8391188349968,9997,1323,0.09523809523809523,0.0004062982989953682,3458,5767
"0, 0, 1, [2.7199999999999998,5.28], 1, [9.1,16.9]","Stroke, HvyAlcoholConsump, AnyHealthcare, GenHlth, Sex, Age",1,0.2356335343825414,0.7489406779661016,3,221.0723088672613,9965,1345,0.2857142857142857,0.0013868524791589155,707,944
"1, 1, 1, 0, 1, [-6.9,6.9], [9.1,16.9]","HighBP, HighChol, PhysActivity, HvyAlcoholConsump, AnyHealthcare, MentHlth, Age",1,0.16136457924654446,0.6943231441048034,2,231.98914669788593,9985,1345,0.3333333333333333,0.001064312827005627,636,916
"0, 0, 0, 0, [-0.3600000000000001,2.3600000000000003], [-4.35,4.35], [-5.7,5.7], 0","HighBP, Smoker, Stroke, NoDocbcCost, GenHlth, MentHlth, PhysHlth, DiffWalk",0,0.5377539218558709,0.8833172613307618,2,317.48467890671793,9990,1347,0.38095238095238093,0.001327784006638077,916,1037
"1, 0, [-11.25,11.25], [7.699999999999999,14.3], [0.07499999999999973,3.9250000000000003]","Fruits, HvyAlcoholConsump, MentHlth, Age, Income",1,0.14926893050103668,0.6835871404399323,3,195.94305488018787,9985,1348,0.23809523809523808,0.0012292091796884594,404,591
"1, [30.025,69.975], 0, 0, 1","HighBP, BMI, Stroke, HvyAlcoholConsump, AnyHealthcare",1,0.26093773589818875,0.7643765903307888,1,259.2137389876528,9985,1360,0.23809523809523808,0.0005420416791668046,1502,1965
"[30.025,69.975], 0, 1","BMI, HvyAlcoholConsump, NoDocbcCost",1,0.17281744126719248,0.7039106145251397,1,172.18933243796448,9945,1371,0.14285714285714285,0.000360064999848373,252,358
"[30.025,69.975], 0, [3.725,8.275]","BMI, Stroke, Income",1,0.097383334387542,0.6276202219482121,1,213.67967137357246,9997,1371,0.14285714285714285,0.0004468254203171663,1527,2433
"1, [30.025,69.975], 0, 1","HighBP, BMI, Stroke, AnyHealthcare",1,0.25276115515761205,0.7595249876298862,1,259.21373648855445,9985,1372,0.19047619047619047,0.0005420416739409416,1535,2021
"0, 0, [0.74,3.26], [-9.9,9.9], 0, [1.88,8.120000000000001]","HighBP, HeartDiseaseorAttack, GenHlth, PhysHlth, DiffWalk, Age",0,0.4484442168634938,0.8518079430942501,2,247.9051089364071,9990,1374,0.2857142857142857,0.0010367884206038973,1437,1687
"0, 0, 0, 0, 1, 0","HighBP, HighChol, Stroke, Fruits, Veggies, DiffWalk",0,0.2984677839937623,0.7851985559566786,1,267.6520487504088,9976,1375,0.2857142857142857,0.0005596870231636047,435,554
"1, [2.9250000000000007,53.075], 0, 1, 0, 1, [-6.9,6.9], [9.1,16.9]","HighBP, BMI, Stroke, PhysActivity, HvyAlcoholConsump, AnyHealthcare, MentHlth, Age",1,0.11931049974574295,0.653635652853792,1,206.83059976256988,9985,1387,0.38095238095238093,0.00046639513730911057,836,1279
"1, 1, 1, 1, 0, 1, [-6.9,6.9]","HighBP, HighChol, CholCheck, PhysActivity, HvyAlcoholConsump, AnyHealthcare, MentHlth",1,0.1615899376267966,0.6945169712793734,1,230.75868689237308,9985,1387,0.3333333333333333,0.0005289401463899465,1064,1532
"0, 0, 0, 0, [-4.6,8.6]","HighBP, HighChol, Smoker, HeartDiseaseorAttack, PhysHlth",0,0.4381432431292079,0.8478581979320532,1,315.98875556954147,9990,1396,0.23809523809523808,0.0006607638790122225,1148,1354
"1, [69.23342256896603,69.975], 1, 0, [2.8200000000000003,5.18]","HighBP, BMI, Smoker, HvyAlcoholConsump, GenHlth",1,0.022824833264848604,0.7441860465116279,1,68.77571865611988,1418,1418,0.23809523809523808,0.0001438168600625088,0,0
"1, [30.025,69.975], 0, 0, 1, [5.225,6.775]","HighBP, BMI, Stroke, HvyAlcoholConsump, AnyHealthcare, Education",1,0.21641035743463144,0.7363013698630136,1,239.72640778683586,9965,1445,0.2857142857142857,0.0005012917337054892,430,584
"0, 0, 0, 0","HighBP, Stroke, HeartDiseaseorAttack, DiffWalk",0,0.2768197726429574,0.7734627831715211,2,237.73113081370622,9990,1450,0.19047619047619047,0.0009942388226777024,2390,3090
"0, 0, 1, [-7.5,7.5], [-9.0,9.0]","Stroke, HeartDiseaseorAttack, Veggies, MentHlth, PhysHlth",0,0.08341532282148037,0.6084840055632823,1,196.05979661643514,9990,1455,0.23809523809523808,0.00048337001786841384,2625,4314
"1, [30.025,69.975], 0, 0, 1, 0","HighBP, BMI, Stroke, HvyAlcoholConsump, AnyHealthcare, Sex",1,0.26536541332609875,0.766953199617956,2,254.40408587169432,9985,1475,0.2857142857142857,0.001063968433396639,803,1047
"0, 1, 1, [9.1,16.9]","Stroke, AnyHealthcare, Sex, Age",1,0.10962986371869292,0.6426666666666667,1,202.13756817578843,9965,1494,0.19047619047619047,0.0004541281432272352,964,1500
"1, 1, 0, 1, [-6.9,6.9], [9.1,16.9]","HighBP, PhysActivity, HvyAlcoholConsump, AnyHealthcare, MentHlth, Age",1,0.13264986474215498,0.6676384839650146,2,206.54919366168173,9985,1503,0.2857142857142857,0.0009313191543368569,916,1372
"0, 0, 0, 0, 0, 0","HighBP, HighChol, Smoker, Fruits, HvyAlcoholConsump, NoDocbcCost",0,0.3238067574989229,0.7980997624703088,1,265.495597956624,9934,1510,0.2857142857142857,0.0005551776703265648,336,421
"1, 1, 0, 1","HighBP, HeartDiseaseorAttack, HvyAlcoholConsump, AnyHealthcare",1,0.3307514300389627,0.8014941302027748,1,227.0888957660978,9986,1523,0.19047619047619047,0.00047486544062795365,751,937
"0, 0, 0, [3.1,4.9]","HighBP, HeartDiseaseorAttack, DiffWalk, Education",0,0.21419749525564077,0.734789391575663,1,174.45703280476695,9989,1539,0.19047619047619047,0.00036480698659440477,471,641
"1, [30.025,69.975], 0, 0, 0, 1, 0","HighBP, BMI, Smoker, Stroke, HvyAlcoholConsump, AnyHealthcare, Sex",1,0.25221641267724476,0.7591973244147158,1,257.4142779123567,9985,1541,0.3333333333333333,0.0005382788272953793,454,598
"1, [20.975,49.025], 0, 0, 1","CholCheck, BMI, AnyHealthcare, NoDocbcCost, DiffWalk",1,0.11177418429208745,0.6451612903225806,1,131.4559505156655,9321,1543,0.23809523809523808,0.00027488745169241895,20,31
"1, 1, 1, 1, 1, 0","HighBP, HighChol, CholCheck, HeartDiseaseorAttack, NoDocbcCost, Sex",1,0.3366816616594237,0.8043478260869565,1,195.8246487009397,9945,1556,0.2857142857142857,0.0004094887941459114,37,46
"1, 0, 1, 0, [2.6799999999999997,5.32]","HighBP, HvyAlcoholConsump, AnyHealthcare, NoDocbcCost, GenHlth",1,0.25013367022536004,0.757939308398024,1,200.5847961213049,9986,1575,0.23809523809523808,0.0004194427352868908,2148,2834
"1, 0, 1, [0.8499999999999996,13.15]","HighBP, HvyAlcoholConsump, AnyHealthcare, PhysHlth",1,0.17287646684224248,0.7039586919104991,1,203.64555255572648,9916,1575,0.19047619047619047,0.00042584308105449495,818,1162
"[30.025,69.975], 0, 1","BMI, HvyAlcoholConsump, AnyHealthcare",1,0.14790096401334277,0.6823295830575777,1,208.21850184348642,9997,1581,0.14285714285714285,0.00043540557230346426,2062,3022
"1, 0, 1, 0","HighBP, Stroke, AnyHealthcare, NoDocbcCost",1,0.12180083976269526,0.6563417890520694,1,146.26755150000295,9985,1602,0.19047619047619047,0.0003206816881416954,2458,3745
"1, [30.025,69.975], 0, 1, [2.6799999999999997,5.32], 1","HighBP, BMI, HvyAlcoholConsump, AnyHealthcare, GenHlth, DiffWalk",1,0.4688777447111532,0.8594327990135635,1,257.70394961862246,9986,1602,0.2857142857142857,0.0005388845596098956,697,811
"1, 1, 1","HighBP, Fruits, AnyHealthcare",1,0.12312057379287514,0.6577579806978471,1,174.14380298072803,9986,1618,0.14285714285714285,0.00038095596323500016,1772,2694
"1, 1, 1, 0, [4.3,7.7]","HighBP, PhysActivity, Fruits, HvyAlcoholConsump, Education",1,0.08412023619213208,0.6095089633671084,1,190.27321753543862,9985,1629,0.23809523809523808,0.0004231162234480462,782,1283
"1, 1, 1, 0","HighBP, CholCheck, HeartDiseaseorAttack, HvyAlcoholConsump",1,0.3229842986495935,0.7976939203354297,1,189.88210323206772,9986,1635,0.19047619047619047,0.0003970623412231137,761,954
"1, 0, 0, [-9.0,6.9], 0, [9.46,16.54], [5.53,8.47]","CholCheck, Smoker, Stroke, PhysHlth, DiffWalk, Age, Income",0,0.049046795920395056,0.5471698113207547,1,216.3258136387759,9909,1699,0.3333333333333333,0.00045235876666812285,319,583
"1, 0, 0, 1, 0, 1, [1.26,2.74]","CholCheck, Stroke, HeartDiseaseorAttack, Veggies, HvyAlcoholConsump, NoDocbcCost, GenHlth",0,0.1928371908530817,0.7195121951219512,1,188.56500718831663,9989,1713,0.3333333333333333,0.0003943081625520024,59,82
"1, 0, 0, [-6.3,6.3], [24.15,35.85], 1","CholCheck, Veggies, HvyAlcoholConsump, MentHlth, PhysHlth, DiffWalk",1,0.3158088059220047,0.7941176470588235,2,229.66156014302246,9896,1716,0.2857142857142857,0.0009604902748300826,81,102
"1, 1, [9.8,64.2], 1, 1, 0, 1, [5.5200000000000005,12.48]","HighBP, CholCheck, BMI, HeartDiseaseorAttack, Veggies, HvyAlcoholConsump, AnyHealthcare, Age",1,0.34237532604295334,0.8070500927643784,1,283.2859254508914,9985,1718,0.38095238095238093,0.0005923790124528763,435,539
"0, 0, 0, [0.74,3.26]","HighBP, Stroke, HvyAlcoholConsump, GenHlth",0,0.2543080298535728,0.7604523646333105,1,230.5402102322999,9990,1730,0.19047619047619047,0.00048208248203902626,2219,2918
"0, 1, 0, [4.125,5.875]","HighChol, Smoker, NoDocbcCost, Education",0,0.09475109959439905,0.6241900647948164,1,151.53084624690052,9976,1738,0.19047619047619047,0.00031686605295697405,289,463
"0, 1, 1","HighChol, CholCheck, PhysActivity",0,0.14698687464885218,0.6814840742037102,2,271.76302701844395,9990,1772,0.14285714285714285,0.001136566974233937,1947,2857
"0, 1, 0, 0, [4.869535064678333,5.875]","HighChol, Smoker, Veggies, NoDocbcCost, Education",0,0.07504138949927083,0.5957446808510638,1,157.61738734578836,9787,1774,0.23809523809523808,0.0003295936150470224,56,94
"0, 0, [1.775,4.225]","HvyAlcoholConsump, NoDocbcCost, Education",1,0.07556383464492311,0.5965719063545151,1,172.39798859093915,9979,1790,0.14285714285714285,0.00038423424661612363,1427,2392
"0, [2.4,3.6]","HvyAlcoholConsump, GenHlth",1,0.066188617152139,0.580973952434881,1,159.56377863359143,9979,1817,0.09523809523809523,0.0003336637125892158,1539,2649
"1, 1, 0, 1, [2.6799999999999997,5.32], [-11.25,11.25], 1, [7.699999999999999,17.259999999999998]","HighBP, CholCheck, HvyAlcoholConsump, AnyHealthcare, GenHlth, MentHlth, DiffWalk, Age",1,0.4194886055353891,0.840512223515716,3,252.06414027907917,9965,1824,0.38095238095238093,0.001581273474024274,722,859
"1, [30.025,69.975], 1, 0, 1, [0.07499999999999973,3.9250000000000003]","CholCheck, BMI, Fruits, HvyAlcoholConsump, AnyHealthcare, Income",1,0.3252634913786434,0.7988165680473372,1,269.95101168933394,9985,1824,0.2857142857142857,0.0005644943830536474,270,338
"1, [19.675,44.325], 0, 1, [0.8499999999999996,13.15]","HighBP, BMI, HvyAlcoholConsump, AnyHealthcare, PhysHlth",1,0.16490493057946215,0.6973434535104365,1,214.0558848090958,9916,1843,0.23809523809523808,0.00044761211998483284,735,1054
"0, 1, [-20.828696807332832,6.9], 1, [9.1,14.3], [1.7599999999999998,6.24]","HvyAlcoholConsump, AnyHealthcare, MentHlth, DiffWalk, Age, Income",1,0.2598964238199096,0.7637655417406749,1,231.99197605132923,9965,1873,0.2857142857142857,0.0004851182685886779,430,563
"0, 0, [-9.9,9.9], 0, [1.88,8.120000000000001], [2.795,7.205]","HighBP, HeartDiseaseorAttack, PhysHlth, DiffWalk, Age, Income",0,0.3433169797810647,0.8074935400516796,1,212.44219743168907,9989,1889,0.2857142857142857,0.0004442377393709199,625,774
"1, 0, [-6.9,6.9], [9.1,17.259999999999998], [1.775,4.225]","PhysActivity, HvyAlcoholConsump, MentHlth, Age, Education",1,0.08943359730521624,0.6170212765957447,1,145.33695593976307,9957,1893,0.23809523809523808,0.00030391401300813593,406,658
"0, 1, 0, 1, 0, [-0.3600000000000001,2.3600000000000003], [-4.35,4.35], [-5.7,5.7], 0, [5.35,6.65], [6.109999999999999,9.89]","HighBP, HighChol, Stroke, AnyHealthcare, NoDocbcCost, GenHlth, MentHlth, PhysHlth, DiffWalk, Education, Income",0,0.2651685610687948,0.7668393782383419,1,177.22636581223418,9909,1896,0.5238095238095238,0.0003705979370255125,148,193
"1, 1, 1, 1, [-6.9,6.9], [9.1,16.9]","HighBP, Stroke, PhysActivity, AnyHealthcare, MentHlth, Age",1,0.31635575557598217,0.794392523364486,1,181.3637813145253,9687,1899,0.2857142857142857,0.00037924968386204676,85,107
"1, [30.025,69.975], 0, 1","HighBP, BMI, HvyAlcoholConsump, DiffWalk",1,0.42067082244783766,0.8409854423292273,1,252.93275183067468,9986,1912,0.19047619047619047,0.0005289075110525298,751,893
"0, 1, 0","HighChol, Smoker, Stroke",0,0.08600679715981391,0.6122186495176849,1,142.2550281000628,9988,1934,0.14285714285714285,0.00029746939572887347,952,1555
"1, 0, 0, [24.15,35.85], 1","CholCheck, PhysActivity, Veggies, PhysHlth, DiffWalk",1,0.3651634298252651,0.8175182481751825,1,193.0687459260963,9986,1964,0.23809523809523808,0.00040372592766541314,112,137
"1, 0, [4.04,5.96], 1","CholCheck, HvyAlcoholConsump, GenHlth, DiffWalk",1,0.35695093473498746,0.8138075313807531,1,262.7212645249492,9965,1964,0.19047619047619047,0.0005493762635116843,389,478
"1, 1, 1, 0, 1, [-6.9,6.9], [9.1,16.9]","HighChol, PhysActivity, Fruits, HvyAlcoholConsump, AnyHealthcare, MentHlth, Age",1,0.07495981568589426,0.5956151035322778,1,221.50016711160865,9985,1965,0.3333333333333333,0.0005047395406072236,489,821
"[30.025,69.975], 0, 1, 0, [-6.050000000000001,8.05], [1.7599999999999998,6.24]","BMI, Stroke, Veggies, HvyAlcoholConsump, PhysHlth, Income",1,0.1565840732597453,0.6901595744680851,1,218.55710120534604,9997,1991,0.2857142857142857,0.0004570246106315298,519,752
"[30.025,69.975], 0, 0, 1, [-6.050000000000001,8.05], [1.7599999999999998,6.24]","BMI, Stroke, HvyAlcoholConsump, NoDocbcCost, PhysHlth, Income",1,0.09619960313488579,0.6260869565217392,2,168.61957921534682,9945,1996,0.2857142857142857,0.0007052005824632639,72,115
"0, 0, [0.74,3.26], 0","Stroke, HvyAlcoholConsump, GenHlth, DiffWalk",0,0.098123534241685,0.6285714285714286,1,171.65874224722913,9990,2014,0.19047619047619047,0.00040364341044964354,2948,4690
"1, [9.8,69.975], 0, 0, 1, 1, 0, [-6.050000000000001,6.6], [5.5200000000000005,12.48], [2.2,5.8], [1.7599999999999998,6.24]","CholCheck, BMI, Smoker, Stroke, HeartDiseaseorAttack, Veggies, HvyAlcoholConsump, PhysHlth, Age, Education, Income",1,0.1615055828898457,0.6944444444444444,1,215.06172405134075,9985,2015,0.5238095238095238,0.00044971542976296263,25,36
"1, 1, 0, [4.125,5.875], [6.46,9.54]","Smoker, AnyHealthcare, NoDocbcCost, Education, Income",0,0.05435733147757885,0.5585365853658537,1,188.53121315062648,9976,2034,0.23809523809523808,0.00039423749586200773,229,410
"1, 1, 1, 1, 1","HighBP, HighChol, CholCheck, HeartDiseaseorAttack, AnyHealthcare",1,0.3299492434012494,0.8011049723756906,2,240.84926529049298,9986,2035,0.23809523809523808,0.0010072794805862397,580,724
"[30.025,69.975]",BMI,1,0.13684437241583083,0.6718083360682638,1,185.50589241793256,9997,2044,0.047619047619047616,0.00038791124966698767,2047,3047
"0, 0, 0, [0.74,3.26], [3.92,12.08]","HighBP, Stroke, Fruits, GenHlth, Age",0,0.17464015032041513,0.7053892215568862,1,184.44818835219718,9989,2051,0.23809523809523808,0.0003856994853905576,589,835
"1, 1, 1, 0, 1, 1, 0, 1","HighBP, HighChol, CholCheck, Stroke, HeartDiseaseorAttack, Fruits, HvyAlcoholConsump, AnyHealthcare",1,0.3087987112208091,0.7905604719764012,1,259.64219830460036,9985,2060,0.38095238095238093,0.0005429376301627661,268,339
"0, 0, 0, 0, 1, 1","HighBP, Stroke, HeartDiseaseorAttack, Fruits, AnyHealthcare, NoDocbcCost",0,0.1111545949973751,0.6444444444444445,1,109.72476741189548,9989,2075,0.2857142857142857,0.0002294453889921472,58,90
"1, 1, 1, 0, [5.5200000000000005,7.830756219016125]","HighBP, CholCheck, HeartDiseaseorAttack, HvyAlcoholConsump, Age",1,0.24277230786404397,0.7534246575342466,1,150.01277232339288,9986,2087,0.23809523809523808,0.0003136916095736447,55,73
"1, 1, 1, 0, [4.04,5.96], 1","HighBP, CholCheck, Veggies, HvyAlcoholConsump, GenHlth, DiffWalk",1,0.4003162779767506,0.8326848249027238,1,280.9317435727539,9965,2090,0.2857142857142857,0.0005874561842753524,214,257
"1, 1","AnyHealthcare, Sex",1,0.040113808591768274,0.5256041426927502,1,136.59915489988504,9997,2092,0.09523809523809523,0.00028909172287038497,1827,3476
"0, 0, 0, 1, 0, [-0.3600000000000001,2.3600000000000003], [-4.35,4.35], [-5.7,5.7], 0","HighBP, Smoker, Stroke, AnyHealthcare, NoDocbcCost, GenHlth, MentHlth, PhysHlth, DiffWalk",0,0.5399155369758603,0.8840262582056893,1,317.4836248879857,9990,2122,0.42857142857142855,0.0006638897992611605,808,914
"1, [19.675,64.2], 1, 1, 0, 1","CholCheck, BMI, Smoker, HeartDiseaseorAttack, HvyAlcoholConsump, AnyHealthcare",1,0.2825832877400596,0.776657060518732,2,219.56662007018684,9986,2124,0.2857142857142857,0.000918271229732101,539,694
"1, 1, 1, 1, [0.56,3.44], [0.8499999999999996,13.15]","HighBP, CholCheck, Veggies, AnyHealthcare, GenHlth, PhysHlth",1,0.0830251260222079,0.6079136690647482,1,197.73295801931908,9916,2134,0.2857142857142857,0.00041347925850688144,338,556
"0, 0, 1, [-0.3600000000000001,3.925022793232741], [-4.35,4.35], 0","HighBP, Stroke, AnyHealthcare, GenHlth, MentHlth, DiffWalk",0,0.2812094294778859,0.7759004001778568,1,238.79995553675107,9990,2135,0.2857142857142857,0.0004993544300144695,1745,2249
"0, 1, 0","HighChol, CholCheck, Stroke",0,0.11281237692807605,0.6463553530751709,1,190.04302287908234,9990,2140,0.14285714285714285,0.00043035614611426604,2270,3512
"0, 1, [5.099999999999998,62.900000000000006], 0, 0, 0, 0, 0, [0.74,3.26], [-5.7,5.7], [6.109999999999999,9.89]","HighBP, HighChol, BMI, Smoker, Stroke, HeartDiseaseorAttack, HvyAlcoholConsump, NoDocbcCost, GenHlth, PhysHlth, Income",0,0.2535525376,0.76,1,218.8785202201485,9909,2152,0.5238095238095238,0.0004576967297220536,190,250
"0, 1, 0, 0","HighChol, CholCheck, Stroke, HeartDiseaseorAttack",0,0.13483994556929982,0.6698286413708691,1,197.8835920438326,9990,2161,0.19047619047619047,0.000450850407395914,2189,3268
"0, 0, 0, [2.4,3.6], 0","Stroke, PhysActivity, HvyAlcoholConsump, GenHlth, DiffWalk",1,0.06168028667031589,0.5728346456692913,1,115.77450549210826,9844,2191,0.23809523809523808,0.00024209599231404168,291,508
"0, 0, [7.800000000000001,62.2], 0, 0, 0, 0, 0, [-4.6,8.6]","HighBP, HighChol, BMI, Smoker, Stroke, HeartDiseaseorAttack, HvyAlcoholConsump, NoDocbcCost, PhysHlth",0,0.44988628135299297,0.8523550724637681,1,316.20571114957113,9990,2208,0.42857142857142855,0.0006612175546829765,941,1104
"0, 0","HighBP, DiffWalk",0,0.24833649521108567,0.7568470273881096,3,233.71478455972343,9990,2221,0.09523809523809523,0.0014661624969835583,2266,2994
"0, 0, 0, 0, 1, 0, 0","HighBP, HighChol, HeartDiseaseorAttack, Fruits, Veggies, HvyAlcoholConsump, DiffWalk",0,0.29915153976385384,0.7855579868708972,1,265.82548930140194,9976,2221,0.3333333333333333,0.0005558675059007299,359,457
"1, 1, 1, [9.8,64.2], 1, 1, 1, 1, 0, 1, [4.705,7.295]","HighBP, HighChol, CholCheck, BMI, Smoker, HeartDiseaseorAttack, Fruits, Veggies, HvyAlcoholConsump, AnyHealthcare, Income",1,0.37124812368737375,0.8202247191011236,1,215.1749368060113,9831,2234,0.5238095238095238,0.000449952168879818,73,89
"0, 0, 1, 0, [-7.5,7.5], [-9.0,9.0]","Stroke, HeartDiseaseorAttack, Veggies, NoDocbcCost, MentHlth, PhysHlth",0,0.08424020345800431,0.6096827133479212,1,203.12607087782555,9990,2242,0.2857142857142857,0.0005064579576527783,2229,3656
"1, 1, 0, 1, [0.8499999999999996,13.15]","HighBP, PhysActivity, HvyAlcoholConsump, AnyHealthcare, PhysHlth",1,0.15181795492462594,0.6859060402684564,1,196.87106522877056,9916,2269,0.23809523809523808,0.0004116769550592508,511,745
"1, 1, 0, 1, 1, [5.5200000000000005,12.48]","HighBP, CholCheck, HvyAlcoholConsump, AnyHealthcare, DiffWalk, Age",1,0.3611660735868271,0.8157205240174672,1,213.56374831387097,9986,2296,0.2857142857142857,0.0004465830136832427,934,1145
"1, 1, 0, [-11.25,11.25], [7.699999999999999,17.259999999999998], [0.07499999999999973,3.9250000000000003]","Fruits, Veggies, HvyAlcoholConsump, MentHlth, Age, Income",1,0.13969511549072786,0.6745843230403801,1,225.47678076691696,9985,2305,0.2857142857142857,0.00047149434801311505,284,421
"1, 0, 1, 1, 0, [-9.15,9.15], [5.5200000000000005,12.48], [1.6749999999999998,4.325], [1.585,6.415]","CholCheck, Stroke, HeartDiseaseorAttack, Fruits, HvyAlcoholConsump, MentHlth, Age, Education, Income",1,0.16931127968462883,0.7010309278350515,1,187.94055786280103,9878,2343,0.42857142857142855,0.0003930023769779855,68,97
"0, 0","HighBP, Stroke",0,0.18817323146070655,0.7159976033553026,2,231.4725762646193,9990,2351,0.09523809523809523,0.0009680643040723773,2390,3338
"0, 1, [20.975,49.025], 0, 0, [4.04,5.96], 1","HighChol, CholCheck, BMI, AnyHealthcare, NoDocbcCost, GenHlth, DiffWalk",1,1.0,1.0,1,147.5,5330,2357,0.3333333333333333,0.0003084371530203189,2,2
"0, 0, 0, 1, [3.04,4.96], [-6.9,6.9], [1.5,4.5]","HighBP, Smoker, Stroke, PhysActivity, GenHlth, MentHlth, Education",0,0.08825375108068294,0.6153846153846154,1,164.16713793367893,9013,2365,0.3333333333333333,0.000343289794194969,16,26
"1, 1, 1, [9.8,64.2], 1, 1, 1, 1, 1, [-8.15,10.15], [4.705,7.295]","HighBP, HighChol, CholCheck, BMI, Smoker, HeartDiseaseorAttack, Fruits, Veggies, AnyHealthcare, MentHlth, Income",1,0.3120294238518407,0.7922077922077922,1,226.3884449789339,9831,2390,0.5238095238095238,0.0004734007284474541,61,77
"[1.4749999999999979,46.525000000000006], 0, 0, 1, [-7.5,7.5], [-9.0,9.0]","BMI, Stroke, HeartDiseaseorAttack, Veggies, MentHlth, PhysHlth",0,0.08605957846895078,0.6122937732836615,1,197.02426563235917,9990,2402,0.2857142857142857,0.00048652126868883666,2301,3758
"1, [30.025,69.975], 0","HighBP, BMI, Smoker",1,0.23220239573455467,0.7467467467467468,4,250.61018272704558,9985,2438,0.14285714285714285,0.0020962031533079822,746,999
"1, 1, 1, 1, 1, 0","HighBP, CholCheck, HeartDiseaseorAttack, Fruits, Veggies, HvyAlcoholConsump",1,0.2664960447737722,0.7676056338028169,1,280.04155977289093,9985,2441,0.2857142857142857,0.0005855947215167454,327,426
"1, [9.8,64.2], 1, 1, 0, [7.699999999999999,17.259999999999998], [4.705,7.295]","CholCheck, BMI, HeartDiseaseorAttack, Veggies, HvyAlcoholConsump, Age, Income",1,0.2719121347832772,0.7707006369426752,1,207.0271516536193,9945,2441,0.3333333333333333,0.0004329143407047332,242,314
"1, [4.45,7.55]","AnyHealthcare, Education",0,0.04860613314401674,0.5461830451286377,1,199.03254809254858,9990,2470,0.09523809523809523,0.0004460120114090537,2590,4742
"1, 0","HighBP, Smoker",1,0.11971526592483665,0.6540785498489426,1,180.73817693790502,9985,2491,0.09523809523809523,0.0004060344495770677,1299,1986
"0, 0, 0, 0, 0, 0, [-4.6,8.6]","HighBP, Smoker, Stroke, HeartDiseaseorAttack, Fruits, HvyAlcoholConsump, PhysHlth",0,0.2643984476623255,0.7663934426229508,1,260.7863470081517,9934,2500,0.3333333333333333,0.0005453301587644968,374,488
"1, 1, 0, [-11.25,11.25], [7.699999999999999,17.259999999999998], [0.07499999999999973,3.9250000000000003]","HighBP, Fruits, HvyAlcoholConsump, MentHlth, Age, Income",1,0.22806019522659582,0.7440633245382586,1,225.7073854156843,9985,2512,0.2857142857142857,0.00047197656524253234,282,379
"0, 0, 0, [0.74,3.26], 0, [1.88,8.120000000000001]","HighBP, HighChol, HeartDiseaseorAttack, GenHlth, DiffWalk, Age",0,0.5840528305190887,0.8980291345329906,1,279.3540346531075,9990,2520,0.2857142857142857,0.0005841570381908067,1048,1167
"0, 0, 0, 1, [0.74,3.26], 0, [1.88,8.120000000000001]","HighBP, HighChol, HeartDiseaseorAttack, AnyHealthcare, GenHlth, DiffWalk, Age",0,0.5965900514932733,0.9018518518518519,1,292.04659563087273,9990,2528,0.3333333333333333,0.0006106984441061877,974,1080
"[-9.475000000000001,47.475], 0","BMI, Stroke",0,0.038787840248538735,0.5220824802573852,1,151.46697313361605,9990,2556,0.09523809523809523,0.00033766998057838907,3570,6838
"1, [30.025,69.975], 0, [-4.75,14.75], 0, [3.625,6.375]","HighBP, BMI, Smoker, PhysHlth, DiffWalk, Education",1,0.1292486576810619,0.664179104477612,1,217.62286926331097,9985,2557,0.2857142857142857,0.0004550710388317878,356,536
"1, [30.025,69.975], 0, 1, [2.5,5.5]","CholCheck, BMI, HvyAlcoholConsump, NoDocbcCost, GenHlth",1,0.21243568576618077,0.7335766423357665,1,174.424908619118,9945,2581,0.23809523809523808,0.00036473981173091555,201,274
"0, 0, 1, [-7.5,7.5], [-9.0,9.0], 0, [6.285,9.715]","Stroke, HeartDiseaseorAttack, Veggies, MentHlth, PhysHlth, DiffWalk, Income",0,0.1669477259537896,0.6990626541687223,2,250.33853851455143,9990,2589,0.3333333333333333,0.0011602388299138753,1417,2027
"1, 0, 0, 0, 1","CholCheck, PhysActivity, Veggies, HvyAlcoholConsump, DiffWalk",1,0.2912255156151541,0.7813504823151125,1,196.3213225435134,9986,2597,0.23809523809523808,0.0004105273884915595,243,311
"1, 1, 0, 1, [4.705,7.295]","HighBP, CholCheck, HvyAlcoholConsump, AnyHealthcare, Income",1,0.1589242460241056,0.6922102596580114,1,175.19324527532768,9986,2608,0.23809523809523808,0.0003915406958847153,1093,1579
"0, 0, 0, 0, [0.74,3.26], [20.55,39.45], [-9.9,8.6], 0","HighBP, HighChol, HeartDiseaseorAttack, NoDocbcCost, GenHlth, MentHlth, PhysHlth, DiffWalk",0,0.6472278485082303,0.9166666666666666,1,148.6888296826601,9692,2615,0.38095238095238093,0.00031092311398808655,22,24
"0, 0, 0, 0, 0, [1.88,8.120000000000001]","HighBP, HighChol, HeartDiseaseorAttack, HvyAlcoholConsump, DiffWalk, Age",0,0.5175397192760928,0.8765743073047859,2,279.04346333514417,9990,2615,0.2857142857142857,0.001167015205424022,1044,1191
"1, 0, 0, [1.775,4.225]","CholCheck, HvyAlcoholConsump, NoDocbcCost, Education",1,0.08144851173456136,0.6055871212121212,1,172.39798912403757,9979,2619,0.19047619047619047,0.0003842342480095759,1279,2112
"0, 0, 1, [10.375,65.625], 0, 1, 0, [1.88,8.120000000000001]","HighBP, HighChol, CholCheck, BMI, HeartDiseaseorAttack, AnyHealthcare, DiffWalk, Age",0,0.530193348705282,0.8808193668528864,1,282.5239853608085,9990,2651,0.38095238095238093,0.0005907857200314714,946,1074
"1, 0, 1, [-6.9,6.9], [9.1,16.9], [5.0,7.0]","Stroke, HvyAlcoholConsump, AnyHealthcare, MentHlth, Age, Education",1,0.2149341667858102,0.7352941176470589,1,194.13290794496876,9942,2652,0.2857142857142857,0.00040595119616340213,50,68
"1, 0, 0, 0, 1, [7.96,12.04]","CholCheck, PhysActivity, Veggies, HvyAlcoholConsump, DiffWalk, Age",1,0.3184760948686285,0.7954545454545454,1,236.73219550122457,9942,2662,0.2857142857142857,0.0004950305383637102,175,220
"0, [30.025,69.975], 0, 0, 1, [-6.050000000000001,8.05], 0, [1.7599999999999998,6.24]","HighChol, BMI, Stroke, HvyAlcoholConsump, AnyHealthcare, PhysHlth, Sex, Income",1,0.07983902704799936,0.6031746031746031,1,203.84645360883934,9905,2663,0.38095238095238093,0.00042626318511456893,152,252
"0, 0, 1, 0, [-0.41999999999999993,2.5], [4.3,7.7]","HighBP, HighChol, PhysActivity, Fruits, GenHlth, Education",0,0.620921323059155,0.9090909090909091,1,343.71933237238454,9934,2686,0.2857142857142857,0.0007187512699320883,220,242
"1, 1, 1, 0, 1, [7.699999999999999,17.259999999999998]","HighBP, HighChol, CholCheck, HvyAlcoholConsump, DiffWalk, Age",1,0.3706361571498602,0.819954128440367,1,281.3989423950184,9965,2692,0.2857142857142857,0.0005884331434254116,715,872
"1, 1, [-11.25,11.25], [7.699999999999999,17.259999999999998]","HighBP, CholCheck, MentHlth, Age",1,0.15359020233154297,0.6875,1,179.36894041740402,9985,2697,0.19047619047619047,0.0003946138150579513,1969,2864
"1, 1, [9.8,64.2], 1, 1, [19.95,40.05]","HighBP, CholCheck, BMI, PhysActivity, AnyHealthcare, PhysHlth",1,0.24369034742382897,0.7539936102236422,1,230.19081454237994,9965,2700,0.2857142857142857,0.0004813518609415586,236,313
"0, 0, 0, [5.35,6.65]","Smoker, Stroke, NoDocbcCost, Education",0,0.14737904793772819,0.6818473380372033,1,280.2121165546252,9990,2702,0.19047619047619047,0.0005859513726908907,1063,1559
"1, 1, [1.8650000000000002,6.135]","HighBP, AnyHealthcare, Income",1,0.19611571120422688,0.7219422812643151,1,160.11362696224734,9986,2714,0.14285714285714285,0.0003521244709599732,1576,2183
"0, 0, 0, 1, 0, [-9.0,9.0], 0","HighChol, Smoker, Stroke, PhysActivity, HvyAlcoholConsump, PhysHlth, Sex",0,0.2953369521229207,0.7835443037974683,1,304.78467973158996,9990,2725,0.3333333333333333,0.0006373350433940427,619,790
"0, 0, 0, 0, 1, 0, 0, 0, [-4.6,8.6], 0, [3.45,7.7]","HighBP, HighChol, Stroke, HeartDiseaseorAttack, PhysActivity, Fruits, Veggies, HvyAlcoholConsump, PhysHlth, DiffWalk, Education",0,0.3540925979614258,0.8125,1,227.76052344302067,9787,2730,0.5238095238095238,0.000476269880821579,91,112
"0, 0, 0, 0, [-0.41999999999999993,2.5], [4.3,6.55]","HighBP, HighChol, Smoker, Fruits, GenHlth, Education",0,0.6903615309097401,0.9285714285714286,1,341.6340703077084,9934,2730,0.2857142857142857,0.0007143907797996816,169,182
"1, 1, [9.8,64.2], 1, 1, 1, [4.705,7.295]","HighBP, CholCheck, BMI, HeartDiseaseorAttack, Fruits, Veggies, Income",1,0.2278137396050989,0.7439024390243902,1,232.89179872364923,9831,2750,0.3333333333333333,0.00048699988718714244,122,164
"1, 1, 0, [4.3,7.7]","HighBP, HeartDiseaseorAttack, HvyAlcoholConsump, Education",1,0.26447861018513086,0.7664399092970522,1,213.27093354049296,9986,2756,0.19047619047619047,0.0004459707089031545,338,441
"1, 0, [-11.25,11.25], [7.699999999999999,11.798378154258979]","CholCheck, HvyAlcoholConsump, MentHlth, Age",1,0.06904447296402899,0.5859030837004405,1,204.02263150738204,9997,2774,0.19047619047619047,0.000459055461593843,1862,3178
"0, 0, 1, [0.74,3.26], 0, [1.88,8.120000000000001], [2.175,3.825]","HighBP, HighChol, AnyHealthcare, GenHlth, DiffWalk, Age, Education",0,1.0,1.0,1,220.50040832,9203,2776,0.3333333333333333,0.0004610882588612789,13,13
"1, 1, 1, 0, 1, [2.6799999999999997,5.32], [-11.25,11.25], 1, [7.699999999999999,12.620000000000001]","HighBP, CholCheck, Veggies, HvyAlcoholConsump, AnyHealthcare, GenHlth, MentHlth, DiffWalk, Age",1,0.43114627723222115,0.8451327433628318,1,258.16426976742844,9965,2793,0.42857142857142855,0.0005398471347704082,382,452
"1, 1, 1, 0, 1, [2.6799999999999997,5.32], [-11.25,11.25], 1, [9.379999999999999,17.259999999999998]","HighBP, CholCheck, Smoker, HvyAlcoholConsump, AnyHealthcare, GenHlth, MentHlth, DiffWalk, Age",1,0.29614411510875827,0.7839721254355401,1,257.66272679192355,9965,2793,0.42857142857142855,0.0005387983585840891,225,287
"1, 1, [30.025,69.975], 0, 1, 0, 1, [6.54,11.46]","HighBP, CholCheck, BMI, Smoker, Veggies, HvyAlcoholConsump, AnyHealthcare, Age",1,0.2643984476623255,0.7663934426229508,1,256.78036697924506,9985,2803,0.38095238095238093,0.0005369532565599394,374,488
"1, 1, [-6.397813649692509,49.55], 1, 1","HighBP, HighChol, BMI, HeartDiseaseorAttack, NoDocbcCost",1,0.24710935412080362,0.7560975609756098,1,169.67086873826673,9945,2813,0.23809523809523808,0.0003547986420617981,62,82
"1, 0, 1, 0, 1, 0, [4.55,9.45]","HighBP, HighChol, CholCheck, Stroke, PhysActivity, Fruits, Income",0,0.0470123123009606,0.5425531914893617,1,196.12255619765023,9893,2816,0.3333333333333333,0.00041011174831641177,102,188
"1, [6.850000000000001,39.15], 0, 0, 1, 1, [-8.4,8.4], 0, [5.025,6.975], [4.88,7.12]","CholCheck, BMI, Smoker, Stroke, Fruits, Veggies, MentHlth, DiffWalk, Education, Income",0,0.11668682193900044,0.6507352941176471,2,276.3321676645769,9870,2821,0.47619047619047616,0.0011556760282358716,177,272
"1, 0, 0, [24.15,35.85], 1, [5.9,10.1]","CholCheck, PhysActivity, Veggies, PhysHlth, DiffWalk, Age",1,0.34765472254481466,0.8095238095238095,1,194.56585192543673,9986,2841,0.2857142857142857,0.00040685652503630266,68,84
"[30.025,69.975], 1, 0, 0","BMI, Veggies, HvyAlcoholConsump, Sex",1,0.12335899707312724,0.658012533572068,1,227.2346029784793,9985,2844,0.19047619047619047,0.00047517012888396363,735,1117
"0, 0, 1, 0, 0, 0, [1.88,8.120000000000001], [3.9,6.1]","HighBP, HighChol, CholCheck, HeartDiseaseorAttack, HvyAlcoholConsump, DiffWalk, Age, Education",0,0.506635322024215,0.872848948374761,1,279.5448800662402,9990,2846,0.38095238095238093,0.0005845561149087296,913,1046
"1, [30.025,69.975], 1, 0, 1, [2.6799999999999997,5.32], [-11.25,11.25], 0","CholCheck, BMI, Veggies, HvyAlcoholConsump, AnyHealthcare, GenHlth, MentHlth, Sex",1,0.21363054132644027,0.7344,1,260.65078541984644,9887,2851,0.38095238095238093,0.000545046686016322,459,625
"1, 1, 0, 1, [7.699999999999999,12.620000000000001]","HighBP, Veggies, HvyAlcoholConsump, DiffWalk, Age",1,0.35689711911514305,0.8137829912023461,1,223.87720713143727,9965,2851,0.23809523809523808,0.0004681494806356661,555,682
"0, 0, 0, 1, [5.26,8.74], [5.795,10.205]","Smoker, Stroke, Veggies, AnyHealthcare, Age, Income",0,0.07071407662557172,0.5887096774193549,1,180.0867350169577,9859,2852,0.2857142857142857,0.00037657925318884753,73,124
"0, 0, 1, 0, 0, 0, 0, [1.88,8.120000000000001], [3.9,6.1]","HighBP, HighChol, CholCheck, Stroke, HeartDiseaseorAttack, HvyAlcoholConsump, DiffWalk, Age, Education",0,0.5065872100314012,0.8728323699421965,1,279.5448800662402,9990,2853,0.42857142857142855,0.0005845561149087296,906,1038
"0, 0, 1, [-0.3600000000000001,2.5], [-4.35,4.35], 0","Smoker, Stroke, PhysActivity, GenHlth, MentHlth, Sex",0,0.3265485093684635,0.7994467496542186,1,310.06832110986085,9990,2869,0.2857142857142857,0.000648383662406207,578,723
"1, 1, [30.025,69.975], 0, 0, 1, 0, 1, [6.54,11.46]","HighBP, CholCheck, BMI, Smoker, Stroke, Veggies, HvyAlcoholConsump, AnyHealthcare, Age",1,0.245267226581043,0.7549668874172185,1,256.7803947830415,9985,2872,0.42857142857142855,0.0005369533147004398,342,453
"1, 1, 1, 0, 1, [-6.9,4.074751732240195]","Stroke, PhysActivity, Fruits, HvyAlcoholConsump, AnyHealthcare, MentHlth",1,0.21871664623665604,0.7378640776699029,1,179.0801117755217,9764,2890,0.2857142857142857,0.0003744743039905247,76,103
"0, 1, 0, 1, 0, 1, [-0.41999999999999993,2.5], 0, [4.3,7.480188652418021]","HighBP, HighChol, Smoker, PhysActivity, HvyAlcoholConsump, AnyHealthcare, GenHlth, Sex, Education",0,0.22001605231126187,0.7387387387387387,1,216.00737228001242,9909,2896,0.42857142857142855,0.0004516928741521843,82,111
"0, 0, 1, 1, 0, [4.3,7.480188652418021]","HighBP, Smoker, PhysActivity, Veggies, Sex, Education",0,0.395558868227,0.8306962025316456,1,304.7249240284407,9990,2896,0.2857142857142857,0.000637210088282476,525,632
"0, 0, 0, 1, [-3.5999999999999996,9.6], 0, [4.3,7.7]","HighBP, HighChol, Smoker, PhysActivity, PhysHlth, DiffWalk, Education",0,0.5440483353307144,0.8853754940711462,1,320.94944457383366,9990,2897,0.3333333333333333,0.0006711371725274976,672,759
"1, 1, [30.025,49.55], 1, 0, 0, 1, 0, 1, 0, [6.54,11.46], [4.3,7.7]","HighBP, HighChol, BMI, HeartDiseaseorAttack, PhysActivity, Fruits, Veggies, HvyAlcoholConsump, AnyHealthcare, Sex, Age, Education",1,1.0,1.0,1,310.3333333333333,9863,2918,0.5714285714285714,0.0006489378292924675,3,3
"0, 0, 1, [-0.41999999999999993,2.5], 0, 0","HighBP, Smoker, PhysActivity, GenHlth, DiffWalk, Sex",0,0.5992508260830514,0.9026548672566371,2,315.1247610140018,9990,2927,0.2857142857142857,0.0013179143611304015,510,565
"0, 0, 0, 0, 1, 1","HighBP, HighChol, Smoker, Stroke, PhysActivity, Fruits",0,0.4706521669294636,0.8600823045267489,1,316.52444310389046,9990,2933,0.2857142857142857,0.0006618840548630908,627,729
"0, [30.025,69.975], 0, 0, 1, [2.5,5.5], [-6.050000000000001,8.05]","HighChol, BMI, Stroke, HvyAlcoholConsump, AnyHealthcare, GenHlth, PhysHlth",1,0.0874685803534242,0.6142857142857143,1,220.89023985729142,9928,2952,0.3333333333333333,0.0004619034353325989,301,490
"[30.025,69.975], 0, [1.7599999999999998,6.24]","BMI, HvyAlcoholConsump, Income",1,0.22692218390198352,0.7433192686357243,2,218.17097853282016,9997,2952,0.14285714285714285,0.000912434379529765,1057,1422
"[33.275,64.725], 0, 1, 0, [4.04,5.96], 1","BMI, Stroke, Fruits, HvyAlcoholConsump, GenHlth, DiffWalk",1,0.5324833739703814,0.881578947368421,1,290.48409125007663,9965,2953,0.2857142857142857,0.000607431092222835,67,76
"1, [30.025,69.975], 0","CholCheck, BMI, NoDocbcCost",1,0.14343785930894207,0.6781609195402298,1,205.86515088505263,9997,2981,0.14285714285714285,0.00043048448166158656,1593,2349
"0, 0, 1, 0, [1.4886774099159599,3.26], 0, [1.88,8.120000000000001], [2.175,3.825]","HighBP, HighChol, AnyHealthcare, NoDocbcCost, GenHlth, DiffWalk, Age, Education",0,1.0,1.0,1,192.95999999999998,9203,2988,0.38095238095238093,0.00040349852913085243,6,6
"0, 0, 0, 1, [0.74,3.26], 0, [1.88,8.120000000000001], [2.175,3.825]","HighBP, HighChol, Smoker, AnyHealthcare, GenHlth, DiffWalk, Age, Education",0,1.0,1.0,1,309.6,8592,2988,0.38095238095238093,0.0006474043564412932,5,5
"0, 0, 0, 1, [-6.050000000000001,8.05], 1, [1.7599999999999998,6.24]","Stroke, HvyAlcoholConsump, AnyHealthcare, NoDocbcCost, PhysHlth, DiffWalk, Income",1,0.20346349914002398,0.7272727272727273,1,144.45676799999998,9945,3011,0.3333333333333333,0.00030207345258601156,8,11
"0, 0, 1, 0, 0, 1, [-0.3600000000000001,2.5], [4.3,7.7]","HighBP, Smoker, PhysActivity, Fruits, HvyAlcoholConsump, AnyHealthcare, GenHlth, Education",0,0.46703734406249287,0.8587570621468926,1,294.2666190966159,9934,3024,0.38095238095238093,0.0006153407337157615,152,177
"0, 1, 0, [-20.828696807332832,11.25], [21.3,38.7], 1, 0, [7.699999999999999,17.259999999999998], [3.55,6.45]","HighChol, Smoker, HvyAlcoholConsump, MentHlth, PhysHlth, DiffWalk, Sex, Age, Education",1,0.01183710753970294,0.4117647058823529,1,150.54057159065601,9475,3039,0.42857142857142855,0.00031479529027439625,7,17
"1, 0, 1, [1.54,4.46], [-11.25,6.9], 1, 0, [0.07499999999999973,6.24]","CholCheck, HvyAlcoholConsump, AnyHealthcare, GenHlth, MentHlth, DiffWalk, Sex, Income",1,0.1875930694918186,0.7155555555555555,1,207.92050772256613,9896,3039,0.38095238095238093,0.0004347824369931358,322,450
"1, 0, 1, 1, 1, 1, 0, [-6.9,6.9], [9.1,16.9]","HighBP, HighChol, CholCheck, Stroke, PhysActivity, AnyHealthcare, NoDocbcCost, MentHlth, Age",1,0.3666478320532007,0.8181818181818182,2,175.2153386923207,9484,3054,0.42857142857142855,0.0007327853590745806,18,22
"0, 0, 0, 0, 1, 0, 0, [1.88,8.120000000000001]","HighBP, HighChol, Stroke, HeartDiseaseorAttack, PhysActivity, HvyAlcoholConsump, DiffWalk, Age",0,0.5583376015783064,0.8899782135076253,1,319.820523184423,9990,3073,0.38095238095238093,0.0006687764857523547,817,918
"0, 0","Stroke, DiffWalk",0,0.07009929619544358,0.5876824635072986,1,166.82039873605675,9990,3078,0.09523809523809523,0.0003878348839886229,2939,5001
"0, 0, 1, 0, 1, 0, [0.74,3.26], [-0.5,8.5], 0","Stroke, HeartDiseaseorAttack, PhysActivity, HvyAlcoholConsump, AnyHealthcare, NoDocbcCost, GenHlth, PhysHlth, DiffWalk",0,0.13588806527264918,0.6708667430316915,1,225.22057720294947,9990,3084,0.42857142857142855,0.0005144642244770646,1757,2619
"1, [19.675,64.2], 0, [-9.15,9.15], [8.74,17.259999999999998], [1.775,4.225], [4.88,7.12]","CholCheck, BMI, HvyAlcoholConsump, PhysHlth, Age, Education, Income",1,0.09465253657836611,0.6240601503759399,1,161.25707614888236,9979,3094,0.3333333333333333,0.0003372045659101156,249,399
"0, 0, 0, 1, 0, [1.1600000000000001,2.84], [-11.827915292174136,6.55], 0, [1.88,8.120000000000001]","HighBP, HighChol, Smoker, PhysActivity, Fruits, GenHlth, MentHlth, DiffWalk, Age",0,0.8487852119680392,0.967741935483871,1,396.2814954247967,9934,3097,0.42857142857142855,0.0008286639745319242,60,62
"0, 0, 0, 0, 0, 1, 0, 0, [-9.0,9.0], [4.3,7.7]","HighBP, HighChol, Smoker, Stroke, HeartDiseaseorAttack, Veggies, HvyAlcoholConsump, NoDocbcCost, PhysHlth, Education",0,0.48894551440329226,0.8666666666666667,1,318.7037584879449,9990,3097,0.47619047619047616,0.0006664412198298104,572,660
"1, 0, 0, [-11.25,11.25], [7.699999999999999,16.9], [2.1799999999999997,5.82]","CholCheck, Stroke, NoDocbcCost, MentHlth, Age, Income",1,0.11543974182300515,0.6493383742911153,1,190.49974149998218,9985,3109,0.2857142857142857,0.00039835388419905897,687,1058
"1, 0, [4.04,5.96], [-11.25,11.25], 1, 1, [0.07499999999999973,3.9250000000000003]","CholCheck, HvyAlcoholConsump, GenHlth, MentHlth, DiffWalk, Sex, Income",1,0.5277319168,0.88,2,295.54918444046973,9965,3127,0.3333333333333333,0.0012360454105260423,22,25
"0, [-9.9,8.6], 0, [4.45,7.55]","HighChol, PhysHlth, DiffWalk, Education",0,0.2517373276155296,0.7589086859688196,3,237.1609309848051,9990,3134,0.19047619047619047,0.0014877812005546095,1363,1796
"0, 0, 0, 0, 0, 0, [5.7,6.817947210911667], 1","HighBP, HighChol, Smoker, Stroke, HeartDiseaseorAttack, NoDocbcCost, PhysHlth, DiffWalk",0,1.0,1.0,2,127.0,8843,3146,0.38095238095238093,0.0005311392329977018,1,1
"0, 0, 1, 0, 0, [-11.827915292174136,6.55], 0, [1.88,8.120000000000001]","HighBP, HighChol, CholCheck, Smoker, HeartDiseaseorAttack, MentHlth, DiffWalk, Age",0,0.5510981014484175,0.8876582278481012,1,302.16097682541067,9990,3149,0.38095238095238093,0.000631848619971988,561,632
"1, 1, [30.025,69.975], [-11.25,11.25], [7.699999999999999,17.259999999999998], [0.07499999999999973,3.9250000000000003]","HighBP, CholCheck, BMI, MentHlth, Age, Income",1,0.506468674053721,0.872791519434629,1,282.3357516462368,9985,3154,0.2857142857142857,0.0005903921046346922,247,283
"0, 1, 0, 1, [-0.41999999999999993,2.5], 0, 0, [4.3,7.480188652418021], [2.145,5.855]","HighBP, PhysActivity, HvyAlcoholConsump, AnyHealthcare, GenHlth, DiffWalk, Sex, Education, Income",0,0.22397642588184608,0.7413793103448276,1,258.3580422150778,9877,3156,0.42857142857142855,0.0005402523322082845,43,58
"1, [6.850000000000001,39.15], 0, 0, 1, 1, 0, 0, [5.025,6.975], [4.88,7.12]","CholCheck, BMI, Smoker, Stroke, Fruits, Veggies, NoDocbcCost, DiffWalk, Education, Income",0,0.12071966324265888,0.6551724137931034,1,283.38526301462673,9870,3162,0.47619047619047616,0.0005925867371670898,171,261
"0, 1, [20.975,49.025], 0, 0, 0, [4.04,5.96], 1","HighChol, CholCheck, BMI, Stroke, AnyHealthcare, NoDocbcCost, GenHlth, DiffWalk",1,1.0,1.0,1,198.0,5330,3167,0.38095238095238093,0.00041403766981710604,1,1
"0, [20.975,49.025], 0, 0, [4.04,5.96], 1","HighChol, BMI, AnyHealthcare, NoDocbcCost, GenHlth, DiffWalk",1,1.0,1.0,1,198.0,5330,3167,0.2857142857142857,0.00041403766981710604,1,1
"1, 0","PhysActivity, DiffWalk",0,0.08522183581465512,0.6110970357233342,1,201.80633404978448,9990,3168,0.09523809523809523,0.0004532623388983552,2412,3947
"0, 0, 0, 0, 0, 1, 0, [1.88,8.120000000000001]","HighBP, HighChol, HeartDiseaseorAttack, HvyAlcoholConsump, AnyHealthcare, NoDocbcCost, DiffWalk, Age",0,0.11177418429208745,0.6451612903225806,1,124.24182608091351,9952,3168,0.38095238095238093,0.0002598020008301191,20,31
"0, 0, 0, 0, 0, 1, 0, [0.74,3.26]","HighBP, HighChol, Smoker, Stroke, HeartDiseaseorAttack, PhysActivity, HvyAlcoholConsump, GenHlth",0,0.5219071182905436,0.8780487804878049,1,316.9492541520637,9990,3186,0.38095238095238093,0.000662772376966617,756,861
"1, 1, [9.8,64.2], 1, 0, 1, [3.02,4.98], [5.5200000000000005,12.48]","HighBP, CholCheck, BMI, HeartDiseaseorAttack, HvyAlcoholConsump, AnyHealthcare, GenHlth, Age",1,0.4518041845995422,0.8530805687203792,1,219.20439227103375,9986,3187,0.38095238095238093,0.0004583781605534024,180,211
"1, [4.04,5.96], [-6.3,6.3], 1, [5.125,6.875]","CholCheck, GenHlth, MentHlth, DiffWalk, Education",1,0.47347381451739246,0.8611111111111112,2,223.61838113334912,9965,3195,0.23809523809523808,0.0009352164995224786,31,36
"1, [4.04,5.96], [-6.3,6.3]","CholCheck, GenHlth, MentHlth",1,0.30708788133629406,0.7896825396825397,1,245.29595349904957,9965,3195,0.14285714285714285,0.0005129382070823823,199,252
"1, 1, [30.025,69.975], 1, 0, 1, [-11.25,11.25], 1, [7.699999999999999,12.620000000000001]","HighBP, CholCheck, BMI, Veggies, HvyAlcoholConsump, AnyHealthcare, MentHlth, DiffWalk, Age",1,0.43009576050385795,0.84472049689441,1,299.4467864838182,9965,3196,0.42857142857142855,0.0006261729783332352,272,322
"1, [-5.875,57.875], 1, 1, 0, 1, 0","CholCheck, BMI, HeartDiseaseorAttack, Fruits, HvyAlcoholConsump, AnyHealthcare, DiffWalk",1,0.13625928306278232,0.6712328767123288,1,188.3738577686359,9985,3215,0.3333333333333333,0.00039390845012618675,196,292
"0, 0, 0, 1, 0, [0.74,3.26], [-8.15,10.15], [1.88,8.120000000000001]","HighBP, HighChol, HeartDiseaseorAttack, AnyHealthcare, NoDocbcCost, GenHlth, MentHlth, Age",0,0.5340322416708344,0.882091212458287,1,304.78834309413963,9990,3239,0.38095238095238093,0.0006373427038490618,793,899
"0, 0, 1, 0, [0.74,3.26], 0, [1.88,8.120000000000001]","HighBP, HighChol, CholCheck, HeartDiseaseorAttack, GenHlth, DiffWalk, Age",0,0.5588570101692587,0.8901437371663244,1,279.3491408618927,9990,3239,0.3333333333333333,0.0005841468047872151,867,974
"1, 1, 0, [2.5,5.32], [-11.25,11.25]","CholCheck, Veggies, HvyAlcoholConsump, GenHlth, MentHlth",1,0.1265899490717104,0.6614238410596026,1,211.1858673245048,9965,3253,0.23809523809523808,0.0004416106283098106,1598,2416
"1, 0, [7.699999999999999,17.259999999999998]","HighBP, HvyAlcoholConsump, Age",1,0.17380877384272195,0.7047163362952836,1,171.44793788550163,9985,3280,0.14285714285714285,0.0003739093110748436,2062,2926
"0, 0, 1, 0, 0, 0, [1.88,14.49887604631877], [5.795,10.205]","Smoker, Stroke, AnyHealthcare, NoDocbcCost, DiffWalk, Sex, Age, Income",0,0.20106795876263167,0.7255520504731862,1,305.54128488943957,9990,3286,0.38095238095238093,0.0006389171799421622,690,951
"1, 1, 1, 1, 0, 1, [4.125,5.875], [1.7599999999999998,6.24]","HighBP, HighChol, CholCheck, HeartDiseaseorAttack, HvyAlcoholConsump, AnyHealthcare, Education, Income",1,0.4303684562600565,0.8448275862068966,1,268.1670638305887,9985,3317,0.38095238095238093,0.000560763970859152,98,116
"0, 0, 1, 0, 0, 1, 0, 0, [-4.6,8.6], [6.775,9.225]","HighBP, HighChol, CholCheck, Smoker, Stroke, PhysActivity, Fruits, Veggies, PhysHlth, Income",0,0.4939144320360374,0.868421052631579,1,325.3178316672578,9666,3320,0.47619047619047616,0.0006802719039063887,33,38
"1, [19.675,64.2], 1, 1, 1, 1, 0, 1, [2.2,5.8]","CholCheck, BMI, Smoker, Stroke, HeartDiseaseorAttack, Fruits, HvyAlcoholConsump, AnyHealthcare, Education",1,0.3787874412704941,0.8235294117647058,1,187.82557444981097,9901,3323,0.42857142857142855,0.0003927619352386824,28,34
"1, [30.025,69.975], 0, 0, [4.0,6.0]","HighBP, BMI, PhysActivity, HvyAlcoholConsump, Education",1,0.3584273630006213,0.8144796380090498,1,228.0877615542437,9961,3334,0.23809523809523808,0.0004769541682208019,180,221
"0, 0, 1, 0, 0, 0, [0.74,3.26], [-11.827915292174136,6.55], 0","HighBP, HighChol, CholCheck, Stroke, HeartDiseaseorAttack, HvyAlcoholConsump, GenHlth, MentHlth, DiffWalk",0,0.3907941621407932,0.8286852589641435,1,266.7499999151769,9990,3354,0.42857142857142855,0.0005578007494373388,1040,1255
"1, 1, 0, [-11.25,11.25], 1","CholCheck, Veggies, HvyAlcoholConsump, MentHlth, DiffWalk",1,0.19556078448902375,0.7215332581736189,1,183.0944058776367,9965,3356,0.23809523809523808,0.0003828685917481017,640,887
"0, 0, 0, 0, 1, [-0.2454239506942575,3.26], 0, [1.88,8.120000000000001]","HighBP, HighChol, Stroke, HeartDiseaseorAttack, Veggies, GenHlth, DiffWalk, Age",0,0.5874864965681292,0.8990825688073395,1,279.75725671015056,9990,3378,0.38095238095238093,0.0005850002155691753,784,872
"0, 1, [5.025,6.975], [5.795,10.205]","Smoker, AnyHealthcare, Education, Income",0,0.1687332588437938,0.7005516154452325,1,282.0084119047727,9990,3386,0.19047619047619047,0.000589707604716539,889,1269
"1, [-5.875,64.2], 1, 1, 0, 1, 0","CholCheck, BMI, Smoker, HeartDiseaseorAttack, HvyAlcoholConsump, AnyHealthcare, DiffWalk",1,0.1779635072520182,0.7080536912751678,1,168.92333839615307,9881,3400,0.3333333333333333,0.0003532354818548975,211,298
"1, 1, 1, 1, 1, 0, 0, 1, [-7.25,15.25], [4.0,5.8]","HighBP, CholCheck, Smoker, Stroke, HeartDiseaseorAttack, PhysActivity, HvyAlcoholConsump, AnyHealthcare, PhysHlth, Education",1,0.13168724279835387,0.6666666666666666,1,269.6666666666667,9901,3409,0.47619047619047616,0.0005638997893637018,2,3
"0, 0, [5.795,10.205]","Smoker, Stroke, Income",0,0.1137187956935439,0.6473906911142454,1,288.2540885810095,9990,3416,0.14285714285714285,0.0006027679351077518,1377,2127
"0, 0, 0, 0, 1, 0, [1.88,8.120000000000001]","HighBP, HighChol, HeartDiseaseorAttack, HvyAlcoholConsump, NoDocbcCost, DiffWalk, Age",0,0.31635575557598217,0.794392523364486,1,173.0508739116611,9952,3417,0.3333333333333333,0.00036186656865756566,85,107
"0, 0, 0, 1","HighChol, Stroke, HeartDiseaseorAttack, Veggies",0,0.16926301107132063,0.7009909521757863,1,223.13525163959355,9990,3420,0.19047619047619047,0.0005168550683684117,1627,2321
"0, 0, [5.26,8.120000000000001]","Smoker, Stroke, Age",0,0.08887145753938853,0.616243654822335,1,261.5830876263273,9990,3422,0.14285714285714285,0.0005469962225473153,607,985
"1, 1, [9.8,57.875], 1, 1, 0, 1, 0, [5.5200000000000005,12.48]","HighBP, CholCheck, BMI, HeartDiseaseorAttack, Fruits, HvyAlcoholConsump, AnyHealthcare, DiffWalk, Age",1,0.23020027395048778,0.7454545454545455,1,205.22463720636085,9985,3424,0.42857142857142855,0.0004291451039292051,123,165
"1, 1, 0, 1, [7.699999999999999,17.259999999999998]","CholCheck, HeartDiseaseorAttack, HvyAlcoholConsump, DiffWalk, Age",1,0.3891379289472278,0.8279816513761468,1,255.03110688823668,9965,3426,0.23809523809523808,0.0005332953799337516,361,436
"1, 1, 0, [4.04,5.96]","CholCheck, Fruits, HvyAlcoholConsump, GenHlth",1,0.3147695518352758,0.7935943060498221,1,241.7644493551573,9965,3426,0.19047619047619047,0.0005055534810890156,223,281
"[6.850000000000001,39.15], 0, 0, [-8.4,8.4], [5.025,6.975], [5.795,7.12]","BMI, Smoker, NoDocbcCost, MentHlth, Education, Income",0,0.0905313433510456,0.6185286103542235,1,232.41396075725396,9930,3446,0.2857142857142857,0.00048600068052978665,227,367
"1, 1, 0, 0, 1, [-11.25,11.25], 1, [7.699999999999999,17.259999999999998]","HighBP, Smoker, HeartDiseaseorAttack, HvyAlcoholConsump, AnyHealthcare, MentHlth, DiffWalk, Age",1,0.2929765430445088,0.7822878228782287,1,204.02169720752408,9942,3453,0.38095238095238093,0.0004266296368885578,212,271
"1, 1, 0, 0, 1, 1","HighBP, HighChol, HeartDiseaseorAttack, HvyAlcoholConsump, NoDocbcCost, DiffWalk",1,0.3079461476574386,0.7901234567901234,1,186.23615049475333,9904,3466,0.2857142857142857,0.0003894382918512907,64,81
"1, 1, 0, 0, 1, [2.6799999999999997,5.32], [-11.25,11.25], [7.699999999999999,12.620000000000001]","HighBP, HighChol, HeartDiseaseorAttack, HvyAlcoholConsump, NoDocbcCost, GenHlth, MentHlth, Age",1,0.26487008230452685,0.7666666666666667,1,184.21929276311795,9776,3476,0.38095238095238093,0.0003852208419747304,46,60
"0, 1, 1, 0, 1, 0, [-7.5,14.667906713647561], 0","HeartDiseaseorAttack, PhysActivity, Veggies, HvyAlcoholConsump, AnyHealthcare, NoDocbcCost, MentHlth, DiffWalk",0,0.10891201640967242,0.6418228279386712,2,256.84228009278513,9990,3492,0.38095238095238093,0.0011942387542591343,1507,2348
"1, 1, 1, 1, 0, 1, [21.75,38.25], [-0.645,2.645]","HighBP, HighChol, CholCheck, HeartDiseaseorAttack, HvyAlcoholConsump, AnyHealthcare, PhysHlth, Income",1,0.3787874412704941,0.8235294117647058,1,227.70607353379376,9863,3524,0.38095238095238093,0.00047615602065219484,42,51
"1, 0, 1, 0, 0, [-5.7,5.7], 0, [5.445,10.555]","HighBP, HighChol, CholCheck, Smoker, Fruits, PhysHlth, DiffWalk, Income",0,0.06808738973366184,0.5842696629213483,1,207.04310606604113,9893,3526,0.38095238095238093,0.0004329477029660586,52,89
"1, [30.025,69.975], 0, 1, 1","CholCheck, BMI, HvyAlcoholConsump, AnyHealthcare, DiffWalk",1,0.3838777420302847,0.8257309941520468,3,255.07301742468508,9986,3533,0.23809523809523808,0.0016001490570868894,706,855
"1, 1, 1, 0, 1, [5.5200000000000005,12.48]","HighBP, CholCheck, HeartDiseaseorAttack, HvyAlcoholConsump, AnyHealthcare, Age",1,0.3473004428203191,0.8093587521663779,1,237.98143869066547,9986,3540,0.2857142857142857,0.000497642829975786,467,577
"0, 0, 0, 0, 1, [-1.75,5.75], 0","HighBP, HighChol, HeartDiseaseorAttack, HvyAlcoholConsump, NoDocbcCost, PhysHlth, DiffWalk",0,0.4057944777934036,0.8349514563106796,1,201.28956436914618,9586,3551,0.3333333333333333,0.00042091647570657403,86,103
"1, 0, 0, [9.4,16.6]","Smoker, Veggies, HvyAlcoholConsump, Age",1,0.12780293780748123,0.6626865671641791,1,174.89952493864374,9961,3555,0.19047619047619047,0.0003657322816046206,222,335
"[-5.024999999999999,57.025], 0, 0, [-0.3600000000000001,2.3600000000000003], [-4.35,4.35], [-5.7,5.7], 0","BMI, Smoker, Stroke, GenHlth, MentHlth, PhysHlth, DiffWalk",0,0.311580976924197,0.7919799498746867,2,251.33957355709745,9990,3584,0.3333333333333333,0.0011811552342809502,948,1197
"1, 0, 1, 1, [1.48,2.52], [-20.828696807332832,6.9], 1","CholCheck, Stroke, Fruits, AnyHealthcare, GenHlth, MentHlth, DiffWalk",1,0.037022548078608386,0.5172413793103449,1,137.11425122298232,9705,3591,0.3333333333333333,0.0002867195205812166,45,87
"1, 0, 1, 0, [-0.3600000000000001,2.3600000000000003], [-4.35,4.35], [-5.7,5.7], 0","CholCheck, Smoker, Veggies, NoDocbcCost, GenHlth, MentHlth, PhysHlth, DiffWalk",0,0.30487599612699745,0.7885416666666667,2,272.42330343051225,9990,3594,0.38095238095238093,0.0012913756684708743,757,960
"1, [6.4,33.6], 0, 1, 0, [1.5,4.225], [4.705,7.295]","CholCheck, BMI, HvyAlcoholConsump, AnyHealthcare, NoDocbcCost, Education, Income",1,0.05470989933309902,0.5592592592592592,1,168.0749694600134,9979,3604,0.3333333333333333,0.00037293441853819895,302,540
"1, 0, 1, 0, [-0.3600000000000001,2.3600000000000003], [-4.35,4.35], [-4.658238264364728,5.7], 0","CholCheck, Smoker, Veggies, NoDocbcCost, GenHlth, MentHlth, PhysHlth, DiffWalk",0,0.30402354083730626,0.7881002087682673,1,272.42330343051225,9990,3605,0.38095238095238093,0.0006456878342354372,755,958
"1, 1, 1, 0, [2.6799999999999997,5.32], 1","HighChol, CholCheck, Veggies, HvyAlcoholConsump, GenHlth, Sex",1,0.24400778779354265,0.7541899441340782,1,217.76156101836153,9965,3613,0.2857142857142857,0.0004553610570695857,540,716
"1, 0, [-11.059070043073696,4.35], 0, [1.88,8.120000000000001], [4.45,7.55]","PhysActivity, HvyAlcoholConsump, MentHlth, DiffWalk, Age, Education",0,0.2617899753177593,0.7648752399232246,2,282.1273908089042,9990,3626,0.2857142857142857,0.001179912802849482,797,1042
"0, 0, 1, 0, [0.74,3.26], [-11.059070043073696,-1.1841417685257394], [6.300000000000001,23.7], 0, [1.0,8.120000000000001]","HighBP, HighChol, PhysActivity, HvyAlcoholConsump, GenHlth, MentHlth, PhysHlth, DiffWalk, Age",0,0.1,1.0,1,248.0,3631,3631,0.42857142857142855,0.0005185926369426379,0,0
"1, [-9.475000000000001,47.475], 1, 0, 0, [-0.3600000000000001,2.3600000000000003], [-6.204989522346281,-4.35]","HighChol, BMI, Veggies, HvyAlcoholConsump, NoDocbcCost, GenHlth, MentHlth",0,0.006220697032295927,0.567845394736842,1,171.7442846684118,3639,3639,0.3333333333333333,0.00035913436075007553,0,0
"1, 0, [-8.7,8.7], [6.109999999999999,9.89]","CholCheck, Stroke, MentHlth, Income",0,0.09276109632873357,0.6215458550260312,1,247.43049994938286,9990,3639,0.19047619047619047,0.0005725181680424133,1552,2497
"0, 0, 0, 1, [-5.7,23.7], [0.06000000000000005,7.0]","HighBP, Smoker, Stroke, PhysActivity, PhysHlth, Age",0,0.6197890817066052,0.9087591240875912,1,293.10828101530217,9990,3641,0.2857142857142857,0.0006129185337155213,498,548
"1, 0, 1, 0, [-11.25,11.25], 1, [7.699999999999999,17.259999999999998]","CholCheck, Smoker, Veggies, HvyAlcoholConsump, MentHlth, DiffWalk, Age",1,0.2284510398583021,0.7443181818181818,1,217.55657458183182,9887,3650,0.3333333333333333,0.00045493241006693485,262,352
"1, 1, [-11.25,11.25], 1","CholCheck, Veggies, MentHlth, DiffWalk",1,0.1732440103567223,0.7042577675489068,1,182.9437145001742,9965,3650,0.19047619047619047,0.0003825534811077679,612,869
"1, 0, 0, [0.74,3.26], 0, [4.45,7.55]","CholCheck, Smoker, HvyAlcoholConsump, GenHlth, DiffWalk, Education",0,0.15656282769340665,0.6901408450704225,1,269.997640858115,9990,3660,0.2857142857142857,0.0005645918892778273,1127,1633
"1, 1, [-7.5,14.667906713647561], 0, [3.9,6.1]","PhysActivity, AnyHealthcare, MentHlth, DiffWalk, Education",0,0.09133027721404363,0.6196164728072933,2,216.33860969346205,9990,3661,0.23809523809523808,0.0009824957579059042,1971,3181
"1, 1, 0, 1, [7.699999999999999,17.259999999999998]","CholCheck, Veggies, HvyAlcoholConsump, DiffWalk, Age",1,0.23901436837630305,0.7510775862068966,1,218.47533847210877,9965,3667,0.23809523809523808,0.00045685363663381545,697,928
"1, 0, 1, 0, 1, [-11.25,11.25], 1","CholCheck, Smoker, HeartDiseaseorAttack, PhysActivity, Veggies, MentHlth, DiffWalk",1,0.34548459997648856,0.8085106382978723,1,220.70725998973262,9871,3667,0.3333333333333333,0.00046152080625185406,38,47
"1, 1, [4.04,5.96]","HighChol, CholCheck, GenHlth",1,0.43906408438061506,0.8482142857142857,1,272.81184653387,9965,3668,0.14285714285714285,0.0005704766729160883,285,336
"1, 1, 0, 1","CholCheck, Veggies, HvyAlcoholConsump, DiffWalk",1,0.21446477590420154,0.7349726775956285,2,185.95184104598698,9965,3675,0.19047619047619047,0.0007776875450998116,807,1098
"1, 0, 1, [4.04,5.96], [-11.25,4.373051527714342], [7.699999999999999,17.259999999999998]","CholCheck, Smoker, Veggies, GenHlth, MentHlth, Age",1,0.22059995870325735,0.7391304347826086,1,252.60859234052086,9887,3675,0.2857142857142857,0.0005282296613558006,34,46
"1, 0, 0, [-6.3,6.3], 1","HighBP, PhysActivity, HvyAlcoholConsump, MentHlth, DiffWalk",1,0.31431970632335177,0.7933673469387755,1,222.3667730462501,9942,3693,0.23809523809523808,0.00046499101291322555,311,392
"1, [30.025,69.975], 0, 0, [4.04,5.96], [24.15,35.85], 1","CholCheck, BMI, HvyAlcoholConsump, AnyHealthcare, GenHlth, PhysHlth, DiffWalk",1,0.512908935546875,0.875,1,145.11039999999997,9797,3693,0.3333333333333333,0.00030344026203145543,7,8
"0, 0, 0, 1, 0, [1.48,2.52], 0, [1.88,8.120000000000001]","HighBP, HighChol, HeartDiseaseorAttack, PhysActivity, HvyAlcoholConsump, GenHlth, DiffWalk, Age",0,0.6008426166094359,0.9031339031339032,1,354.5045663351217,9971,3695,0.38095238095238093,0.0007413042655803914,317,351
"[30.025,69.975], 0, 0","BMI, Fruits, HvyAlcoholConsump",1,0.1759223979569408,0.7064220183486238,1,170.07735864656857,9979,3733,0.14285714285714285,0.00035564865284178526,693,981
"1, 0, 0, 1, 0, [-11.25,11.25], 1, 0, [0.07499999999999973,3.9250000000000003]","HighBP, Smoker, HvyAlcoholConsump, AnyHealthcare, NoDocbcCost, MentHlth, DiffWalk, Sex, Income",1,0.4218676189481648,0.8414634146341463,1,227.1348515570449,9727,3745,0.42857142857142855,0.00047496153875218765,69,82
"[30.025,69.975], 0, [2.5,5.5], [25.05,34.95], [2.775,5.225], [1.39,4.61]","BMI, Smoker, GenHlth, PhysHlth, Education, Income",1,0.512908935546875,0.875,1,276.90290290561467,9606,3752,0.2857142857142857,0.0005790314782052175,35,40
"0, 0, 0, 0, 0, 1, 0, 1","HighBP, HighChol, Smoker, Stroke, HeartDiseaseorAttack, PhysActivity, HvyAlcoholConsump, Sex",0,0.3882095537407485,0.8275862068965517,1,283.6091097807895,9934,3753,0.38095238095238093,0.0005930548229926358,288,348
"0, 0, 0, 0, 1, 0, 0, [-4.6,8.6]","HighBP, HighChol, Stroke, HeartDiseaseorAttack, PhysActivity, HvyAlcoholConsump, NoDocbcCost, PhysHlth",0,0.4314956647995553,0.8452696728558797,1,308.1802819509793,9990,3753,0.38095238095238093,0.0006444355849624354,956,1131
"0, 1, 1, 0, [-0.5,6.9], [5.025,6.975]","Smoker, PhysActivity, Veggies, HvyAlcoholConsump, PhysHlth, Education",0,0.18988415034563585,0.7172949002217295,1,284.8602748283801,9990,3761,0.2857142857142857,0.0005956711334010249,647,902
"1, 1, 1, 1, 0, 1, [2.6799999999999997,5.32], [-11.25,11.25]","HighBP, CholCheck, Fruits, Veggies, HvyAlcoholConsump, AnyHealthcare, GenHlth, MentHlth",1,0.23895034476539087,0.7510373443983402,1,232.39800256063577,9965,3766,0.38095238095238093,0.00048596731035533075,724,964
"0, 0, 0, 0, 1, 0, [-0.41999999999999993,2.5], 0, 0, [2.75,5.25], [5.635,8.365]","HighBP, HighChol, Smoker, HeartDiseaseorAttack, PhysActivity, HvyAlcoholConsump, GenHlth, DiffWalk, Sex, Education, Income",0,0.8234938754746761,0.9619047619047619,1,323.3899168715982,9971,3768,0.5238095238095238,0.0006762404425447685,101,105
"1, 1, 1, 1, 0, 1, [-6.9,6.9], [9.1,16.9]","HighBP, Smoker, Stroke, PhysActivity, HvyAlcoholConsump, AnyHealthcare, MentHlth, Age",1,0.27214629954271363,0.7708333333333334,1,169.44669784277806,9687,3793,0.38095238095238093,0.00035432987844963174,37,48
"1, 1, 1, 1, 0, 1, [-6.9,0.7091666127933633], [9.1,16.9]","HighBP, Smoker, Stroke, PhysActivity, HvyAlcoholConsump, AnyHealthcare, MentHlth, Age",1,0.279581552734375,0.775,1,164.69811551754032,9624,3793,0.38095238095238093,0.00034440012107146944,31,40
"[13.225000000000001,66.775], 0, [4.04,5.96], [0.8499999999999996,13.15], 1","BMI, PhysActivity, GenHlth, PhysHlth, DiffWalk",1,0.27550608968587587,0.7727272727272727,1,204.58399574701298,9727,3800,0.23809523809523808,0.00042780545899477775,17,22
"1, 1, 0, 1, [-0.7999999999999989,20.799999999999997], [-1.625,3.625]","HighBP, HeartDiseaseorAttack, HvyAlcoholConsump, AnyHealthcare, PhysHlth, Income",1,0.4813178089455941,0.8639455782312925,1,270.28911774108883,9985,3804,0.2857142857142857,0.000565201396396171,127,147
"1, 1, 0, 0, 1, [7.699999999999999,17.259999999999998]","HighBP, HeartDiseaseorAttack, PhysActivity, HvyAlcoholConsump, AnyHealthcare, Age",1,0.3651634298252651,0.8175182481751825,1,222.99392025868298,9937,3804,0.2857142857142857,0.0004663024400368013,224,274
"0, 0, 0, 1, 0","HighBP, HighChol, HeartDiseaseorAttack, PhysActivity, DiffWalk",0,0.45089534781107155,0.8527370855821126,1,296.64178343713775,9990,3817,0.23809523809523808,0.0006203074383065814,1106,1297
"1, 1, 0, 0, [-3.5,5.5], [5.34,12.66], [1.825,4.175]","HighBP, CholCheck, Smoker, HvyAlcoholConsump, MentHlth, Age, Education",1,0.21720617794361205,0.7368421052631579,1,197.4443418676605,9957,3828,0.3333333333333333,0.0004128757334619103,280,380
"1, [30.025,69.975], 1, 1, 0, [-11.25,11.25], 1, [0.07499999999999973,3.9250000000000003]","CholCheck, BMI, PhysActivity, AnyHealthcare, NoDocbcCost, MentHlth, DiffWalk, Income",1,0.5417169694823225,0.8846153846153846,1,291.45178398082487,9965,3846,0.38095238095238093,0.000609454633855855,69,78
"1, 1, 0, 1, 0","HighChol, CholCheck, HvyAlcoholConsump, AnyHealthcare, NoDocbcCost",1,0.11296700065667535,0.6465324384787472,1,173.7540961795608,9986,3849,0.23809523809523808,0.0003799373186903843,1734,2682
"0, 0, 0, 0, 1, 0","HighBP, HighChol, Stroke, HeartDiseaseorAttack, PhysActivity, DiffWalk",0,0.45333676183633875,0.8536585365853658,1,296.64178343713775,9990,3860,0.2857142857142857,0.0006203074383065814,1085,1271
"1, 0, 1, [4.04,5.96]","CholCheck, Smoker, AnyHealthcare, GenHlth",1,0.3616764096460474,0.8159509202453987,2,213.09137219459362,9935,3862,0.19047619047619047,0.0008911904565816082,133,163
"0, 1, 0, [4.04,5.96]","HighChol, CholCheck, AnyHealthcare, GenHlth",1,0.014458261438686257,0.42857142857142855,1,106.624,5741,3875,0.19047619047619047,0.00022296137629585413,3,7
"0, 0, 1, [0.06000000000000005,7.0]","HighBP, HeartDiseaseorAttack, PhysActivity, Age",0,0.5339308542134276,0.8820577164366374,1,276.1540761563099,9990,3876,0.19047619047619047,0.0005774656070820919,703,797
"0, 0, 0, 1, [-5.7,23.7], [1.88,7.0]","HighBP, Smoker, Stroke, PhysActivity, PhysHlth, Age",0,0.5946366831359233,0.9012605042016807,1,325.49071985147646,9990,3876,0.2857142857142857,0.0006806334302747362,429,476
"1, [30.025,69.975], 0, 1, 0, 1, 0, [2.6799999999999997,5.32], [-11.25,11.25], [1.4499999999999993,18.55], 1, [3.4,6.6], [5.355,8.645]","HighBP, BMI, Stroke, Veggies, HvyAlcoholConsump, AnyHealthcare, NoDocbcCost, GenHlth, MentHlth, PhysHlth, DiffWalk, Education, Income",1,0.6137348111359834,0.9069767441860465,1,283.8198035620896,9837,3895,0.6190476190476191,0.0005934954046201836,39,43
"0, 0, 0, 0, 1, 0, [-0.41999999999999993,2.5], 0, 0","HighBP, HighChol, Smoker, HeartDiseaseorAttack, Veggies, HvyAlcoholConsump, GenHlth, DiffWalk, Sex",0,0.7280774349566219,0.9385026737967914,1,328.9049955878466,9990,3899,0.42857142857142855,0.0006877730200222099,351,374
"0, 0, [-9.9,8.6], 0, 1, [4.45,7.55]","HighChol, HvyAlcoholConsump, PhysHlth, DiffWalk, Sex, Education",0,0.17359814762676115,0.7045454545454546,1,205.71417166939486,9964,3906,0.2857142857142857,0.00043016876912299184,496,704
"1, 0, 0, 1, [-11.25,11.25], [7.699999999999999,17.259999999999998]","HeartDiseaseorAttack, PhysActivity, HvyAlcoholConsump, AnyHealthcare, MentHlth, Age",1,0.2853931494427217,0.7781954887218046,1,190.58897272977921,9901,3915,0.2857142857142857,0.00039854047556501897,207,266
"1, 0, 1, 0, [2.5,5.32], [-11.25,11.25]","CholCheck, Smoker, Veggies, NoDocbcCost, GenHlth, MentHlth",1,0.09670737855336228,0.626746506986028,1,223.43491819421064,9916,3939,0.2857142857142857,0.0004672246105298318,628,1002
"1, [30.025,60.45], 0, 0, [1.3199999999999998,2.68], [-9.0,9.0]","HighBP, BMI, Stroke, HvyAlcoholConsump, GenHlth, PhysHlth",1,0.05292214940134466,0.5555555555555556,1,215.97926020482547,9985,3940,0.2857142857142857,0.00045163408901024424,130,234
"1, 0, 0, [-3.5,5.5], [5.34,12.66], [1.825,4.175]","HighBP, Smoker, HvyAlcoholConsump, MentHlth, Age, Education",1,0.20480915250974122,0.7282321899736148,1,197.44415050534639,9957,3958,0.2857142857142857,0.0008257506666086021,276,379
"1, 1, 0, [-11.25,11.25]","HighBP, HighChol, HvyAlcoholConsump, MentHlth",1,0.20346349914002398,0.7272727272727273,1,174.6396471067429,9985,3972,0.19047619047619047,0.00038225203739237205,1304,1793
"0, [3.375,58.625], 0, 1, [3.3,6.7]","HighBP, BMI, Stroke, PhysActivity, Education",0,0.2557777337094012,0.7613293051359517,1,266.36571542046454,9990,3981,0.23809523809523808,0.0005569971723831088,1512,1986
"0, 1, 1, [-0.3600000000000001,2.3600000000000003], [-11.059070043073696,10.05], 0, 0, [1.88,8.120000000000001], [4.45,7.55]","HighChol, CholCheck, PhysActivity, GenHlth, MentHlth, DiffWalk, Sex, Age, Education",0,0.75843877575369,0.9462025316455697,1,320.5622043013955,9990,3990,0.42857142857142855,0.0006703274146484086,299,316
"0, [14.0,48.0], 0, 0, 1, 0, [-4.35,4.35], [-5.7,5.7], 0","HighBP, BMI, Smoker, Stroke, HeartDiseaseorAttack, NoDocbcCost, MentHlth, PhysHlth, DiffWalk",0,0.06600153808263474,0.5806451612903226,1,181.6537791601832,9800,3992,0.42857142857142855,0.0003798560981664315,18,31
"1, [4.04,5.32], [-6.3,11.25], 1, [7.699999999999999,17.259999999999998], [2.375,7.625]","AnyHealthcare, GenHlth, MentHlth, DiffWalk, Age, Income",1,0.3239393999506487,0.7981651376146789,1,234.1523893724537,9887,3997,0.2857142857142857,0.0004896359074640325,87,109
"0, [3.375,58.625], 0, [3.075,4.925]","HighBP, BMI, Stroke, Education",0,0.12019806160701026,0.6546052631578947,1,165.26878472128092,9989,3998,0.19047619047619047,0.0003455934470682025,398,608
"1, 0, [2.6799999999999997,5.96], [-11.25,6.3], 1, 1","CholCheck, Veggies, GenHlth, MentHlth, DiffWalk, Sex",1,0.4221703802525798,0.8415841584158416,2,237.94643098836912,9942,4014,0.2857142857142857,0.0009951392507850626,85,101
"0, [30.025,69.975], 0, 0, 1, 0, [3.145,6.855]","HighChol, BMI, Stroke, PhysActivity, Fruits, HvyAlcoholConsump, Income",1,0.08002031450066496,0.603448275862069,1,169.4318326953378,9997,4020,0.3333333333333333,0.00035429879394959304,35,58
"0, 0, 0","HighBP, HighChol, Stroke",0,0.29836193851651327,0.7851428571428571,2,249.75187466723887,9990,4021,0.14285714285714285,0.0010445119618149243,1374,1750
"1, 1, 0, [-6.9,6.9]","HighBP, Stroke, HvyAlcoholConsump, MentHlth",1,0.3276800000000001,0.8,1,234.2219813201304,9942,4029,0.19047619047619047,0.0004897814311400633,152,190
"0, 0, 0, 0, 1, 0, [1.88,4.12], [-5.7,8.6], [0.06000000000000005,9.08]","HighBP, HighChol, Smoker, Stroke, PhysActivity, HvyAlcoholConsump, GenHlth, PhysHlth, Age",0,0.4360125555803681,0.8470319634703196,1,320.7532601619255,9971,4062,0.42857142857142855,0.0006707269314327456,371,438
"0, 1, [2.3249999999999993,45.675], 0, [4.04,5.96], [6.1,13.9], [4.025,5.975]","HighChol, CholCheck, BMI, AnyHealthcare, GenHlth, Age, Education",1,0.1,1.0,1,84.0,4082,4082,0.3333333333333333,0.0001756523447708935,0,0
"0, 1, 0, [4.04,5.96], 1","HighChol, CholCheck, AnyHealthcare, GenHlth, Sex",1,0.0,0.0,1,77.5,4082,4082,0.23809523809523808,0.00016206019904457434,0,2
"0, 1, 0, 1, [-9.9,8.6]","HighChol, PhysActivity, HvyAlcoholConsump, AnyHealthcare, PhysHlth",0,0.18384233316787885,0.7126710291493159,1,276.5463828240064,9990,4088,0.23809523809523808,0.0005782859592969746,1198,1681
"1, 1, [30.025,69.975], 1, 0, 1, 1, [7.699999999999999,12.620000000000001]","HighBP, CholCheck, BMI, Veggies, HvyAlcoholConsump, AnyHealthcare, DiffWalk, Age",1,0.427630752325058,0.84375,1,290.1927229892675,9965,4096,0.38095238095238093,0.0006068218122442286,297,352
"0, 0, 1, 0, [0.06000000000000005,9.08]","HighBP, Smoker, PhysActivity, HvyAlcoholConsump, Age",0,0.37050319068429,0.8198952879581152,1,306.9774451369369,9990,4097,0.23809523809523808,0.0006419203336914439,783,955
"[-0.3600000000000001,2.3600000000000003], [-23.70536638791693,9.0]","GenHlth, PhysHlth",0,0.2358699596193902,0.7490909090909091,1,174.0789209863206,9990,4107,0.09523809523809523,0.00041155096384038175,1648,2200
"1, [33.275,64.725], 0, 1, 0, 1, [4.04,5.96], 1","HighChol, BMI, Stroke, Fruits, HvyAlcoholConsump, AnyHealthcare, GenHlth, DiffWalk",1,0.6137348111359834,0.9069767441860465,1,322.23736498769506,9965,4116,0.38095238095238093,0.0006738303420581292,39,43
"0, 0, 0, 0, 0, 0, [1.88,4.12], [-5.7,8.6], [0.06000000000000005,9.08]","HighBP, HighChol, Smoker, Stroke, HeartDiseaseorAttack, HvyAlcoholConsump, GenHlth, PhysHlth, Age",0,0.39791431334096994,0.8316831683168316,1,311.4541718696554,9971,4120,0.42857142857142855,0.0006512816140188312,420,505
"1, 0, 0, 1, 0, 1, 0, [-0.5,8.5], 0","CholCheck, Stroke, HeartDiseaseorAttack, PhysActivity, HvyAlcoholConsump, AnyHealthcare, NoDocbcCost, PhysHlth, DiffWalk",0,0.10653403524445465,0.6389953171562367,1,225.02614427247482,9990,4151,0.42857142857142855,0.0005139560012607171,1501,2349
"0, 0, 0, 0, 0","HighBP, Stroke, HeartDiseaseorAttack, HvyAlcoholConsump, NoDocbcCost",0,0.21662162286881023,0.7364450730787364,1,245.54474904381058,9990,4153,0.23809523809523808,0.0005134584632824516,1562,2121
"1, 1, 0, 0, 1, [2.7199999999999998,5.28], [6.6,23.4], 1, [9.1,16.9]","HighChol, CholCheck, Stroke, HvyAlcoholConsump, AnyHealthcare, GenHlth, PhysHlth, Sex, Age",1,0.708245596707819,0.9333333333333333,1,260.43197275258643,9965,4158,0.42857142857142855,0.0005445891269916815,42,45
"0, [-5.024999999999999,57.025], 0, 0, 1, 0, [-0.3600000000000001,2.3600000000000003], [-4.35,4.35], [-5.7,5.7], 0","HighChol, BMI, Smoker, Stroke, AnyHealthcare, NoDocbcCost, GenHlth, MentHlth, PhysHlth, DiffWalk",0,0.47160879648224996,0.860431654676259,2,263.52880780268777,9990,4171,0.47619047619047616,0.0012448774835726055,598,695
"1, 0, 1, [7.699999999999999,12.620000000000001]","CholCheck, Smoker, AnyHealthcare, Age",1,0.04913006366730013,0.5473554735547356,1,228.60059123195063,9985,4178,0.19047619047619047,0.00047802654602267477,890,1626
"1, [30.025,69.975], 1, 0, [2.5,5.5]","HighBP, BMI, Veggies, HvyAlcoholConsump, GenHlth",1,0.36923349057517685,0.8193325661680092,1,229.0088621763282,9979,4178,0.23809523809523808,0.0004788802811260289,712,869
"[30.025,69.975], 0, 0, 1, 0","BMI, Smoker, HvyAlcoholConsump, DiffWalk, Sex",1,0.29034326037464775,0.7808764940239044,1,243.77816058306405,9921,4188,0.23809523809523808,0.0005097643513136976,196,251
"1, 1, 1, 1, 0, 1, [6.140000000000001,9.86], [4.0,5.8]","HighBP, CholCheck, Smoker, Fruits, HvyAlcoholConsump, AnyHealthcare, Age, Education",1,0.13876560819256417,0.6736842105263158,1,197.26804917686644,9937,4200,0.38095238095238093,0.0004125070879321014,64,95
"0, [12.549999999999999,41.45], 0, 0, 1, [6.055,7.945]","HighBP, BMI, Smoker, Stroke, PhysActivity, Income",0,0.3466282847540125,0.8090452261306532,1,255.16374049893057,9930,4228,0.2857142857142857,0.0005335727299898684,161,199
"0, 1, [-20.828696807332832,6.9], 1, [9.1,14.3], [1.420104053141352,6.24]","HvyAlcoholConsump, AnyHealthcare, MentHlth, DiffWalk, Age, Income",1,0.21860569765275353,0.7377892030848329,1,231.99197605132923,9965,4230,0.2857142857142857,0.0004851182685886779,287,389
"0, 0, 0, 0, 1, 0, [-5.7,8.6]","HighBP, HighChol, Smoker, Stroke, PhysActivity, HvyAlcoholConsump, PhysHlth",0,0.4824205344016619,0.8643410852713178,1,316.98608040041535,9990,4232,0.3333333333333333,0.0006628493843103323,669,774
"1, 1, 1, 0, [4.04,5.96]","CholCheck, Fruits, Veggies, HvyAlcoholConsump, GenHlth",1,0.2778514741848571,0.7740384615384616,1,270.3269526244047,9965,4233,0.23809523809523808,0.0005652805128957967,161,208
"1, 1, 1, 1, 0, 1, [3.075,4.925]","HighBP, CholCheck, Smoker, Veggies, HvyAlcoholConsump, AnyHealthcare, Education",1,0.21441675208427144,0.7349397590361446,1,199.2730782433447,9979,4235,0.3333333333333333,0.0004166998028947288,244,332
"1, 1, 1, 0, 0, [5.12,10.879999999999999]","Smoker, Stroke, HeartDiseaseorAttack, HvyAlcoholConsump, Sex, Age",1,0.3882095537407485,0.8275862068965517,1,176.89241203021885,9863,4249,0.2857142857142857,0.0003698996064915113,24,29
"1, 1, 1, 1, 1, 1, 0","HighBP, HighChol, CholCheck, HeartDiseaseorAttack, Veggies, AnyHealthcare, DiffWalk",1,0.2373046875,0.75,1,205.23933358051445,9985,4249,0.3333333333333333,0.000429175835507535,135,180
"0, 1, 0, [6.985,9.015]","Stroke, PhysActivity, HvyAlcoholConsump, Income",0,0.11626289769717411,0.650261780104712,1,233.35192437114569,9990,4265,0.19047619047619047,0.0005357185428734907,1242,1910
"1, 1, 0, [24.15,35.85], 1","HighBP, CholCheck, HvyAlcoholConsump, PhysHlth, DiffWalk",1,0.35608232433818365,0.8134110787172012,1,209.84951905167458,9986,4269,0.23809523809523808,0.00043881619131513005,279,343
"1, [30.025,69.975], 1, 1, 1, 1, 1, 0, [-11.25,11.25], 1, [0.07499999999999973,3.9250000000000003]","CholCheck, BMI, Stroke, PhysActivity, Fruits, Veggies, AnyHealthcare, NoDocbcCost, MentHlth, DiffWalk, Income",0,3.0517578125e-05,0.125,1,266.7728,7273,4273,0.5238095238095238,0.0005578484266797216,1,8
"1, 1, 0, [-11.25,11.25], [7.699999999999999,16.9]","CholCheck, Veggies, HvyAlcoholConsump, MentHlth, Age",1,0.06086781930627306,0.571317528177225,1,213.7785314228882,9997,4307,0.23809523809523808,0.00048455615646748613,1470,2573
"1, [30.025,69.975], 0, 0, 1, 1","CholCheck, BMI, Smoker, HvyAlcoholConsump, AnyHealthcare, DiffWalk",1,0.35536722802462545,0.8130841121495327,1,252.10827071103398,9935,4309,0.2857142857142857,0.0005271834391253368,261,321
"[-5.024999999999999,50.05], 0, 0, 1, [-0.3600000000000001,2.3600000000000003], [-5.7,5.7], 0","BMI, Smoker, Stroke, AnyHealthcare, GenHlth, PhysHlth, DiffWalk",0,0.32022981361547276,0.7963286713286714,1,250.61422546966264,9990,4312,0.3333333333333333,0.0005886816485045673,911,1144
"[-6.050000000000001,57.025], 0, 0, [-0.3600000000000001,2.3600000000000003], [-4.35,4.35], 0, [4.95,7.05]","BMI, Smoker, Stroke, GenHlth, MentHlth, DiffWalk, Education",0,0.3504270747052985,0.8108108108108109,1,281.97569564193265,9990,4312,0.3333333333333333,0.0005896391917608248,750,925
"1, 1, 1, 0, 0, [3.34,17.259999999999998]","HighChol, CholCheck, Smoker, Veggies, HvyAlcoholConsump, Age",1,0.22806019522659582,0.7440633245382586,1,160.7879616671354,9986,4313,0.2857142857142857,0.0003362236009257723,282,379
"1, 1, 0, 1, [2.6799999999999997,5.32], [-11.25,11.25], [21.45,38.55], 1, [7.699999999999999,17.259999999999998]","HighBP, CholCheck, HvyAlcoholConsump, AnyHealthcare, GenHlth, MentHlth, PhysHlth, DiffWalk, Age",1,0.35008162217429695,0.8106508875739645,1,238.11941267309402,9896,4322,0.42857142857142855,0.0004979313472797259,137,169
"1, 1, [-0.3600000000000001,2.3600000000000003], [-4.35,4.35], 0, [4.45,7.55]","HighChol, AnyHealthcare, GenHlth, MentHlth, DiffWalk, Education",0,0.09464165547563025,0.6240458015267175,1,179.55268191805243,9909,4340,0.2857142857142857,0.0003950940922219485,327,524
"0, 0, 0, 1, [-0.3600000000000001,2.3600000000000003], [-5.7,5.7], 0, [1.88,8.120000000000001], [2.325,5.675]","HighBP, Smoker, HeartDiseaseorAttack, AnyHealthcare, GenHlth, PhysHlth, DiffWalk, Age, Education",0,0.5589501648036669,0.8901734104046243,1,300.0001909284537,9971,4346,0.42857142857142855,0.0006273302020035551,154,173
"1, [30.025,69.975], 0, 0, 0, 1, 0, 0","CholCheck, BMI, Stroke, HeartDiseaseorAttack, PhysActivity, Fruits, HvyAlcoholConsump, NoDocbcCost",1,0.1823861694344157,0.7115384615384616,1,206.86048588720774,9997,4349,0.38095238095238093,0.00043256582603017096,185,260
"0, 1, 0, 0, [4.04,5.96], 1","Stroke, Fruits, Veggies, HvyAlcoholConsump, GenHlth, DiffWalk",1,0.5417169694823225,0.8846153846153846,1,211.18060840484148,9305,4360,0.2857142857142857,0.0004415996313863603,23,26
"0, [7.800000000000001,62.2], 0, 0, 0, 1, 0, 0, 1, [-5.8500000000000005,5.8500000000000005], [4.125,6.55]","HighChol, BMI, Smoker, Stroke, HeartDiseaseorAttack, PhysActivity, Fruits, HvyAlcoholConsump, AnyHealthcare, MentHlth, Education",0,0.24751425220549803,0.7563451776649747,1,305.45156357524985,9934,4365,0.5238095238095238,0.000638729563761051,149,197
"0, 0, 1, 0, 0, [2.6799999999999997,5.96], [-11.25,6.3], 1","Stroke, PhysActivity, Fruits, Veggies, HvyAlcoholConsump, GenHlth, MentHlth, DiffWalk",1,0.2481884326272296,0.7567567567567568,1,208.28619228810535,9305,4372,0.38095238095238093,0.00043554711974770117,28,37
"0, 1, 1, 0, [-0.3600000000000001,2.3600000000000003], [-11.059070043073696,10.05], [-4.2,4.2], 0, 0, [1.88,8.120000000000001], [4.45,7.55]","HighChol, CholCheck, PhysActivity, AnyHealthcare, GenHlth, MentHlth, PhysHlth, DiffWalk, Sex, Age, Education",0,0.46266436603796024,0.8571428571428571,1,300.44,9646,4373,0.5238095238095238,0.0006282498864638957,6,7
"1, 0, 0, 0, [24.15,35.85], [1.7599999999999998,6.24]","HeartDiseaseorAttack, PhysActivity, Veggies, HvyAlcoholConsump, PhysHlth, Income",1,0.43976479295863985,0.8484848484848485,1,208.92169749819257,9986,4376,0.2857142857142857,0.0004368760242746766,28,33
"0, [12.549999999999999,41.45], 0, 0, 1, 1, [6.055,7.945]","HighBP, BMI, Smoker, Stroke, PhysActivity, Veggies, Income",0,0.3182101218628734,0.7953216374269005,1,266.4974867538823,9930,4377,0.3333333333333333,0.0005572727193317804,136,171
"1, [30.025,69.975], 1, 0, [-11.25,11.25], 1","CholCheck, BMI, PhysActivity, HvyAlcoholConsump, MentHlth, DiffWalk",1,0.28773358898725854,0.779467680608365,1,282.6853745162183,9965,4386,0.2857142857142857,0.0005911232007882372,205,263
"1, [30.025,69.975], 0, 1, 0, 1, 0, [-20.828696807332832,11.25], 1, [9.1,17.259999999999998]","HighBP, BMI, PhysActivity, Veggies, HvyAlcoholConsump, AnyHealthcare, NoDocbcCost, MentHlth, DiffWalk, Age",1,0.43577276426703865,0.8469387755102041,1,293.4857135741334,9901,4396,0.47619047619047616,0.0006137077826911354,83,98
"0, [5.795,10.205]","HvyAlcoholConsump, Income",0,0.06114325215870127,0.5718336483931947,1,208.59901647549947,9990,4403,0.09523809523809523,0.00047101755609122543,1815,3174
"[30.025,69.975], 0, 1, [-10.350000000000001,10.350000000000001], 1","BMI, PhysActivity, Fruits, PhysHlth, Sex",1,0.2770383778382806,0.7735849056603774,1,220.05438496002904,9997,4408,0.23809523809523808,0.0004601555797064993,82,106
"1, 0, 1, 0","CholCheck, PhysActivity, HvyAlcoholConsump, AnyHealthcare",1,0.03125,0.5,1,77.5,8449,4408,0.19047619047619047,0.00016206019904457434,1,2
"0, 0, 1, 0, [-0.3600000000000001,2.3600000000000003], [-5.7,5.7], 0, 0","HighChol, Stroke, AnyHealthcare, NoDocbcCost, GenHlth, PhysHlth, DiffWalk, Sex",0,0.5050590529809549,0.8723051409618574,1,278.4012695931369,9990,4418,0.38095238095238093,0.0005821647118003351,526,603
"0, 0, 1, 0, [-0.3600000000000001,2.3600000000000003], 0, 0","HighChol, Stroke, AnyHealthcare, NoDocbcCost, GenHlth, DiffWalk, Sex",0,0.4998973644670693,0.8705148205928237,1,276.636623499478,9990,4429,0.3333333333333333,0.000578474661514121,558,641
"1, 1, 1, [9.1,16.9], [4.3,7.7]","HighBP, PhysActivity, AnyHealthcare, Age, Education",1,0.1145074343339321,0.6482861400894188,1,234.57923939499432,9985,4441,0.23809523809523808,0.0005389265899227697,435,671
"[30.025,69.975], 0, 0","BMI, Stroke, HvyAlcoholConsump",1,0.1301862640793298,0.6651399491094148,1,197.67979490391298,9997,4444,0.14285714285714285,0.00041336808915120996,1307,1965
"1, 0, 1, 1","CholCheck, HvyAlcoholConsump, AnyHealthcare, DiffWalk",1,0.24039616074643302,0.7519440124416796,1,201.51795673278926,9986,4453,0.19047619047619047,0.00042139406682802256,967,1286
"1, 1, [30.025,69.975], 0, [2.6799999999999997,5.32], [21.45,38.55], [4.225,7.775]","HighBP, CholCheck, BMI, HvyAlcoholConsump, GenHlth, PhysHlth, Education",1,0.512908935546875,0.875,2,217.48320641205905,9986,4461,0.3333333333333333,0.0009095579798707235,105,120
"1, [-0.3600000000000001,2.3600000000000003], [-4.35,4.35], 0, [4.45,7.55]","PhysActivity, GenHlth, MentHlth, DiffWalk, Education",0,0.2779866609383221,0.7741137675185491,1,260.2113563821896,9990,4466,0.23809523809523808,0.0006059257186466195,939,1213
"[-6.050000000000001,57.025], 0, 0, 0, [-0.3600000000000001,2.3600000000000003], [4.35,9.824004192690161], [-0.5,8.5], 0, [4.95,9.494540033476515], [5.795,9.645]","BMI, Smoker, HvyAlcoholConsump, NoDocbcCost, GenHlth, MentHlth, PhysHlth, DiffWalk, Education, Income",0,0.5904900000000001,0.9,1,296.77217455216817,9763,4500,0.47619047619047616,0.0006205800990814908,27,30
"0, 0, [-11.25,11.25], 1, [7.699999999999999,17.259999999999998], [2.1799999999999997,5.82]","Stroke, HvyAlcoholConsump, MentHlth, Sex, Age, Income",1,0.1580289331315761,0.6914285714285714,1,187.09594762106954,9961,4508,0.2857142857142857,0.00039123621305682304,242,350
"[30.025,69.975], 0, 0, 0, [2.6799999999999997,5.32], [3.865,8.135]","BMI, PhysActivity, HvyAlcoholConsump, NoDocbcCost, GenHlth, Income",1,0.2805950995537862,0.7755610972568578,1,209.32916248643852,9986,4511,0.2857142857142857,0.00043772807404369383,311,401
"0, 0, 1, 0, 0, [2.6799999999999997,5.26], [-4.050000000000001,4.050000000000001]","Smoker, PhysActivity, Fruits, Veggies, HvyAlcoholConsump, GenHlth, PhysHlth",1,0.1043582467665522,0.6363636363636364,1,196.4309911140744,9765,4514,0.3333333333333333,0.0004107567163673537,28,44
"1, 1, 1, 0, 1, 0, 1, [3.34,17.259999999999998]","HighChol, CholCheck, Smoker, Stroke, HeartDiseaseorAttack, Veggies, AnyHealthcare, Age",1,0.34895097286775467,0.810126582278481,2,176.97823046457214,9878,4520,0.38095238095238093,0.0007401581227263255,64,79
"1, 1, 0, [-7.200000000000001,13.200000000000001], [8.74,17.259999999999998]","CholCheck, Smoker, HvyAlcoholConsump, PhysHlth, Age",1,0.08906297638981311,0.6165090283748925,1,153.30252811531125,9997,4520,0.23809523809523808,0.0003264794930248046,717,1163
"[-0.3600000000000001,2.3600000000000003], [-4.35,4.35], 0, 1","GenHlth, MentHlth, DiffWalk, Sex",0,0.17516655918320068,0.7058139534883721,1,167.4985784618603,9964,4568,0.19047619047619047,0.00039005072958039135,607,860
"1, 0, [1.88,8.120000000000001]","CholCheck, Sex, Age",0,0.09638546856714679,0.6263286999182338,1,229.54192377327496,9990,4572,0.14285714285714285,0.000479994965880922,766,1223
"1, 1, 0, 0, 0, 0, [-11.25,11.25], 1, [7.699999999999999,17.259999999999998]","HighBP, CholCheck, HeartDiseaseorAttack, Fruits, Veggies, HvyAlcoholConsump, MentHlth, DiffWalk, Age",1,0.4196570410303201,0.8405797101449275,4,206.68697195991248,9928,4577,0.42857142857142855,0.0017288119646835496,58,69
"1, 1, 0, 0, [2.8200000000000003,5.18]","HighBP, Smoker, Stroke, HvyAlcoholConsump, GenHlth",1,0.2698837056918838,0.7695473251028807,1,195.83470782584922,9979,4584,0.23809523809523808,0.0004095098287753959,748,972
"0, 1, 0, 0, 0, [-10.350000000000001,10.350000000000001], [-0.6100000000000001,2.6100000000000003]","HighChol, CholCheck, HeartDiseaseorAttack, PhysActivity, AnyHealthcare, PhysHlth, Income",1,0.004115226337448558,0.3333333333333333,1,156.84,5741,4595,0.3333333333333333,0.00032796802087936826,2,6
"1, 1, 0, [4.04,5.96], 1","HighBP, CholCheck, HvyAlcoholConsump, GenHlth, DiffWalk",1,0.42237736709908696,0.8416666666666667,1,267.1257448908727,9965,4598,0.23809523809523808,0.000558586469508968,202,240
"1, [30.025,69.975], 0, 0, 1","CholCheck, BMI, HvyAlcoholConsump, NoDocbcCost, DiffWalk",1,0.36207132949663795,0.8161290322580645,1,256.40649036026815,9986,4607,0.23809523809523808,0.0005361714434078166,506,620
"1, [-6.9,6.9], 0, [9.1,16.9]","AnyHealthcare, MentHlth, DiffWalk, Age",1,0.04895858862736182,0.5469728601252609,1,185.63417500378577,9985,4616,0.19047619047619047,0.00041099034996327355,786,1437
"1, 0, 0, 1, 0, 0, 0, [0.06000000000000005,9.08], [7.729437069497065,10.205]","CholCheck, Smoker, HeartDiseaseorAttack, PhysActivity, HvyAlcoholConsump, DiffWalk, Sex, Age, Income",0,0.3459424784242644,0.8087248322147651,1,314.05510260386103,9990,4621,0.42857142857142855,0.0006567204185670444,241,298
"0, 1, 1, 0, 0, 1, 0, 0, [0.06000000000000005,8.120000000000001], [5.795,10.205]","HighBP, HighChol, CholCheck, Smoker, HeartDiseaseorAttack, PhysActivity, HvyAlcoholConsump, DiffWalk, Age, Income",0,0.19474494400297804,0.7209302325581395,1,219.2906389279729,9892,4640,0.47619047619047616,0.0004585585108810216,93,129
"1, 1, 0, [2.5,5.32]","HighBP, CholCheck, HvyAlcoholConsump, GenHlth",1,0.27427149559108177,0.7720334810438207,2,182.75640916466514,9986,4650,0.19047619047619047,0.0007643236140876723,1568,2031
"1, 1, 1, 1, 1, 1, 1, 1, 0, 1, [4.705,7.295]","HighBP, HighChol, CholCheck, Smoker, HeartDiseaseorAttack, PhysActivity, Fruits, Veggies, HvyAlcoholConsump, AnyHealthcare, Income",1,0.19075113096875485,0.717948717948718,1,215.83844029491962,9783,4654,0.5238095238095238,0.0004513396205892277,28,39
"1, 0, 1","CholCheck, Veggies, DiffWalk",1,0.279581552734375,0.775,1,190.50992350276118,9986,4662,0.14285714285714285,0.0003983751757783756,279,360
"0, 0, 0, 0, [0.74,3.26], 0, [1.88,8.120000000000001]","HighBP, HighChol, HeartDiseaseorAttack, PhysActivity, GenHlth, DiffWalk, Age",0,0.49514246333408923,0.8688524590163934,1,202.48885007263735,9976,4670,0.3333333333333333,0.00042342430125262684,106,122
"1, 1, [9.8,64.2], 1, 0, 1","HighBP, CholCheck, BMI, Veggies, HvyAlcoholConsump, AnyHealthcare",1,0.14829450103977332,0.6826923076923077,1,199.79386614807464,9985,4673,0.2857142857142857,0.0004955705027785707,1349,1976
"0, 0, 0, 1, 0, [-0.41999999999999993,2.5], [4.3,15.7], 0","HighBP, Smoker, Stroke, PhysActivity, Fruits, GenHlth, MentHlth, DiffWalk",0,0.7241964340209961,0.9375,1,280.144392310784,9913,4695,0.38095238095238093,0.0005858097545691223,15,16
"0, 0, 0, 1, 0, [-4.6,8.6], 0","HighBP, HighChol, Smoker, PhysActivity, Fruits, PhysHlth, DiffWalk",0,0.4871485831827267,0.8660287081339713,1,311.2355696283702,9934,4697,0.3333333333333333,0.0006508244950158083,181,209
"1, 1, 1, 1, 1, [2.6799999999999997,5.8759369411692015], [-8.15,11.25], 1","HighBP, Smoker, HeartDiseaseorAttack, Fruits, AnyHealthcare, GenHlth, MentHlth, DiffWalk",1,0.27550608968587587,0.7727272727272727,1,278.72833783096746,9965,4716,0.38095238095238093,0.0005828486439774187,51,66
"0, 0, 0, [8.2,11.8]","PhysActivity, HvyAlcoholConsump, NoDocbcCost, Age",1,0.1548268320335173,0.6886035313001605,1,205.51088279309965,9997,4723,0.19047619047619047,0.0004297436718874312,429,623
"1, [30.025,69.975], 1, 0, 0, [2.6799999999999997,5.96], [-11.25,6.3], 1","CholCheck, BMI, PhysActivity, Veggies, HvyAlcoholConsump, GenHlth, MentHlth, DiffWalk",1,0.512908935546875,0.875,1,237.94059071265303,9573,4733,0.38095238095238093,0.0004975574127958213,35,40
"1, 1, 0, 0, [-3.250000000000001,7.250000000000001], 1, 0","HighBP, HeartDiseaseorAttack, Veggies, HvyAlcoholConsump, MentHlth, DiffWalk, Sex",1,0.22481780895283973,0.7419354838709677,1,208.79800255341524,9702,4736,0.3333333333333333,0.00043661736585698087,23,31
"0, 0, 0, 1, 1","HighBP, HeartDiseaseorAttack, Fruits, AnyHealthcare, NoDocbcCost",0,0.06922366952724099,0.5862068965517241,1,109.72476578225705,9989,4742,0.23809523809523808,0.00022944538558441132,34,58
"1, [9.8,64.2], 1, 0, 0, [2.06,5.32], [5.5200000000000005,12.48]","HighBP, BMI, Veggies, HvyAlcoholConsump, NoDocbcCost, GenHlth, Age",1,0.3108122757450369,0.791588785046729,3,237.13730067316715,9979,4750,0.3333333333333333,0.001487632960567221,847,1070
"1, 0, 0, 0, [1.775,4.225]","CholCheck, Fruits, HvyAlcoholConsump, NoDocbcCost, Education",1,0.11541529782461481,0.6493108728943339,1,163.09868675860895,9979,4754,0.23809523809523808,0.0003599270416818816,424,653
"1, 1, [30.025,69.975], 1, 0, [7.699999999999999,12.620000000000001], [0.07499999999999973,3.9250000000000003]","HighBP, CholCheck, BMI, Veggies, HvyAlcoholConsump, Age, Income",1,0.46895047445417626,0.8594594594594595,1,248.0504751479651,9985,4764,0.3333333333333333,0.0005186981854913608,159,185
"1, 0, 1, 0, 1, 0, [0.06000000000000005,9.08], [4.95,7.05]","CholCheck, Smoker, PhysActivity, HvyAlcoholConsump, AnyHealthcare, DiffWalk, Age, Education",0,0.23636225546075496,0.7494033412887828,1,298.6019283638919,9990,4768,0.38095238095238093,0.0006244062960741426,628,838
"0, 0, [1.88,8.120000000000001]","HighBP, Stroke, Age",0,0.29077659518025123,0.7811094452773614,1,227.0313142563959,9990,4769,0.14285714285714285,0.00047474503197087516,1042,1334
"1, 0, [-0.3600000000000001,2.3600000000000003], [-23.70536638791693,9.0]","CholCheck, HvyAlcoholConsump, GenHlth, PhysHlth",0,0.2069453948491594,0.7297450424929178,1,181.57049471190416,9990,4796,0.19047619047619047,0.0004360285027340344,1288,1765
"0, 1, [-6.050000000000001,57.025], 0, 0, 0, [-0.3600000000000001,2.5], 0","HighBP, CholCheck, BMI, Smoker, Veggies, HvyAlcoholConsump, GenHlth, DiffWalk",0,0.46687037804673215,0.8586956521739131,1,202.52275034858428,9913,4817,0.38095238095238093,0.00042349519009737043,79,92
"[30.025,69.975], 1, 0, [3.4,6.6]","BMI, Veggies, HvyAlcoholConsump, Education",1,0.11717785613413982,0.6512820512820513,1,204.31036233941592,9997,4834,0.19047619047619047,0.0004272332643560626,889,1365
"1, [19.675,64.2], 1, 1, 0, [4.04,5.96], 0","CholCheck, BMI, HeartDiseaseorAttack, Veggies, HvyAlcoholConsump, GenHlth, Sex",1,0.3344500190985326,0.8032786885245902,1,230.47652600895952,9937,4848,0.3333333333333333,0.0004819493120014709,49,61
"1, 0, 0, [2.6799999999999997,5.32], 1, [7.699999999999999,17.259999999999998], [3.3899999999999997,6.61]","CholCheck, Veggies, HvyAlcoholConsump, GenHlth, DiffWalk, Age, Income",1,0.34298953627970724,0.8073394495412844,1,236.21466804551068,9942,4851,0.3333333333333333,0.0004939483370413357,88,109
"[30.025,69.975], [2.5,5.5], 0","BMI, GenHlth, DiffWalk",1,0.1419576504926394,0.6767554479418886,2,160.04232283168085,9979,4855,0.14285714285714285,0.0006693287920944058,559,826
"1, [3.375,58.625], 0, 1, 0, 1, [3.3,6.7]","CholCheck, BMI, Stroke, PhysActivity, HvyAlcoholConsump, AnyHealthcare, Education",0,0.05312361083884894,0.5559778852798894,1,220.86259096688653,9990,4860,0.3333333333333333,0.0005030729967859376,1609,2894
"1, 1, 0, [2.5,5.32], [-11.25,11.25], 0, [2.5749999999999997,5.425000000000001]","PhysActivity, Veggies, NoDocbcCost, GenHlth, MentHlth, Sex, Education",1,0.12892080279853274,0.6638418079096046,1,247.61865054616624,9762,4869,0.3333333333333333,0.0005177951973504594,235,354
"[8.3,45.7], 1, [4.45,7.55]","BMI, PhysActivity, Education",0,0.0787152710920419,0.6014669926650367,2,192.98605177643554,9990,4873,0.14285714285714285,0.0008604144616403149,1476,2454
"1, 0, 0, 0, [-0.3600000000000001,2.3600000000000003], [-11.059070043073696,4.35], [-23.70536638791693,9.0], 0, [1.88,8.120000000000001]","CholCheck, Stroke, HeartDiseaseorAttack, HvyAlcoholConsump, GenHlth, MentHlth, PhysHlth, DiffWalk, Age",0,0.4200724401970133,0.8407460545193687,1,236.71389705788684,9990,4873,0.42857142857142855,0.0005523479390013844,586,697
"0, 1, 0, 0, [-0.3600000000000001,2.3600000000000003], [-4.35,4.35]","HighBP, CholCheck, Stroke, Fruits, GenHlth, MentHlth",0,0.3089247573891282,0.790625,1,209.2939722273531,9989,4877,0.2857142857142857,0.00043765448771605753,253,320
"1, [9.8,64.2], 1, 0, 0, [2.06,5.32]","HighBP, BMI, Veggies, HvyAlcoholConsump, NoDocbcCost, GenHlth",1,0.2815413305926595,0.776083467094703,1,251.4031345241198,9979,4887,0.2857142857142857,0.0005257089293085,967,1246
"1, 1, 1, 0, [2.5,5.32], [-11.25,11.25], 0, [2.5749999999999997,5.425000000000001]","PhysActivity, Veggies, AnyHealthcare, NoDocbcCost, GenHlth, MentHlth, Sex, Education",1,0.13168724279835387,0.6666666666666666,2,247.52002951155254,9762,4898,0.38095238095238093,0.0010351779419396417,230,345
"1, 1, 0, [2.5,5.32], [-11.25,11.25], [-8.350000000000001,12.350000000000001], 0, [2.5749999999999997,5.425000000000001]","PhysActivity, Veggies, NoDocbcCost, GenHlth, MentHlth, PhysHlth, Sex, Education",1,0.12393011330130749,0.6586206896551724,1,236.97369406305555,9762,4898,0.38095238095238093,0.0004955355358475722,191,290
"1, 1, 0, 1, 0","HighBP, Fruits, HvyAlcoholConsump, DiffWalk, Sex",1,0.24424295333871487,0.7543352601156069,1,219.56104966154606,9937,4916,0.23809523809523808,0.00045912396658820425,261,346
"1, [9.8,69.975], 0, 0","HighBP, BMI, HvyAlcoholConsump, NoDocbcCost",1,0.14975547119265306,0.6840321897501059,1,158.3297143162383,9986,4946,0.19047619047619047,0.0003600929080390172,1615,2361
"0, [24.15,35.85], [7.699999999999999,17.259999999999998], [0.07499999999999973,3.9250000000000003]","HvyAlcoholConsump, PhysHlth, Age, Income",1,0.29513947142462016,0.7834394904458599,1,211.25191537549023,9896,4957,0.19047619047619047,0.0004417487413458003,123,157
"0, 0, 1, [-0.3600000000000001,2.3600000000000003], [-4.35,10.05], 0, 0","HighChol, Stroke, AnyHealthcare, GenHlth, MentHlth, DiffWalk, Sex",0,0.5244201486862314,0.8788927335640139,1,273.23875867570456,9990,4973,0.3333333333333333,0.0005713693886151884,508,578
"1, 0, 0, 1, 0, [2.6799999999999997,5.32], 1, 0, [5.0,11.0], [1.825,4.175]","CholCheck, HeartDiseaseorAttack, PhysActivity, Fruits, HvyAlcoholConsump, GenHlth, DiffWalk, Sex, Age, Education",1,0.3184760948686285,0.7954545454545454,1,226.53299306510502,9886,4975,0.47619047619047616,0.00047370299285540775,35,44
"1, 0, 0, [2.6799999999999997,5.32], 1","HighBP, Veggies, HvyAlcoholConsump, GenHlth, DiffWalk",1,0.39141258549171,0.8289473684210527,2,200.94820625269747,9986,4975,0.23809523809523808,0.000840405323947415,189,228
"[19.984682880447394,57.025], [-4.35,4.35], [-23.70536638791693,9.0], 0, [4.45,7.05]","BMI, MentHlth, PhysHlth, DiffWalk, Education",0,0.09635369137527423,0.6262873957822462,1,195.61057783545948,9976,4980,0.23809523809523808,0.0004370674117156912,1277,2039
"1, 0, 1, [2.7199999999999998,5.28], 1, [9.1,16.9]","HighChol, Stroke, AnyHealthcare, GenHlth, Sex, Age",1,0.31460303573630527,0.7935103244837758,1,244.33205399388072,9965,5009,0.2857142857142857,0.0005109225974608773,269,339
"0, 0, 1, 0, 1, [0.74,3.26], [3.8,6.2]","HighBP, HighChol, CholCheck, HeartDiseaseorAttack, AnyHealthcare, GenHlth, Education",0,0.3960022701197103,0.8308823529411765,1,264.6639945407962,9990,5014,0.3333333333333333,0.0005534387049704976,904,1088
"0, 0, 0, 0, [1.88,7.0], [4.3,7.7]","HighBP, Smoker, DiffWalk, Sex, Age, Education",0,0.6034958883686258,0.9039301310043668,1,346.56617785548826,9990,5035,0.2857142857142857,0.0007247043066500359,207,229
"0, [24.15,35.85], 1, 0","HvyAlcoholConsump, PhysHlth, DiffWalk, Sex",1,0.20290391889841083,0.7268722466960352,1,226.54506960637065,9937,5038,0.19047619047619047,0.0004737282461029081,165,227
"1, 1, 1, [33.275,64.725], 1, 0, 1, 1, 0, [4.970000000000001,9.03]","HighBP, HighChol, CholCheck, BMI, Fruits, HvyAlcoholConsump, AnyHealthcare, DiffWalk, Sex, Income",1,0.6137348111359834,0.9069767441860465,1,286.8256422535893,9611,5038,0.47619047619047616,0.0005997809119316717,39,43
"1, [4.550000000000001,64.2], 1, 1, 1, 0, [4.04,5.96], 1","CholCheck, BMI, HeartDiseaseorAttack, Fruits, Veggies, HvyAlcoholConsump, GenHlth, DiffWalk",1,0.26487008230452685,0.7666666666666667,1,263.6407973762503,9965,5044,0.38095238095238093,0.000551299098052457,46,60
"0, 0, 0, 1, 0, 0, 0, [6.355,9.645]","Smoker, Stroke, HeartDiseaseorAttack, PhysActivity, HvyAlcoholConsump, NoDocbcCost, DiffWalk, Income",0,0.223451371978511,0.7410313901345291,1,297.1827140802244,9990,5053,0.38095238095238093,0.0006214385780186838,661,892
"1, [9.8,64.2], 0, 0, 1, [-21.434149052220256,11.25], 1","HighBP, BMI, Fruits, HvyAlcoholConsump, AnyHealthcare, MentHlth, DiffWalk",1,0.3666478320532007,0.8181818181818182,1,232.29349500188232,9928,5068,0.3333333333333333,0.000485748774667934,189,231
"1, 1, 1, 0, 0, 1, [2.08,3.92], [-9.649999999999999,11.649999999999999], [-4.65,4.65], [5.585,10.415]","HighBP, HighChol, CholCheck, HeartDiseaseorAttack, HvyAlcoholConsump, AnyHealthcare, GenHlth, MentHlth, PhysHlth, Income",1,0.21208362139917689,0.7333333333333333,1,209.8188201941379,9550,5074,0.47619047619047616,0.0004387519969543193,176,240
"0, 0, 0, 1","HighBP, HighChol, Stroke, AnyHealthcare",0,0.2914597326817069,0.7814761215629522,1,262.0181680764421,9990,5075,0.19047619047619047,0.0005479060189904897,1080,1382
"0, 0, 1, 0, [-0.41999999999999993,2.8200000000000003], 0, [0.06000000000000005,8.120000000000001], [5.795,10.205]","HighBP, HeartDiseaseorAttack, PhysActivity, HvyAlcoholConsump, GenHlth, DiffWalk, Age, Income",0,0.6154404904580504,0.90748031496063,1,305.1199406784389,9990,5100,0.38095238095238093,0.0006380361073395681,461,508
"1, 1, 1, 1, 0, [7.699999999999999,17.259999999999998]","HighBP, CholCheck, HeartDiseaseorAttack, Veggies, HvyAlcoholConsump, Age",1,0.3016872885878291,0.7868852459016393,1,271.72632306808447,9985,5104,0.2857142857142857,0.0005682067355105043,288,366
"1, [30.025,69.975], 0, 0, 0, 1, [2.6799999999999997,3.713485583757088]","HighBP, BMI, PhysActivity, Fruits, HvyAlcoholConsump, AnyHealthcare, GenHlth",1,0.16529662857527172,0.6976744186046512,1,234.1166746481086,9896,5110,0.3333333333333333,0.0004895612244274366,60,86
"1, [30.025,88.55754437842535], 1, 0, 1, 1, [-9.0,9.0], 0, [8.2,11.8]","HighBP, BMI, Smoker, Stroke, HeartDiseaseorAttack, PhysActivity, MentHlth, DiffWalk, Age",1,0.14995078952820548,0.6842105263157895,1,276.08179764232193,9640,5127,0.42857142857142855,0.0005773144655290141,13,19
"0, 0, [2.6799999999999997,5.32], [0.7749999999999999,3.225]","PhysActivity, Fruits, GenHlth, Education",1,0.2373046875,0.75,1,194.96214342045562,9896,5134,0.19047619047619047,0.0004076852099209792,57,76
"1, 1, [8.3,57.025], 0, [-0.3600000000000001,2.3600000000000003]","HighBP, CholCheck, BMI, Stroke, GenHlth",0,0.05364118979687998,0.5570570570570571,1,120.36314468429843,9988,5136,0.23809523809523808,0.00023604311304724573,371,666
"0, 0, 0, 1, 0, [1.7482827642608214,7.213872470891892], [5.795,10.205]","HighBP, Smoker, Stroke, AnyHealthcare, DiffWalk, Age, Income",0,0.513711107638304,0.87527352297593,1,313.3353979426485,9990,5139,0.3333333333333333,0.000655215444623181,400,457
"0, 1, 0, 1, 1, [-4.35,10.05], 0, 0","HighChol, CholCheck, Stroke, PhysActivity, AnyHealthcare, MentHlth, DiffWalk, Sex",0,0.28850167009803807,0.7798833819241983,1,294.962167211774,9990,5156,0.38095238095238093,0.0006167951939220531,535,686
"0, 0, 0, 1, [-0.3600000000000001,2.3600000000000003], [-4.35,10.05], 0, 0","HighChol, Stroke, HvyAlcoholConsump, AnyHealthcare, GenHlth, MentHlth, DiffWalk, Sex",0,0.4824205344016619,0.8643410852713178,1,276.4978777513778,9990,5156,0.38095238095238093,0.0005781845303714925,446,516
"0, 0, 0, 0, [2.6799999999999997,5.32]","PhysActivity, Fruits, HvyAlcoholConsump, NoDocbcCost, GenHlth",1,0.17711005985390205,0.7073732718894009,1,151.6202876158798,9928,5159,0.23809523809523808,0.00031705308374483987,307,434
"1, 1, [13.225000000000001,66.775], 0, 1, [2.25,5.75]","HighBP, CholCheck, BMI, Smoker, AnyHealthcare, Education",1,0.1784629968739657,0.7084507042253522,1,185.52190491687568,9985,5164,0.2857142857142857,0.00041853851261653677,503,710
"1, 1, 1, 1, 0, 1, 0, [8.2,11.8]","HighBP, CholCheck, Smoker, HeartDiseaseorAttack, HvyAlcoholConsump, AnyHealthcare, DiffWalk, Age",1,0.22481780895283973,0.7419354838709677,1,207.04704763533078,9783,5167,0.38095238095238093,0.0004329559451790087,69,93
"0, 1, 1, [0.74,3.26], 0, [1.88,8.120000000000001]","HighChol, CholCheck, AnyHealthcare, GenHlth, DiffWalk, Age",0,0.3899831348778191,0.8283410138248848,1,239.20817215714587,9990,5170,0.2857142857142857,0.000558867660276511,719,868
"[-9.9,8.6], 0, [4.45,7.55]","PhysHlth, DiffWalk, Education",0,0.1049519769616836,0.6370860927152318,2,200.3682423339626,9990,5182,0.14285714285714285,0.0008990066961931476,1443,2265
"1, 1, [30.025,69.975], 1, 1, [22.2,37.8], 1, [9.1,17.259999999999998], [2.69,7.3100000000000005]","HighBP, CholCheck, BMI, Veggies, AnyHealthcare, MentHlth, DiffWalk, Age, Income",1,0.512908935546875,0.875,1,256.7088,9904,5184,0.42857142857142855,0.0005368036028966946,7,8
"0, 1, 0, 1, [-4.35,10.05], 0, 0","HighChol, CholCheck, Stroke, AnyHealthcare, MentHlth, DiffWalk, Sex",0,0.24197222122157086,0.752927400468384,1,267.2672105237156,9990,5188,0.3333333333333333,0.0005588822882007937,643,854
"1, 1, 0, 0, 0, 1, [-1.1171943567760554,11.25]","HighBP, HighChol, HeartDiseaseorAttack, PhysActivity, HvyAlcoholConsump, AnyHealthcare, MentHlth",1,0.24744446304104997,0.7563025210084033,1,232.27731052886395,9961,5203,0.3333333333333333,0.0004857149313270464,270,357
"0, [-9.9,8.6], [4.45,7.55], [0.6549999999999998,5.345000000000001]","HighChol, PhysHlth, Education, Income",0,0.08620460479736332,0.6125,1,178.03490935486238,9941,5205,0.19047619047619047,0.0003722886818958935,196,320
"0, 0, 0, 0, 0, [1.88,8.74]","HighBP, Smoker, Stroke, Fruits, DiffWalk, Age",0,0.34722166987993697,0.809322033898305,1,269.8974216612611,9934,5207,0.2857142857142857,0.0005643823209811791,191,236
"1, 1, 0, 0, [0.5800000000000001,3.42], [-1.1171943567760554,11.25]","HighBP, HighChol, PhysActivity, HvyAlcoholConsump, GenHlth, MentHlth",1,0.15966822337790798,0.6928571428571428,1,204.42600665797033,9942,5217,0.2857142857142857,0.0004274750881145568,194,280
"1, 1, 1, 0, 0, 0, 0, 1","HighBP, HighChol, CholCheck, Stroke, HeartDiseaseorAttack, PhysActivity, HvyAlcoholConsump, AnyHealthcare",1,0.2740874207684612,0.7719298245614035,1,213.55728639678279,9961,5217,0.38095238095238093,0.0004465695011726682,308,399
"0, 0, 1, 0, 0, [-4.050000000000001,4.050000000000001], [5.025,6.95]","HighBP, HighChol, CholCheck, Smoker, Stroke, MentHlth, Education",0,0.500719701059529,0.8708010335917312,1,329.57391290874176,9990,5221,0.3333333333333333,0.0006891717925921277,337,387
"0, 1, 1, 1, 0, [-0.3600000000000001,2.3600000000000003], [-4.2,4.2], 0, 0, [1.88,8.120000000000001], [4.45,7.55]","HighChol, CholCheck, PhysActivity, Veggies, AnyHealthcare, GenHlth, PhysHlth, DiffWalk, Sex, Age, Education",0,0.3276800000000001,0.8,1,285.2,9646,5225,0.5238095238095238,0.0005963815324840335,4,5
"1, 1, [4.04,5.96], [20.25,39.75], 0, [4.41,9.59]","HighBP, NoDocbcCost, GenHlth, MentHlth, DiffWalk, Income",1,0.03125,0.5,1,107.0,8787,5229,0.2857142857142857,0.00022374762964863813,1,2
"0, 0, 0, 1, [-0.3600000000000001,2.3600000000000003], 0","HighChol, Stroke, Veggies, AnyHealthcare, GenHlth, Sex",0,0.2805030468350874,0.7755102040816326,1,180.13634774174372,9827,5255,0.2857142857142857,0.0003766829983250277,38,49
"1, 1, 0, 0, 0, 1, [1.4499999999999993,23.4], 0","HighChol, CholCheck, HeartDiseaseorAttack, PhysActivity, HvyAlcoholConsump, AnyHealthcare, PhysHlth, DiffWalk",1,0.08825375108068294,0.6153846153846154,1,166.3538095143011,9961,5259,0.38095238095238093,0.00034786234169949476,48,78
"1, 1, 0, 0, 0, [0.5800000000000001,3.42], [-1.1171943567760554,11.25]","HighBP, HighChol, Smoker, PhysActivity, HvyAlcoholConsump, GenHlth, MentHlth",1,0.10934791964804243,0.6423357664233577,1,235.61699182339902,9844,5276,0.3333333333333333,0.0004926985366862438,88,137
"1, [30.025,69.975], 0, 0, 0, 1, [2.6799999999999997,3.713485583757088], [2.3,7.7]","HighBP, BMI, PhysActivity, Fruits, HvyAlcoholConsump, AnyHealthcare, GenHlth, Age",1,0.07775999999999998,0.6,1,180.33705691396833,8499,5276,0.38095238095238093,0.00037710270114310244,12,20
"1, 1, 0, 0, 0, 0","HighBP, CholCheck, Stroke, PhysActivity, HvyAlcoholConsump, NoDocbcCost",1,0.22087737310317185,0.7393162393162394,1,178.4968855232239,9961,5281,0.2857142857142857,0.00040017599582254965,519,702
"0, 1, 0, [-0.3600000000000001,2.3600000000000003], 0, 0, [4.48,9.52]","Stroke, AnyHealthcare, NoDocbcCost, GenHlth, DiffWalk, Sex, Age",0,0.37461121483932946,0.8217054263565892,1,293.7614491314187,9990,5294,0.3333333333333333,0.0006142843731336815,318,387
"1, 1, 1, [33.275,64.725], 0, 0, 0, 1","HighBP, HighChol, CholCheck, BMI, Smoker, Stroke, HvyAlcoholConsump, DiffWalk",1,0.5332062673935586,0.8818181818181818,1,291.3257244907551,9659,5299,0.38095238095238093,0.0006091910309390529,97,110
"0, 1, 0, [4.04,5.96], [24.15,35.85], 1","HighChol, CholCheck, AnyHealthcare, GenHlth, PhysHlth, DiffWalk",1,0.0,0.0,1,80.0,5330,5330,0.2857142857142857,0.00016728794740085093,0,1
"0, 0, 1, 0, 0, [-9.9,8.6], 0, [8.54,13.46], [4.45,7.55]","HighBP, HighChol, Smoker, HeartDiseaseorAttack, HvyAlcoholConsump, PhysHlth, DiffWalk, Age, Education",0,0.1277682615167675,0.6626506024096386,1,155.37476738946592,9964,5339,0.42857142857142855,0.0003249040739308553,55,83
"[30.025,69.975], 0, 0, 1, 0","BMI, Veggies, HvyAlcoholConsump, DiffWalk, Sex",1,0.3313867495966995,0.8018018018018018,1,192.26890958743962,9921,5341,0.23809523809523808,0.000402053390423532,89,111
"0, 0, 0, 1, 1, 0, 0, 1, [1.88,8.120000000000001]","HighBP, HighChol, HeartDiseaseorAttack, PhysActivity, AnyHealthcare, NoDocbcCost, DiffWalk, Sex, Age",0,0.48146942420582395,0.864,1,289.5750740488253,9934,5355,0.42857142857142855,0.0006055302469509674,216,250
"1, [30.025,69.975], 0, 1, 0, [2.5,5.5], [3.9749999999999996,6.025]","HighBP, BMI, Fruits, Veggies, HvyAlcoholConsump, GenHlth, Education",1,0.3540925979614258,0.8125,1,200.82260982104103,9979,5375,0.3333333333333333,0.00041994002735804903,182,224
"1, 1, 1, 1, 1, [-6.9,6.9], [9.1,16.9]","HighBP, Stroke, PhysActivity, Fruits, AnyHealthcare, MentHlth, Age",1,0.22059995870325735,0.7391304347826086,1,179.5655703825152,9683,5388,0.3333333333333333,0.000375489446164425,34,46
"1, 1, [-6.9,6.9], [9.1,16.9]","HighBP, Stroke, MentHlth, Age",1,0.22301350200402018,0.7407407407407407,1,220.79031382207683,9942,5388,0.19047619047619047,0.000461694480066062,80,108
"1, [30.025,69.975], 1, 0, 1, [2.5,5.5], [2.2,3.8]","HighBP, BMI, Veggies, HvyAlcoholConsump, NoDocbcCost, GenHlth, Education",1,0.3666478320532007,0.8181818181818182,1,210.65592320000002,9776,5392,0.3333333333333333,0.00044050246249949124,9,11
"0, 0, 1, [-4.35,4.35], [-5.7,5.7], 0","Smoker, Stroke, AnyHealthcare, MentHlth, PhysHlth, DiffWalk",0,0.10477216095868053,0.6368676368676369,1,240.7016552762534,9990,5395,0.2857142857142857,0.0005627714372370315,919,1443
"1, 1, 0, 1, 1, 1, [4.04,5.96], [-6.3,6.3], [4.970000000000001,9.03]","HighChol, CholCheck, HeartDiseaseorAttack, Veggies, AnyHealthcare, NoDocbcCost, GenHlth, MentHlth, Income",1,1.0,1.0,1,221.0,5398,5398,0.42857142857142855,0.0004621329546948507,1,1
"0, 0, 0, 1, 0, [-4.35,4.35], [0.791129993646492,5.7], 0","Smoker, Stroke, HeartDiseaseorAttack, AnyHealthcare, NoDocbcCost, MentHlth, PhysHlth, DiffWalk",0,0.09091180653955425,0.6190476190476191,1,255.1493541134123,9893,5402,0.38095238095238093,0.00053354264662857,169,273
"1, 1, [30.025,69.975], 1, 0, 0, [1.4499999999999993,23.4], 0, [4.225,7.775]","HighBP, CholCheck, BMI, Smoker, Stroke, PhysActivity, PhysHlth, DiffWalk, Education",1,0.2373046875,0.75,1,203.546988081152,9961,5405,0.42857142857142855,0.00042563697294651737,12,16
"1, 1, 1, 0, 0","HighBP, HeartDiseaseorAttack, Veggies, HvyAlcoholConsump, Sex",1,0.2859170948669213,0.7784810126582279,1,231.939161780892,9985,5441,0.23809523809523808,0.0004850078287024914,123,158
"0, 0, [-0.3600000000000001,2.5], [-8.1,21.626512130921007], 0","HighChol, Veggies, GenHlth, PhysHlth, Sex",0,0.2770383778382806,0.7735849056603774,1,174.96603689976354,9827,5447,0.23809523809523808,0.0003658713647227873,41,53
"1, 1, 0, 1, [4.04,5.96]","HighChol, CholCheck, Stroke, Fruits, GenHlth",1,0.40923777138918715,0.8363636363636363,1,270.67140466602797,9965,5448,0.23809523809523808,0.0005660007963335616,92,110
"1, 1, 1, 0, 0, 0, [-20.828696807332832,11.25], 1","HighBP, CholCheck, Smoker, Stroke, PhysActivity, HvyAlcoholConsump, MentHlth, DiffWalk",1,0.294720215467257,0.7832167832167832,1,217.14268807307627,9896,5458,0.38095238095238093,0.0004540669322606021,112,143
"[30.025,69.975], 1, [2.6799999999999997,5.32]","BMI, AnyHealthcare, GenHlth",1,0.22698868709122902,0.7433628318584071,2,225.7541159511439,9986,5465,0.14285714285714285,0.0009441485668690141,924,1243
"1, 0, 0, [2.5,5.32]","Veggies, HvyAlcoholConsump, NoDocbcCost, GenHlth",1,0.12280780551668584,0.657423454650491,1,216.85223305577648,9979,5473,0.19047619047619047,0.00045345956196489755,1138,1731
"1, 1, 0, 1, 0, 1, 0, [2.94,5.0600000000000005], [-2.8499999999999996,14.85], [8.2,11.8]","HighBP, HighChol, Stroke, Fruits, HvyAlcoholConsump, AnyHealthcare, NoDocbcCost, GenHlth, PhysHlth, Age",1,0.36075329524860394,0.8155339805825242,1,200.18139042218817,9874,5488,0.47619047619047616,0.00041859917389470275,168,206
"0, 1, 0, 1, [-0.3600000000000001,2.3600000000000003], [-11.059070043073696,10.05], [-23.70536638791693,6.592485510487688], 0, [4.45,8.329303261655715]","HighChol, CholCheck, HeartDiseaseorAttack, Veggies, GenHlth, MentHlth, PhysHlth, DiffWalk, Education",0,0.46774296022667516,0.8590163934426229,1,263.62339703717936,9990,5490,0.42857142857142855,0.0005512627122148662,524,610
"1, 1, [1.75,44.25], 1, 0, 0, [4.215,7.785]","HighBP, CholCheck, BMI, Veggies, HvyAlcoholConsump, Sex, Income",1,0.11541902672062711,0.6493150684931507,1,225.90123479989018,9979,5495,0.3333333333333333,0.0004723819235623913,237,365
"[19.675,69.975], [2.5,5.5]","BMI, GenHlth",1,0.11738261441052363,0.6515095042862468,1,175.18193211328907,9986,5497,0.09523809523809523,0.00036632282306184175,1748,2683
"1, 0, 0, 0, 1, [7.699999999999999,17.259999999999998]","CholCheck, Stroke, Veggies, HvyAlcoholConsump, DiffWalk, Age",1,0.2713965856747008,0.7704081632653061,1,208.43308861608233,9928,5502,0.2857142857142857,0.00043585429456255106,151,196
"0, 1, 0, [-11.25,11.25], 1, [7.699999999999999,17.259999999999998]","Stroke, HeartDiseaseorAttack, HvyAlcoholConsump, MentHlth, DiffWalk, Age",1,0.3158088059220047,0.7941176470588235,1,251.34309945520687,9965,5515,0.2857142857142857,0.0005255833900153687,135,170
"1, 1, 1, [4.04,5.96]","HighChol, CholCheck, AnyHealthcare, GenHlth",1,0.44124847849567816,0.8490566037735849,2,274.68498670375106,9965,5524,0.19047619047619047,0.0011487871901875136,180,212
"[56.36924662311171,69.975], 0, 0, [8.2,11.8]","BMI, PhysActivity, NoDocbcCost, Age",1,0.3276800000000001,0.8,1,291.4,8676,5527,0.19047619047619047,0.0006093463484075995,4,5
"[-5.024999999999999,57.025], 0, 0, 1, 0, [-0.41999999999999993,2.8200000000000003], [-4.35,2.96239722654067], [-5.7,5.7], 0, [0.06000000000000005,2.98]","BMI, Smoker, Stroke, PhysActivity, HvyAlcoholConsump, GenHlth, MentHlth, PhysHlth, DiffWalk, Age",0,1.0,1.0,1,344.5180023822378,9605,5528,0.47619047619047616,0.0007204213682645755,39,39
"0, 0, 1, 0, [-0.98,8.120000000000001]","HighBP, Smoker, Fruits, DiffWalk, Age",0,0.4763089789509833,0.8621399176954733,1,281.93042162761316,9990,5528,0.23809523809523808,0.0005895445192992485,419,486
"1, 0, 0, 1, [7.699999999999999,17.259999999999998], [3.5,6.5]","CholCheck, Veggies, HvyAlcoholConsump, DiffWalk, Age, Education",1,0.2877695799797569,0.7794871794871795,1,208.83183357255683,9942,5531,0.2857142857142857,0.0004366881098788643,152,195
"1, 1, [30.025,69.975], 0, 1, [4.04,5.96], [-20.828696807332832,11.25], 1","HighBP, CholCheck, BMI, HeartDiseaseorAttack, Fruits, GenHlth, MentHlth, DiffWalk",1,0.18593443208187066,0.7142857142857143,1,297.22159499136467,9699,5546,0.38095238095238093,0.0006215198818664054,15,21
"1, 1, 1, 0, 0, 1, 0, 1, 0, [-20.828696807332832,11.25], 1","HighBP, CholCheck, Smoker, Stroke, PhysActivity, Fruits, HvyAlcoholConsump, AnyHealthcare, NoDocbcCost, MentHlth, DiffWalk",1,0.20142070948069682,0.7258064516129032,1,209.51720249909548,9699,5548,0.5238095238095238,0.00043812128439052646,45,62
"0, 0, [2.6799999999999997,5.32], [8.2,11.8]","PhysActivity, HvyAlcoholConsump, GenHlth, Age",1,0.22640564854419667,0.7429805615550756,1,232.91067054321053,9942,5555,0.19047619047619047,0.0004870393500366191,344,463
"0, 0, 1, 1, [-9.9,9.9], [-4.4,12.4], 0, 0, [0.2999999999999998,7.0]","Smoker, Stroke, Veggies, AnyHealthcare, MentHlth, PhysHlth, DiffWalk, Sex, Age",0,0.49136124840487827,0.8675213675213675,1,306.514093973537,9990,5563,0.42857142857142855,0.0006409514203783068,203,234
"1, 1, 0, 1, 1, 1, 0","HighChol, CholCheck, Stroke, Fruits, AnyHealthcare, DiffWalk, Sex",1,0.256404618425724,0.7617021276595745,1,252.15612430194506,9937,5570,0.3333333333333333,0.0005272835057378277,179,235
"0, 0, 1, [-9.3,9.3], 0, [-0.98,8.120000000000001]","HighBP, Smoker, AnyHealthcare, PhysHlth, DiffWalk, Age",0,0.441637723777116,0.8492063492063492,1,311.5235169813858,9990,5578,0.2857142857142857,0.000651426621536377,535,630
"1, 0, 0, 0, 1, 0, [-8.7,8.7], [7.699999999999999,17.259999999999998]","Smoker, Stroke, PhysActivity, HvyAlcoholConsump, AnyHealthcare, NoDocbcCost, MentHlth, Age",1,0.15462881230151101,0.6884272997032641,1,162.2358232103115,9997,5582,0.38095238095238093,0.0003392512232467543,232,337
"1, 0, [-11.25,11.25], 1","CholCheck, HvyAlcoholConsump, MentHlth, DiffWalk",1,0.2003489862032819,0.7250324254215305,1,181.14569520079854,9965,5602,0.19047619047619047,0.00037879364413302203,559,771
"1, 1, 0, 1, 0, 0, [2.06,5.0600000000000005], [-2.8499999999999996,14.85]","HighBP, HighChol, Stroke, Fruits, HvyAlcoholConsump, NoDocbcCost, GenHlth, PhysHlth",1,0.3184760948686285,0.7954545454545454,1,208.37847777604844,9878,5619,0.38095238095238093,0.00043574009787086224,315,396
"1, 1, 0, 1, 1, 0, 1, 1, [3.5999999999999996,6.4]","HighBP, HighChol, Stroke, Fruits, Veggies, HvyAlcoholConsump, AnyHealthcare, DiffWalk, Income",1,0.318965606142411,0.7956989247311828,1,274.0051682394047,9937,5627,0.42857142857142855,0.0005729720271499357,74,93
"1, 1, 0, [2.76,5.24], [19.65,40.35], 1, 0, [3.4,6.6]","CholCheck, Veggies, NoDocbcCost, GenHlth, PhysHlth, DiffWalk, Sex, Education",1,0.279581552734375,0.775,1,223.53693966987663,9887,5627,0.38095238095238093,0.00046743794757051887,93,120
"1, [4.550000000000001,64.2], 0, 1, 1, 0, [4.04,5.96], 1, 0","CholCheck, BMI, Smoker, HeartDiseaseorAttack, Fruits, HvyAlcoholConsump, GenHlth, DiffWalk, Sex",1,0.18593443208187066,0.7142857142857143,1,217.9921091318068,9887,5641,0.42857142857142855,0.0004558431560780282,15,21
"1, [30.025,69.975], 1, 0, 1, [2.5,5.5], [7.0600000000000005,12.94]","HighBP, BMI, Veggies, HvyAlcoholConsump, AnyHealthcare, GenHlth, Age",1,0.4036127921111184,0.834051724137931,1,272.0698916868768,9979,5642,0.3333333333333333,0.0005689251716233683,387,464
"1, 1, [30.025,69.975], 1, 0, [2.5,5.96], 1, 1, [7.0600000000000005,12.94]","HighBP, HighChol, BMI, Veggies, HvyAlcoholConsump, GenHlth, DiffWalk, Sex, Age",1,0.6865219323682495,0.927536231884058,1,324.15947938383283,9965,5646,0.42857142857142855,0.0006778496742081231,64,69
"1, 1, [19.675,64.2], 1, 1","HighBP, CholCheck, BMI, HeartDiseaseorAttack, AnyHealthcare",1,0.29777947495245216,0.7848360655737705,1,225.61248734320702,9986,5648,0.23809523809523808,0.00047177812394556953,383,488
"0, 0, 1, 1, 1, 0, [-1.377982227511532,2.3600000000000003], 0, [4.025,7.480188652418021]","HighBP, HighChol, CholCheck, Smoker, PhysActivity, Fruits, GenHlth, Sex, Education",0,1.0,1.0,1,255.62307072,9437,5649,0.42857142857142855,0.000534533235113142,13,13
"1, [30.025,69.975], 0, 0, [2.7199999999999998,5.28], [1.7599999999999998,6.24]","CholCheck, BMI, Stroke, HvyAlcoholConsump, GenHlth, Income",1,0.2561292698488794,0.7615384615384615,2,260.63186192195275,9979,5654,0.2857142857142857,0.0010900142302046369,495,650
"1, 1, 0, 0, 0, 0, 1, [-20.828696807332832,11.25], 0","HighBP, CholCheck, Stroke, HeartDiseaseorAttack, PhysActivity, HvyAlcoholConsump, AnyHealthcare, MentHlth, Sex",1,0.15444001694168652,0.6882591093117408,1,197.62670438183812,9896,5666,0.42857142857142855,0.00041325707159540565,170,247
"1, 1, 1, 0, 0, 0, 1","HighBP, HighChol, CholCheck, Stroke, PhysActivity, HvyAlcoholConsump, AnyHealthcare",1,0.27836995372342305,0.7743271221532091,1,218.0968160687748,9961,5666,0.3333333333333333,0.00045606210868507827,374,483
"0, 0, 0, 0, [6.355,9.645]","Smoker, HeartDiseaseorAttack, HvyAlcoholConsump, DiffWalk, Income",0,0.18496803899866682,0.7135416666666666,1,295.2144951671967,9990,5676,0.23809523809523808,0.0006173228367437345,685,960
"1, 0, 1, 1, 0, [1.200000000000001,22.799999999999997], 0","HighBP, Stroke, HeartDiseaseorAttack, Veggies, HvyAlcoholConsump, PhysHlth, Sex",1,0.15514789954105912,0.6888888888888889,1,246.7669753400792,9945,5679,0.3333333333333333,0.0005160142598869781,31,45
"1, 1, 1, 0, 1, 0","HighBP, HeartDiseaseorAttack, Veggies, HvyAlcoholConsump, AnyHealthcare, Sex",1,0.26010635629992535,0.7638888888888888,1,248.3313551223205,9985,5679,0.2857142857142857,0.0005192855334210598,110,144
"0, 0, 0, [1.94,8.06], [2.175,3.825]","HighBP, HvyAlcoholConsump, DiffWalk, Age, Education",0,0.2373046875,0.75,1,165.1130093037945,9814,5688,0.23809523809523808,0.0003452677051951174,15,20
"1, 0, 0, 1, 0, 1, [2.94,5.32], 0, [5.5200000000000005,12.48], [2.09,3.91]","HighBP, Stroke, HeartDiseaseorAttack, Veggies, HvyAlcoholConsump, AnyHealthcare, GenHlth, DiffWalk, Age, Income",1,0.191817969083786,0.71875,1,206.22246012554584,9844,5696,0.47619047619047616,0.0004312316507794549,23,32
"1, 1, [19.675,64.2], 1, 1, 0, 0, 1","HighBP, CholCheck, BMI, Stroke, HeartDiseaseorAttack, Fruits, HvyAlcoholConsump, AnyHealthcare",1,0.4113109068164202,0.8372093023255814,1,205.96514501627846,9863,5704,0.38095238095238093,0.0004306935793236478,36,43
"1, 1, 0, 0, 0, 1, [-20.828696807332832,11.25]","CholCheck, Smoker, Stroke, PhysActivity, HvyAlcoholConsump, AnyHealthcare, MentHlth",1,0.12224351561972463,0.6568181818181819,1,164.57350594635886,9997,5713,0.3333333333333333,0.0003441395500791014,289,440
"1, 0, 0, 0, 0, [24.15,35.85], [1.7599999999999998,6.24]","HeartDiseaseorAttack, PhysActivity, Veggies, HvyAlcoholConsump, NoDocbcCost, PhysHlth, Income",1,0.2567458542283846,0.7619047619047619,1,212.1701419383941,9986,5718,0.3333333333333333,0.00044366884430776436,16,21
"0, 1, 1, 0, 1, 1, [3.34,10.66]","HighBP, HighChol, CholCheck, Stroke, DiffWalk, Sex, Age",1,0.2373046875,0.75,1,133.88547548913462,9807,5740,0.3333333333333333,0.00027996782976705335,24,32
"0, 1, 1, 0, [4.04,5.96]","HighChol, CholCheck, Veggies, AnyHealthcare, GenHlth",1,0.0,0.0,1,79.33333333333333,5741,5741,0.23809523809523808,0.0001658938811725105,0,3
"1, 1, 0, [2.5,5.32], [-5.55,5.55], 0","Smoker, Veggies, HvyAlcoholConsump, GenHlth, MentHlth, Sex",1,0.1226297465401622,0.6572327044025157,1,147.24112814986145,9945,5773,0.2857142857142857,0.0003078958262646997,209,318
"1, 1, [30.025,69.975], 0, [2.6799999999999997,5.32], [21.45,38.55], [4.9,9.1], [4.225,7.775]","HighBP, CholCheck, BMI, HvyAlcoholConsump, GenHlth, PhysHlth, Age, Education",1,0.38665671751739855,0.8269230769230769,1,215.71151518140067,9986,5795,0.38095238095238093,0.00045107420756780017,43,52
"[30.025,69.975], 1, 1, 0, [2.5,5.5]","BMI, PhysActivity, Veggies, HvyAlcoholConsump, GenHlth",1,0.15805321016676113,0.6914498141263941,1,230.73063441367694,9979,5802,0.23809523809523808,0.0004824806779195019,372,538
"1, 0, 0, 0, [-0.3600000000000001,2.3600000000000003], 1, 0","CholCheck, Smoker, Stroke, Fruits, GenHlth, DiffWalk, Sex",0,0.095367431640625,0.625,1,133.35840000000002,9827,5805,0.3333333333333333,0.00027886566255827056,5,8
"0, 1, 1, 1, [1.5043471769093424,2.3600000000000003], [-11.059070043073696,10.05], 0, 0, [1.88,8.120000000000001], [4.45,7.55]","HighChol, CholCheck, PhysActivity, Veggies, GenHlth, MentHlth, DiffWalk, Sex, Age, Education",0,0.6284689003823956,0.9112903225806451,1,335.6250609213951,9763,5811,0.47619047619047616,0.0007018253442228217,113,124
"0, 1, 1, 0, 0, [1.88,8.120000000000001]","HighChol, PhysActivity, Veggies, DiffWalk, Sex, Age",0,0.5334227187454972,0.8818897637795275,1,288.6360566997609,9990,5811,0.2857142857142857,0.0006035666683897329,336,381
"1, [30.025,69.975], 0, 1, 1, [2.5,5.5], [7.0600000000000005,12.94]","HighBP, BMI, Stroke, Veggies, AnyHealthcare, GenHlth, Age",1,0.39002361391443247,0.8283582089552238,1,270.4930029213375,9979,5813,0.3333333333333333,0.0005656277405625366,333,402
"0, 0, 1, 1, 0","HighBP, HighChol, PhysActivity, Veggies, DiffWalk",0,0.44820142107357025,0.8517156862745098,1,296.5360427118959,9990,5822,0.23809523809523808,0.0006200863239455516,695,816
"1, 1, 1","CholCheck, Stroke, AnyHealthcare",1,0.19090123414905322,0.7180616740088106,1,195.90735986418036,9986,5823,0.14285714285714285,0.00040966175140498226,163,227
"[30.025,69.975], 0, 0, [2.6799999999999997,5.32], [8.2,11.8], [4.2,5.8]","BMI, PhysActivity, HvyAlcoholConsump, GenHlth, Age, Education",1,0.36910854692087514,0.8192771084337349,1,208.75684418167788,9937,5829,0.2857142857142857,0.0004365312996129021,68,83
"0, 0, 1, 0, 1, [0.74,3.26], [-11.059070043073696,4.35], 0","HighChol, HeartDiseaseorAttack, PhysActivity, HvyAlcoholConsump, AnyHealthcare, GenHlth, MentHlth, DiffWalk",0,0.2419542638624961,0.7529162248144221,1,293.4986534898124,9990,5836,0.38095238095238093,0.0006137348413403039,710,943
"1, 0, 1, [1.88,8.120000000000001], [4.45,7.55]","CholCheck, DiffWalk, Sex, Age, Education",0,0.1430331252011042,0.6777777777777778,1,157.4105014544752,9941,5836,0.23809523809523808,0.0003291609960957227,305,450
"1, 1, 1, [2.6799999999999997,5.32], [8.2,17.259999999999998]","HighBP, Veggies, AnyHealthcare, GenHlth, Age",1,0.27280873197714417,0.7712082262210797,1,264.4242606735396,9979,5842,0.23809523809523808,0.0005529373976382999,600,778
"1, 1, [1.75,44.25], 1, 0, 1, 0, 0, 0, 1, 1, [8.56,11.8]","HighBP, CholCheck, BMI, Smoker, Stroke, HeartDiseaseorAttack, PhysActivity, Fruits, HvyAlcoholConsump, AnyHealthcare, DiffWalk, Age",1,1.0,1.0,1,268.70254604697595,9702,5842,0.5714285714285714,0.0005618837173697655,16,16
"0, 1, 0, 1, [-0.3600000000000001,2.3600000000000003], [-11.059070043073696,4.35], [-23.70536638791693,5.7], 0, [4.45,8.329303261655715]","HighChol, CholCheck, Smoker, Veggies, GenHlth, MentHlth, PhysHlth, DiffWalk, Education",0,0.5072394009768444,0.8730569948186528,1,323.0866076905025,9990,5848,0.42857142857142855,0.0006756061929156018,337,386
"[6.024999999999999,45.975], 0, 0, 0, 0, 0, [0.74,3.26], [-6.0,6.0], 0","BMI, Stroke, HeartDiseaseorAttack, PhysActivity, HvyAlcoholConsump, NoDocbcCost, GenHlth, MentHlth, DiffWalk",0,0.04683133683064711,0.5421348314606742,1,156.81014732152454,9976,5854,0.42857142857142855,0.0003434895908290823,193,356
"0, 0, 0, [-0.3600000000000001,2.3600000000000003], [-2.3,10.3], 0, [1.88,8.120000000000001]","Smoker, Stroke, PhysActivity, GenHlth, MentHlth, Sex, Age",0,0.401877572016461,0.8333333333333334,2,227.12347675617133,9848,5856,0.3333333333333333,0.0009498755058271195,35,42
"0, 0, 0, 1, 0, 0, 0","HighChol, Smoker, Stroke, AnyHealthcare, NoDocbcCost, DiffWalk, Sex",0,0.3428036220044071,0.8072519083969466,1,282.55719918650567,9990,5856,0.3333333333333333,0.000590855173440549,423,524
"0, 0, 0, 1, 0, [-0.3600000000000001,2.5], 0","HighBP, HighChol, Stroke, PhysActivity, HvyAlcoholConsump, GenHlth, DiffWalk",0,0.5876914742349404,0.8991452991452992,1,307.3736951046466,9990,5869,0.3333333333333333,0.0006427489317383914,526,585
"0, 0, 0, 0, 0, [-0.3600000000000001,2.5], 0, [8.780000000000001,13.219999999999999], [2.75,5.25]","HighBP, Smoker, Stroke, HeartDiseaseorAttack, HvyAlcoholConsump, GenHlth, Sex, Age, Education",0,0.39573277083058406,0.8307692307692308,1,248.6253184052726,9877,5873,0.42857142857142855,0.0005199002398487633,54,65
"0, 1, 0, 1, 0, [24.15,35.85], 1","HighBP, CholCheck, HeartDiseaseorAttack, PhysActivity, HvyAlcoholConsump, PhysHlth, DiffWalk",1,0.28462802079628785,0.7777777777777778,1,108.9983088958441,9820,5879,0.3333333333333333,0.0002279262920668709,21,27
"1, [30.025,69.975], 1, 0, 1, [-5.55,5.55], 0","HighBP, BMI, Smoker, Stroke, Fruits, MentHlth, DiffWalk",1,0.18736910453469363,0.7153846153846154,1,204.40031217901156,9961,5882,0.3333333333333333,0.0004274213584065,93,130
"1, 1, 0, 1, 0, 1, 1","CholCheck, Smoker, Stroke, HeartDiseaseorAttack, Veggies, AnyHealthcare, Sex",1,0.2454868426366091,0.7551020408163265,1,175.58897149127893,9817,5884,0.3333333333333333,0.00036717398283753227,37,49
"[30.025,64.725], 1, 0, [2.6799999999999997,5.96], [21.45,38.55], [4.9,9.1]","BMI, Fruits, HvyAlcoholConsump, GenHlth, PhysHlth, Age",1,0.27550608968587587,0.7727272727272727,1,211.54090150510243,9986,5896,0.2857142857142857,0.00044235304005142706,51,66
"[17.675,42.325], 0, [-20.828696807332832,6.9], 1, [7.699999999999999,14.3], [1.7599999999999998,6.24]","BMI, HvyAlcoholConsump, MentHlth, DiffWalk, Age, Income",1,0.19784951092280897,0.7232142857142857,1,227.6821888230852,9965,5910,0.2857142857142857,0.0004761060753493361,243,336
"1, 1, 0, 1, [9.1,17.259999999999998]","CholCheck, HeartDiseaseorAttack, HvyAlcoholConsump, AnyHealthcare, Age",1,0.22544188643050303,0.7423469387755102,1,234.24085600057964,9985,5910,0.23809523809523808,0.0004898208999719408,291,392
"1, 1, 1, 1, [1.8650000000000002,6.135]","HighBP, Stroke, HvyAlcoholConsump, AnyHealthcare, Income",1,0.03125,0.5,1,36.0,7592,5911,0.23809523809523808,7.527957633038292e-05,1,2
"0, 0, 0, 0, [1.0,5.9399999999999995]","HighBP, HighChol, Smoker, DiffWalk, Age",0,0.708245596707819,0.9333333333333333,1,250.61043741145696,9952,5914,0.23809523809523808,0.0005240513208974008,224,240
"[-5.024999999999999,57.025], 0, 0, [-0.41999999999999993,2.3600000000000003], 0, [0.06000000000000005,2.98]","BMI, Smoker, Stroke, GenHlth, DiffWalk, Age",0,0.932457961600714,0.9861111111111112,2,221.7071570038917,9969,5927,0.2857142857142857,0.0009272233804814809,71,72
"1, [30.025,69.975], 1, 1, 0, [-11.25,11.25], 1, [3.4,6.6]","HighBP, BMI, Veggies, AnyHealthcare, NoDocbcCost, MentHlth, DiffWalk, Education",1,0.4082972115219073,0.8359788359788359,1,312.0663808594221,9965,5932,0.38095238095238093,0.0006525618038348115,158,189
"1, 1, [30.025,69.975], 0, 0, 1, 0, [3.513565810705102,5.32], [-11.25,11.25], 1, [0.07499999999999973,3.9250000000000003]","HighBP, CholCheck, BMI, Smoker, HvyAlcoholConsump, AnyHealthcare, NoDocbcCost, GenHlth, MentHlth, DiffWalk, Income",1,0.46266436603796024,0.8571428571428571,1,311.5779630895549,9928,5932,0.5238095238095238,0.0006515404737573717,24,28
"0, 0, 0","Smoker, Stroke, DiffWalk",0,0.10533629284792335,0.6375519904931669,1,234.613833062716,9990,5935,0.14285714285714285,0.0005468586359519695,1073,1683
"0, [-9.9,8.6]","HighChol, PhysHlth",0,0.16303663261159085,0.6957561267184699,1,198.24807448026826,9990,5954,0.09523809523809523,0.0004518031186248982,1164,1673
"0, 0, 1, [4.125,5.875]","HighChol, Stroke, PhysActivity, Education",0,0.14469747411153797,0.6793478260869565,1,249.3618583476169,9877,5954,0.19047619047619047,0.0005214404180379323,250,368
"1, 1, 1, 1, 0, 1, [9.1,17.259999999999998]","HighBP, Smoker, HeartDiseaseorAttack, Fruits, HvyAlcoholConsump, AnyHealthcare, Age",1,0.23044663552247954,0.7456140350877193,1,241.3290746675898,9965,5963,0.3333333333333333,0.0005046430693660973,85,114
"0, 0, 0, 1, 0, 1, 0, 0","HighBP, HighChol, Smoker, PhysActivity, HvyAlcoholConsump, AnyHealthcare, DiffWalk, Sex",0,0.6169889650832012,0.9079365079365079,1,325.3139322311132,9990,5965,0.38095238095238093,0.0006802637497980306,286,315
"1, 0, 1, [-0.3600000000000001,2.3600000000000003], [-9.15,9.15], 0, 0","HighBP, Stroke, AnyHealthcare, GenHlth, MentHlth, DiffWalk, Sex",0,0.04884953589656927,0.5467289719626168,1,189.5052289793796,9819,5977,0.3333333333333333,0.00039627425972110834,117,214
"0, 0, 0, 0, 1, [-0.2454239506942575,3.26], 0, [1.88,8.120000000000001], [3.8099999999999996,6.19]","HighBP, HighChol, Stroke, HeartDiseaseorAttack, AnyHealthcare, GenHlth, DiffWalk, Age, Income",0,0.4939144320360374,0.868421052631579,1,254.99573529492608,9855,5984,0.42857142857142855,0.0005332214144182362,132,152
"1, 1, [4.04,5.96], [-20.828696807332832,11.25], 1","CholCheck, Fruits, GenHlth, MentHlth, DiffWalk",1,0.1590361251087416,0.6923076923076923,1,268.9725057205682,9965,5985,0.23809523809523808,0.0005624482298657187,54,78
"0, 0, 0, 1, [-0.41999999999999993,2.5], 0","HighBP, HighChol, Fruits, AnyHealthcare, GenHlth, Sex",0,0.8170559602339619,0.9603960396039604,1,268.963043519358,9976,5992,0.2857142857142857,0.0005624284434629892,97,101
"1, [30.025,69.975], 1, 0, 1, [2.5,5.5], [7.0600000000000005,12.94], [5.375,6.625]","HighBP, BMI, Veggies, HvyAlcoholConsump, AnyHealthcare, GenHlth, Age, Education",1,0.3684071754231535,0.8189655172413793,1,255.05727355952268,9965,5998,0.38095238095238093,0.0005333500970428734,95,116
"1, 1, 0, 1, 0, [2.5,5.5], 1","HighBP, Veggies, HvyAlcoholConsump, AnyHealthcare, NoDocbcCost, GenHlth, Sex",1,0.3304320562036534,0.8013392857142857,1,225.47783349309344,9965,5998,0.3333333333333333,0.00047149654936813054,359,448
"0, 0, 1, 0, 1, [-0.3600000000000001,2.8200000000000003], 0, [5.795,10.205]","HighBP, Smoker, PhysActivity, HvyAlcoholConsump, AnyHealthcare, GenHlth, DiffWalk, Income",0,0.5859686583478037,0.8986175115207373,2,317.3202634418708,9990,6001,0.38095238095238093,0.001327096388497196,390,434
"0, 0, 1, 0, 1, [-0.41999999999999993,2.5], 0","HighBP, HighChol, Smoker, Fruits, AnyHealthcare, GenHlth, Sex",0,0.8337362106376808,0.9642857142857143,1,211.3766204193834,9976,6015,0.3333333333333333,0.0004420095119810931,27,28
"1, 1, 1, 0, 0, [2.5,5.32], [-10.05,10.05], [1.825,4.175]","HighBP, HighChol, CholCheck, Smoker, HvyAlcoholConsump, GenHlth, PhysHlth, Education",1,0.30444997424597525,0.7883211678832117,1,176.62043804591764,9957,6029,0.38095238095238093,0.000369330881871759,108,137
"1, [30.025,69.975], 0, 1, 0, 1, [2.5,5.28], 0, 1, [9.1,12.94]","HighBP, BMI, Stroke, Veggies, HvyAlcoholConsump, AnyHealthcare, GenHlth, DiffWalk, Sex, Age",1,0.2373046875,0.75,1,252.01461180825657,9844,6032,0.47619047619047616,0.0005269875890553187,39,52
"1, 1, 0, 0, [2.5,5.96], 1, [3.5,12.5]","HighChol, CholCheck, Smoker, HvyAlcoholConsump, GenHlth, Sex, Age",1,0.20098226665734673,0.7254901960784313,1,226.3045274281827,9844,6056,0.3333333333333333,0.00047322524851225317,148,204
"1, 1, 1, [19.675,69.975], 0, [-10.05,10.05], 1, [1.825,6.0]","HighBP, HighChol, CholCheck, BMI, HvyAlcoholConsump, PhysHlth, Sex, Education",1,0.22515859683772335,0.7421602787456446,1,168.43028374769844,9901,6056,0.38095238095238093,0.0003522044556036922,213,287
"1, 0, [1.775,4.225]","CholCheck, HvyAlcoholConsump, Education",1,0.08463176828824338,0.610248447204969,1,159.25301643059896,9979,6060,0.14285714285714285,0.0003498749433138637,786,1288
"1, 1, 1, 0, [4.04,5.96], 1, 0, [9.280000000000001,16.72]","CholCheck, HeartDiseaseorAttack, Veggies, HvyAlcoholConsump, GenHlth, DiffWalk, Sex, Age",1,0.14387251916983998,0.6785714285714286,1,203.77920626781307,9887,6063,0.38095238095238093,0.0004261225642439633,19,28
"1, 1, [33.275,69.975], 1, 1, 0, [2.5,5.96], [2.2,3.8]","HighBP, HighChol, BMI, Fruits, Veggies, HvyAlcoholConsump, GenHlth, Education",1,0.3540925979614258,0.8125,1,255.53614924595203,9831,6064,0.38095238095238093,0.0005343514736759102,13,16
"0, 1, 0, 0","Stroke, HeartDiseaseorAttack, Veggies, HvyAlcoholConsump",1,0.2546951789996305,0.7606837606837606,2,171.298502721528,9878,6072,0.19047619047619047,0.0007164043728280874,89,117
"1, 1, 1, 1, 1, [3.34,17.259999999999998], [-0.645,3.625]","HighBP, HighChol, CholCheck, Smoker, HeartDiseaseorAttack, Age, Income",1,0.38605762138600824,0.8266666666666667,1,231.8310417939087,9965,6072,0.3333333333333333,0.0004847817390687984,62,75
"[20.25,45.75], [-0.3600000000000001,2.3600000000000003], [-4.35,4.35], 0, [4.45,7.55]","BMI, GenHlth, MentHlth, DiffWalk, Education",0,0.25144137086020213,0.7587301587301587,2,202.13020887824518,9976,6082,0.23809523809523808,0.0009082178138988352,717,945
"0, [30.025,69.975], 0, 1, 1, 1, [2.5,5.5], [-7.65,7.65], 1, [7.0600000000000005,12.94]","HighChol, BMI, Stroke, HeartDiseaseorAttack, Veggies, AnyHealthcare, GenHlth, PhysHlth, Sex, Age",1,0.16806999999999994,0.7,1,222.880768,9292,6094,0.47619047619047616,0.0004660658274230657,7,10
"1, [30.025,69.975], 1, 0, 1, 0, [1.88,4.12], [7.0600000000000005,12.94], [5.375,6.625]","HighBP, BMI, Veggies, HvyAlcoholConsump, AnyHealthcare, NoDocbcCost, GenHlth, Age, Education",1,0.24650145932538278,0.7557251908396947,1,236.3251994576869,9844,6095,0.42857142857142855,0.0004941794692046641,99,131
"1, 0, 1, 0","CholCheck, Smoker, Veggies, NoDocbcCost",0,0.06285491210937498,0.575,1,262.7050224979313,9990,6105,0.19047619047619047,0.0006202854706498699,851,1480
"1, 1, 0, 0, [2.5,3.92], [-4.65,4.65], [5.585,10.415]","HighBP, CholCheck, HeartDiseaseorAttack, HvyAlcoholConsump, GenHlth, PhysHlth, Income",1,0.16581708354279173,0.6981132075471698,1,178.1940401921615,9916,6106,0.3333333333333333,0.0003726214402851429,222,318
"1, [30.025,69.975], 0, 0, 1, 1, [2.5,5.5], [7.0600000000000005,12.94]","HighBP, BMI, Stroke, Fruits, Veggies, AnyHealthcare, GenHlth, Age",1,0.37661050772165766,0.8225806451612904,1,241.92083514436422,9979,6112,0.38095238095238093,0.0005058804993100042,102,124
"1, [30.025,69.975], 0, [-11.25,6.3], 0","HighChol, BMI, HvyAlcoholConsump, MentHlth, Sex",1,0.2546951789996305,0.7606837606837606,1,246.59953281149532,9985,6125,0.23809523809523808,0.0005156641209255481,267,351
"1, 0, [2.7199999999999998,5.5], 1, [7.0600000000000005,16.9], [0.845,3.1550000000000002]","CholCheck, HvyAlcoholConsump, GenHlth, DiffWalk, Age, Income",1,0.3446466963162112,0.8081180811808119,1,225.3905774000259,9965,6126,0.2857142857142857,0.00047131408820928696,219,271
"0, 0, 0, 1, 0, [-0.41999999999999993,2.3600000000000003], [-4.6,8.6]","HighBP, HighChol, Stroke, PhysActivity, Fruits, GenHlth, PhysHlth",0,0.5904900000000001,0.9,1,326.57400790112376,9934,6133,0.3333333333333333,0.0006828986932031034,153,170
"1, 1, 0, [-6.9,6.9], 1, [4.225,7.775]","HighBP, CholCheck, HvyAlcoholConsump, MentHlth, Sex, Education",1,0.10932402577529744,0.6423076923076924,1,189.57129436325488,9965,6135,0.2857142857142857,0.0004212814845932382,334,520
"1, [30.025,69.975], 1, 0, [2.6799999999999997,5.32]","HighBP, BMI, Stroke, HvyAlcoholConsump, GenHlth",1,0.546203833165425,0.8860759493670886,1,241.0988914099869,9986,6135,0.23809523809523808,0.000504161733307467,70,79
"1, 0, [2.7199999999999998,5.5], 1, [7.0600000000000005,16.9], [3.325,6.675], [0.845,3.1550000000000002]","CholCheck, HvyAlcoholConsump, GenHlth, DiffWalk, Age, Education, Income",1,0.3377928212923192,0.8048780487804879,1,225.88015265311464,9965,6139,0.3333333333333333,0.00047233783869913025,165,205
"0, 0, 0, 0, 1, [-0.2454239506942575,3.26], 0, [1.88,8.120000000000001], [6.04,9.96]","HighBP, HighChol, Stroke, HeartDiseaseorAttack, Veggies, GenHlth, DiffWalk, Age, Income",0,0.6524056448916211,0.9181286549707602,3,293.2468957375995,9990,6142,0.42857142857142855,0.0018396251726105388,314,342
"1, 0, 0, 0, [-4.5,4.5]","CholCheck, PhysActivity, Veggies, HvyAlcoholConsump, MentHlth",1,0.10212845202265007,0.6336206896551724,1,179.17090339278332,9961,6148,0.23809523809523808,0.000374664158281686,147,232
"1, 1, 0","HighBP, CholCheck, HvyAlcoholConsump",1,0.15278459985531767,0.6867772750125691,1,136.7228838282276,9986,6152,0.14285714285714285,0.0002894959876839892,1366,1989
"1, [6.850000000000001,39.15], 0, 0, 1, 1, [1.56,4.4399999999999995], [-8.4,8.4], 0, [5.025,6.975]","CholCheck, BMI, Smoker, Stroke, Fruits, Veggies, GenHlth, MentHlth, DiffWalk, Education",0,0.142962512482694,0.677710843373494,1,269.42107913525325,9909,6154,0.47619047619047616,0.0005633862414382343,225,332
"1, 0, 1, 1, 0, 1, 0","HighBP, HighChol, CholCheck, Stroke, HeartDiseaseorAttack, AnyHealthcare, NoDocbcCost",1,0.3276800000000001,0.8,1,146.60600799112066,9326,6155,0.3333333333333333,0.0003065677269183416,16,20
"1, 1, 0, 0, [-5.104599696412129,6.9], 1, [4.225,7.775]","HighBP, CholCheck, HvyAlcoholConsump, NoDocbcCost, MentHlth, Sex, Education",1,0.10867891859368597,0.6415478615071283,1,219.5591051738973,9965,6167,0.3333333333333333,0.0004996658489300729,315,491
"0, 1, 0, 1, [-0.3600000000000001,2.630094518367552], [-7.35,7.35], 0, [5.795,10.205]","Smoker, PhysActivity, HvyAlcoholConsump, AnyHealthcare, GenHlth, MentHlth, DiffWalk, Income",0,0.3563390544343952,0.8135283363802559,2,313.1862759650538,9990,6169,0.38095238095238093,0.0013098072315077577,445,547
"0, 0, 1, 0","HighBP, HighChol, AnyHealthcare, DiffWalk",0,0.3755807050421662,0.8221302998965874,1,263.52521397091283,9990,6178,0.19047619047619047,0.0005510574016695507,795,967
"0, 0, 0, 0, 0, 1, 1, [-5.250000000000001,7.224725993158575], 0, [1.88,8.120000000000001], [2.3899999999999997,5.61]","HighBP, HighChol, Smoker, Stroke, HeartDiseaseorAttack, Veggies, AnyHealthcare, PhysHlth, DiffWalk, Age, Income",0,0.534824985896467,0.8823529411764706,1,300.93158743873107,9486,6178,0.5238095238095238,0.0006292778446338127,45,51
"0, 1, 1, 1, 0, [3.32,5.32], [-11.25,11.25], 0","HighChol, CholCheck, Veggies, AnyHealthcare, NoDocbcCost, GenHlth, MentHlth, Sex",1,0.0759765896846197,0.5972222222222222,1,188.11049261104156,9771,6184,0.38095238095238093,0.000393357727418301,43,72
"[-5.024999999999999,57.025], 0, 0, [-0.41999999999999993,2.3600000000000003], 0, 1","BMI, Smoker, Stroke, GenHlth, DiffWalk, Sex",0,0.28060791562666026,0.7755681818181818,1,228.22186390686366,9934,6191,0.2857142857142857,0.0005301508328280306,273,352
"0, 0, 0, 0, 0, [3.45,6.65]","HighBP, Smoker, Stroke, Fruits, HvyAlcoholConsump, Education",0,0.20665109257129702,0.7295373665480427,1,223.81158770617597,9934,6200,0.2857142857142857,0.0004680122638986463,205,281
"1, 0, 0, 0, 0, [-23.70536638791693,9.0], 0, [1.88,8.120000000000001]","CholCheck, Stroke, HeartDiseaseorAttack, Fruits, HvyAlcoholConsump, PhysHlth, DiffWalk, Age",0,0.13430000343963408,0.6692913385826772,1,168.1072895488697,9989,6210,0.38095238095238093,0.0003730188991838956,255,381
"1, 1, 0, [-11.059070043073696,4.35], [-23.70536638791693,9.0], 0, [1.88,8.120000000000001]","CholCheck, Smoker, HvyAlcoholConsump, MentHlth, PhysHlth, DiffWalk, Age",0,0.08807988637687708,0.6151419558359621,1,155.16013525857676,9989,6210,0.3333333333333333,0.0003244552568230713,195,317
"1, 0, 0, [2.5,5.32], [-10.05,10.05], [1.825,4.175]","CholCheck, Smoker, HvyAlcoholConsump, GenHlth, PhysHlth, Education",1,0.1036124786468638,0.6354515050167224,1,169.6586931841792,9957,6220,0.2857142857142857,0.000354773181768651,190,299
"0, 0, 0, 0, 1, 1, 0, [1.88,7.0], [5.375,6.625], [9.043753954632098,9.645]","HighBP, HighChol, Smoker, Stroke, PhysActivity, AnyHealthcare, DiffWalk, Age, Education, Income",0,0.1,1.0,1,431.37492480000003,6221,6221,0.47619047619047616,0.0009020478216248554,0,0
"1, 1, 0, 1, 1, 0, 1, [2.94,7.193397233716988], 0","HighBP, HighChol, Stroke, Fruits, Veggies, HvyAlcoholConsump, AnyHealthcare, GenHlth, Sex",1,0.3045669623994682,0.7883817427385892,1,260.4984166073868,9937,6248,0.42857142857142855,0.0005447280676927685,190,241
"1, 1, 0, 0, [2.5,5.0600000000000005], [8.2,11.8]","HighBP, HighChol, HvyAlcoholConsump, NoDocbcCost, GenHlth, Age",1,0.40451109885728137,0.8344226579520697,1,245.47242782449047,9979,6248,0.2857142857142857,0.0005133072324282818,383,459
"0, 0, 1, [-0.98,9.08]","HighBP, Smoker, Fruits, Age",0,0.36075329524860394,0.8155339805825242,1,296.4427521968948,9990,6256,0.19047619047619047,0.0006198912442109703,420,515
"1, 1, [30.025,69.975], 0, 0, 1, [1.98,4.02], [6.42,11.58], [1.6415927403276793,6.0]","HighBP, CholCheck, BMI, HeartDiseaseorAttack, HvyAlcoholConsump, AnyHealthcare, GenHlth, Age, Education",1,0.2693290743429045,0.7692307692307693,1,236.6134012898738,9979,6260,0.42857142857142855,0.0004947821278664605,240,312
"1, 1, 1, [19.675,69.975], 1, 0, [-10.05,10.05], 1, [1.825,6.0]","HighBP, HighChol, CholCheck, BMI, Fruits, HvyAlcoholConsump, PhysHlth, Sex, Education",1,0.2373046875,0.75,1,187.65562549057464,9901,6268,0.42857142857142855,0.0003924065550817629,108,144
"[7.549999999999999,36.45], 0, 0, [-0.3600000000000001,2.3600000000000003], [-2.3,10.3], 0, [1.88,8.120000000000001], [4.9,7.1]","BMI, Smoker, Stroke, GenHlth, MentHlth, Sex, Age, Education",0,0.5734249721032963,0.8947368421052632,1,323.9085249571532,9990,6273,0.38095238095238093,0.0006773249035714932,187,209
"0, 1, 0, [22.2,37.8], 1, [2.2,6.0]","HighBP, Stroke, HvyAlcoholConsump, MentHlth, DiffWalk, Education",0,0.0,0.0,1,66.5,6284,6284,0.2857142857142857,0.00013905810627695735,0,2
"1, 1, 0, 0, 1, [2.7199999999999998,5.28], [-10.05,10.05], 1, [9.1,16.9]","HighChol, CholCheck, Stroke, HvyAlcoholConsump, AnyHealthcare, GenHlth, MentHlth, Sex, Age",1,0.2928537223272605,0.7822222222222223,1,239.66417190863604,9965,6289,0.42857142857142855,0.000501161592301505,176,225
"[9.150000000000002,44.849999999999994], 0, [2.7800000000000002,7.22]","BMI, Smoker, Age",0,0.18401231456770706,0.71280276816609,1,237.73545470950967,9990,6290,0.14285714285714285,0.0005550181621684409,412,578
"1, 1, [30.025,69.975], 1, 1, [9.1,17.259999999999998]","HighBP, CholCheck, BMI, Veggies, DiffWalk, Age",1,0.3125122919485888,0.7924528301886793,1,297.4277381930532,9965,6293,0.2857142857142857,0.0006219509477799193,126,159
"0, 1, 0, 0, 1, [-0.2454239506942575,3.26], 0, [1.88,8.120000000000001], [6.04,9.96]","HighChol, CholCheck, Stroke, HeartDiseaseorAttack, Veggies, GenHlth, DiffWalk, Age, Income",0,0.48548204059934297,0.8654353562005277,1,267.2714827496617,9990,6297,0.42857142857142855,0.0005588912218496605,328,379
"1, 1, 1, 0, [4.04,5.96]","HighBP, HighChol, CholCheck, Stroke, GenHlth",1,0.4081962777709123,0.8359375,4,270.15236360926383,9965,6300,0.23809523809523808,0.002259661719684104,107,128
"1, 0, 0, 1, 1","CholCheck, PhysActivity, HvyAlcoholConsump, AnyHealthcare, DiffWalk",1,0.24092207026587034,0.7522727272727273,1,181.08053356639513,9986,6300,0.23809523809523808,0.0003786573846821641,331,440
"1, 0, 0, 1, 0, [4.04,5.234592647479159], [22.35,37.65]","CholCheck, Stroke, PhysActivity, Fruits, HvyAlcoholConsump, GenHlth, MentHlth",1,0.3787874412704941,0.8235294117647058,1,175.52561588223998,9937,6306,0.3333333333333333,0.00036704149996512656,14,17
"1, 1, 1, [33.275,64.725], 0, 0, 1, 0, [4.04,5.96], 1","HighBP, HighChol, CholCheck, BMI, Stroke, HvyAlcoholConsump, AnyHealthcare, NoDocbcCost, GenHlth, DiffWalk",1,0.427630752325058,0.84375,1,344.3728184354906,9965,6306,0.47619047619047616,0.0007201177742089893,27,32
"0, 1, 1, 1, [-0.3600000000000001,2.630094518367552], [-4.35,4.35], [4.3,7.55], [5.795,9.457431565600992]","HighBP, PhysActivity, Veggies, AnyHealthcare, GenHlth, MentHlth, Education, Income",0,0.4940841504153142,0.8684807256235828,1,291.77406162812724,9990,6307,0.38095238095238093,0.0006101285484322349,383,441
"[30.025,69.975], 1, 0, [0.17500000000000004,3.825], [3.865,8.135]","BMI, Fruits, HvyAlcoholConsump, Education, Income",1,0.14387251916983998,0.6785714285714286,1,208.70947258754933,9831,6310,0.23809523809523808,0.00043643224090356614,19,28
"1, 1, 1","HighChol, CholCheck, AnyHealthcare",1,0.11078141443997132,0.6440111420612813,1,156.33938525705392,9986,6319,0.14285714285714285,0.00033441745549030064,1156,1795
"1, 1, 0, 1, 1, [-11.25,10.15], [-4.95,10.95], [5.34,12.620000000000001]","HighBP, HighChol, Smoker, AnyHealthcare, NoDocbcCost, MentHlth, PhysHlth, Age",1,0.15359020233154297,0.6875,1,203.647762489344,9759,6323,0.38095238095238093,0.0004258477022452295,11,16
"1, [26.725,63.275], 1, [4.375,7.625]","HighChol, BMI, AnyHealthcare, Education",1,0.13964318513007193,0.6745341614906832,1,177.324572630222,9986,6328,0.19047619047619047,0.00038927009488841846,543,805
"0, 0, 0, 1, 0, [-0.41999999999999993,2.3600000000000003], [-5.8500000000000005,5.8500000000000005], [-4.6,8.6], [7.74,16.259999999999998], [2.215,5.785]","HighBP, HighChol, Stroke, PhysActivity, Fruits, GenHlth, MentHlth, PhysHlth, Age, Income",0,1.0,1.0,1,219.4,9877,6334,0.47619047619047616,0.0004587871957468337,5,5
"1, 0, 0, 1, 1, 1","Smoker, PhysActivity, HvyAlcoholConsump, AnyHealthcare, DiffWalk, Sex",1,0.4096656652992834,0.8365384615384616,1,191.13347181905232,9986,6336,0.2857142857142857,0.0003996790772525956,87,104
"0, 1, 0, 1, [4.04,5.96], [22.35,37.65], 1","HighBP, CholCheck, PhysActivity, Fruits, GenHlth, MentHlth, DiffWalk",1,0.07775999999999998,0.6,2,93.0,8707,6336,0.3333333333333333,0.0003889444777069784,3,5
"1, 0, 0, 0, [2.6799999999999997,5.32], [0.7749999999999999,3.225]","HighBP, Fruits, Veggies, NoDocbcCost, GenHlth, Education",1,0.46266436603796024,0.8571428571428571,2,197.13772992673952,9896,6341,0.2857142857142857,0.000824469154867689,24,28
"1, 0, 1, [2.5,5.32]","HighBP, PhysActivity, Veggies, GenHlth",1,0.2573684190528403,0.7622739018087855,1,193.83503483597832,9937,6347,0.19047619047619047,0.0004053283139010406,295,387
"[-5.024999999999999,57.025], 0, 1, 0, [-0.41999999999999993,2.8200000000000003], [-4.35,2.96239722654067], [-5.7,5.7], 0, 1, [0.06000000000000005,2.98]","BMI, Stroke, PhysActivity, HvyAlcoholConsump, GenHlth, MentHlth, PhysHlth, DiffWalk, Sex, Age",0,1.0,1.0,1,305.93363946936995,9605,6371,0.47619047619047616,0.0006397376323462857,21,21
"1, 1, [30.025,69.975], 1, 0, [1.98,4.02], [-5.3999999999999995,5.3999999999999995], [1.6415927403276793,6.0]","HighBP, HighChol, BMI, PhysActivity, HvyAlcoholConsump, GenHlth, MentHlth, Education",1,0.3744986784261673,0.821656050955414,1,242.34292170304678,9985,6372,0.38095238095238093,0.0005067631242353478,129,157
"1, 1, 0, 0","CholCheck, Smoker, Veggies, HvyAlcoholConsump",1,0.09642004209632181,0.6263736263736264,1,148.71430968663418,9986,6378,0.19047619047619047,0.0003109763952076439,228,364
"0, 1, [30.025,69.975], 0, 0, 0, 0, [2.6799999999999997,5.96], [-11.25,6.3], [-8.25,8.25], 1, [7.699999999999999,17.259999999999998]","HighChol, CholCheck, BMI, Stroke, HeartDiseaseorAttack, HvyAlcoholConsump, NoDocbcCost, GenHlth, MentHlth, PhysHlth, DiffWalk, Age",1,0.3591654751124945,0.8148148148148148,1,230.5038625867203,9928,6378,0.5714285714285714,0.00048200647550125295,22,27
"0, 0, [-2.950000000000003,42.95], 0, 0, 0, 0, 1, [-0.3600000000000001,2.8200000000000003], 0, 0, [3.935,8.065]","HighBP, HighChol, BMI, Smoker, Stroke, HeartDiseaseorAttack, HvyAlcoholConsump, AnyHealthcare, GenHlth, DiffWalk, Sex, Income",0,0.8058474202263433,0.9577464788732394,1,339.37306201308013,9990,6380,0.5714285714285714,0.0007096627868413734,204,213
"1, [30.025,69.975], 1, 0, 0, [7.0600000000000005,16.32], [2.675,5.325]","HighBP, BMI, Veggies, HvyAlcoholConsump, Sex, Age, Education",1,0.30308037491563544,0.7876106194690266,1,240.7777198006679,9985,6385,0.3333333333333333,0.000503490131566387,178,226
"1, 1, 1, 0, 1, 0, [7.699999999999999,17.259999999999998]","CholCheck, HeartDiseaseorAttack, Veggies, HvyAlcoholConsump, DiffWalk, Sex, Age",1,0.3372049467023907,0.8045977011494253,1,237.62786189501531,9945,6393,0.3333333333333333,0.0004969034657708749,70,87
"1, 1, [30.025,69.975], 1, 1, 0, [1.98,5.32], [-5.3999999999999995,5.3999999999999995]","HighBP, HighChol, BMI, Stroke, Fruits, HvyAlcoholConsump, GenHlth, MentHlth",1,0.7631229607539922,0.9473684210526315,1,268.82975051025613,9942,6401,0.38095238095238093,0.0005621497145392951,18,19
"1, [30.025,69.975], 1, 0, [2.6799999999999997,4.02], [2.65,5.35]","HighBP, BMI, PhysActivity, HvyAlcoholConsump, GenHlth, Education",1,0.2793863959970913,0.7748917748917749,1,207.85684925117192,9979,6401,0.2857142857142857,0.00043464932080545816,179,231
"0, 0, 0, [-8.1,21.626512130921007], 0","HighChol, Stroke, Veggies, PhysHlth, Sex",0,0.06092699470458736,0.5714285714285714,1,152.64911165955613,9932,6404,0.23809523809523808,0.0003192044570261306,64,112
"1, 1, [30.025,69.975], 0, [-11.25,5.55], [7.699999999999999,17.259999999999998], [0.07499999999999973,3.9250000000000003]","HighBP, CholCheck, BMI, Stroke, MentHlth, Age, Income",1,0.5299363077009898,0.8807339449541285,1,284.7446548212797,9985,6405,0.3333333333333333,0.0005954293604801962,96,109
"1, 0, 1, 0, 1, 0, [2.65,5.35]","HighBP, Stroke, Veggies, HvyAlcoholConsump, AnyHealthcare, Sex, Education",1,0.1553159176101434,0.6890380313199105,1,220.90092637318017,9985,6412,0.3333333333333333,0.0004619257818989476,308,447
"1, 1, [30.025,69.975], 1, 0, [2.6799999999999997,7.193397233716988]","HighBP, HighChol, BMI, PhysActivity, HvyAlcoholConsump, GenHlth",1,0.45695957314369756,0.8550185873605948,1,238.94772055516484,9979,6412,0.2857142857142857,0.0004996634213473205,230,269
"1, 1, 1, 0, [4.04,5.96], [23.85,36.15]","HighBP, HighChol, CholCheck, Stroke, GenHlth, PhysHlth",1,0.279581552734375,0.775,1,243.71799745254455,9937,6417,0.2857142857142857,0.0005096385442310249,62,80
"0, 0, 1, 0, 1, 0, [5.795,10.205]","HighBP, Smoker, PhysActivity, HvyAlcoholConsump, AnyHealthcare, DiffWalk, Income",0,0.36042305607700653,0.8153846153846154,1,314.3436797652094,9990,6432,0.3333333333333333,0.0006573238620794035,424,520
"1, 1, 0, 1, [2.5,5.28], 1, [7.699999999999999,16.9]","HighChol, CholCheck, HvyAlcoholConsump, AnyHealthcare, GenHlth, DiffWalk, Age",1,0.4241313378244639,0.8423645320197044,2,258.609053646848,9965,6444,0.3333333333333333,0.0010815544440964436,342,406
"1, 1, 1, 1, 0, 1, [-3.0500000000000007,11.05], 0, [9.1,17.259999999999998]","HighBP, CholCheck, HeartDiseaseorAttack, Veggies, HvyAlcoholConsump, AnyHealthcare, MentHlth, Sex, Age",1,0.17525145137855438,0.7058823529411765,1,241.9045216935084,9985,6444,0.42857142857142855,0.0005058463862636454,48,68
"1, 1, 1, 0, 0, [2.7199999999999998,5.32], 1","HighBP, HighChol, CholCheck, HvyAlcoholConsump, NoDocbcCost, GenHlth, Sex",1,0.34524603859905917,0.8083989501312336,1,230.43157447107382,9986,6447,0.3333333333333333,0.0004818553138701533,308,381
"[-0.07499999999999929,50.075], 0, 1, 0, [-0.98,9.08]","BMI, Smoker, Fruits, HvyAlcoholConsump, Age",0,0.11681623099875235,0.6508795669824087,1,286.9553291379072,9990,6454,0.23809523809523808,0.0006000521000902011,481,739
"1, 1, 1, 1, 0, [4.04,5.96], [-6.3,6.3], [24.0,36.0], 1, [4.970000000000001,9.03]","HighChol, CholCheck, HeartDiseaseorAttack, Fruits, HvyAlcoholConsump, GenHlth, MentHlth, PhysHlth, DiffWalk, Income",1,0.06754356352880661,0.5833333333333334,1,260.61234688,9887,6456,0.47619047619047616,0.000544966307210922,7,12
"1, [30.025,69.975], 1, 1, [0.38,1.62]","HighChol, BMI, AnyHealthcare, NoDocbcCost, GenHlth",1,0.0,0.0,1,116.0,6461,6461,0.23809523809523808,0.00024256752373123385,0,1
"0, 1, 0, 1, [-0.3600000000000001,2.3600000000000003], 0, 0, [6.67,9.33]","Stroke, Veggies, HvyAlcoholConsump, AnyHealthcare, GenHlth, DiffWalk, Sex, Income",0,0.30149859251631117,0.7867867867867868,1,294.551576372751,9990,6462,0.38095238095238093,0.0006159366076885312,262,333
"0, 0, 0, 1, 1, 0, [1.88,8.120000000000001], [6.67,9.96]","HighBP, Stroke, HeartDiseaseorAttack, Veggies, AnyHealthcare, Sex, Age, Income",0,0.4367756469417998,0.8473282442748091,2,291.5067895420202,9990,6475,0.38095238095238093,0.00121913931189741,222,262
"0, 0, 1, 1, [-0.3600000000000001,3.26], 0, [6.04,9.33]","HighChol, Stroke, PhysActivity, Veggies, GenHlth, Sex, Income",0,0.49892366518270337,0.8701754385964913,1,306.67731352629187,9990,6475,0.3333333333333333,0.0006412927286777574,248,285
"1, 1, 0, 0, [2.6799999999999997,5.0600000000000005], [-11.25,11.25], [8.2,11.8]","HighBP, CholCheck, HeartDiseaseorAttack, NoDocbcCost, GenHlth, MentHlth, Age",1,0.3117762765149795,0.7920792079207921,1,219.80411373031134,9942,6479,0.3333333333333333,0.0004596322377025873,320,404
"1, 1, 0, 0, 0, [2.5,5.32]","HighBP, HighChol, Fruits, HvyAlcoholConsump, NoDocbcCost, GenHlth",1,0.34047846764791356,0.8061538461538461,1,205.05266814414367,9979,6479,0.2857142857142857,0.0004287854995362706,262,325
"0, 0, 0, [-9.9,8.6], 0, [4.45,7.55]","HighBP, HighChol, Stroke, PhysHlth, DiffWalk, Education",0,0.42228276122948977,0.8416289592760181,1,262.06698383420246,9990,6483,0.2857142857142857,0.0005480080975894464,558,663
"0, 0, 0, [2.5,5.32]","PhysActivity, HvyAlcoholConsump, NoDocbcCost, GenHlth",1,0.17886137870866253,0.7087667161961367,1,174.51358756325956,9986,6486,0.19047619047619047,0.0003649252482127045,477,673
"1, 1, [25.81374141476541,69.975], 0, 1, [2.5,5.96]","HighChol, CholCheck, BMI, HvyAlcoholConsump, AnyHealthcare, GenHlth",1,0.2927525848360557,0.7821681864235056,1,210.69392888296312,9986,6490,0.2857142857142857,0.00044058193615814704,772,987
"1, [4.04,5.5], [4.48,9.52], [2.15,5.85]","HighChol, GenHlth, Age, Education",1,0.3559121861004116,0.8133333333333334,1,253.87122694577815,9937,6490,0.19047619047619047,0.0005308699557486853,61,75
"[20.25,45.75], [-0.3600000000000001,2.3600000000000003], [-4.35,4.35], [4.45,7.55]","BMI, GenHlth, MentHlth, Education",0,0.2225753370687279,0.7404494382022472,2,179.51426198843393,9976,6491,0.19047619047619047,0.0007899873347199857,659,890
"0, 0, 1, 0, 1, [4.3,7.480188652418021]","HighBP, HighChol, Smoker, HeartDiseaseorAttack, PhysActivity, Education",0,0.2729296792761727,0.7712765957446809,2,192.3881399630374,9964,6498,0.2857142857142857,0.0008046054259671037,145,188
"0, 1, 0, 0, 1","HighBP, Fruits, HvyAlcoholConsump, DiffWalk, Sex",0,0.23303672903137304,0.7472826086956522,1,185.7888512303927,9964,6506,0.23809523809523808,0.0003885029446536807,275,368
"1, [30.025,69.975], 1, 0, 0, [2.6799999999999997,5.32], [8.2,11.8], [3.3,6.7]","CholCheck, BMI, Smoker, PhysActivity, HvyAlcoholConsump, GenHlth, Age, Education",1,0.5198588197272849,0.8773584905660378,1,251.0028698516972,9942,6510,0.38095238095238093,0.0005248719361151669,93,106
"0, 1, 0, 0, 1, [2.725,5.275]","HighBP, Fruits, HvyAlcoholConsump, DiffWalk, Sex, Education",0,0.1651266402838453,0.6975308641975309,1,159.9260450770576,9814,6513,0.2857142857142857,0.0003344212477109616,113,162
"0, 0, 1, 1, 0, 0, 1","HighBP, HeartDiseaseorAttack, Fruits, Veggies, HvyAlcoholConsump, DiffWalk, Sex",0,0.2744053875796862,0.7721088435374149,1,202.93951125473583,9964,6513,0.3333333333333333,0.00042436667855420807,227,294
"1, [-0.32500000000000284,58.325], 0, 1, 0, [2.6799999999999997,5.32], 1, 0, [1.825,4.175]","HighBP, BMI, PhysActivity, Fruits, HvyAlcoholConsump, GenHlth, DiffWalk, Sex, Education",1,0.20346349914002398,0.7272727272727273,1,224.96691786916514,9886,6514,0.42857142857142855,0.00047042817404285565,40,55
"0, [0.791129993646492,9.0], 0, [1.88,8.120000000000001]","Smoker, PhysHlth, DiffWalk, Age",0,0.1428410313190888,0.6775956284153005,1,226.81081809131805,9893,6515,0.19047619047619047,0.0004742839525850548,124,183
"1, 0, 0, [3.34,15.84]","HighBP, Veggies, HvyAlcoholConsump, Age",1,0.17772671513691107,0.7078651685393258,1,173.89107418688113,9986,6518,0.19047619047619047,0.0003636235109006555,315,445
"[-5.024999999999999,50.05], 0, [-0.3600000000000001,2.3600000000000003], [-9.15,9.15], [-5.7,9.0], 0, [1.88,13.423547592062423]","BMI, Stroke, GenHlth, MentHlth, PhysHlth, DiffWalk, Age",0,0.2405793116569573,0.7520585544373285,1,194.54547164364038,9990,6525,0.3333333333333333,0.00047842219918879105,822,1093
"1, 1, 0, 0, 1, 0, 1, [2.94,5.32], 0, 0, [3.6212382659331936,12.48]","HighBP, HighChol, Stroke, HeartDiseaseorAttack, Veggies, HvyAlcoholConsump, AnyHealthcare, GenHlth, DiffWalk, Sex, Age",1,0.2743165142200294,0.7720588235294118,1,194.69098281388693,9979,6531,0.5238095238095238,0.00040711818615486863,105,136
"1, 1, 0, 1, [2.5,5.32], [-11.25,11.25], [9.1,16.9]","HighBP, Veggies, HvyAlcoholConsump, AnyHealthcare, GenHlth, MentHlth, Age",1,0.2572811873497875,0.7622222222222222,1,269.5718443381212,9965,6537,0.3333333333333333,0.0005637015064548249,343,450
"0, 0, 0, 1, 1, [-4.35,4.35], 0, [5.375,6.625], [6.355,9.645]","HighBP, HighChol, Stroke, PhysActivity, AnyHealthcare, PhysHlth, DiffWalk, Education, Income",0,0.5015226593316706,0.8710801393728222,1,299.7698838307421,9990,6543,0.42857142857142855,0.0006268486069829548,250,287
"[30.025,69.975], 0, [2.5,5.5], [5.5,8.5]","BMI, Smoker, GenHlth, Age",1,0.13746212943750738,0.6724137931034483,1,224.8898705781284,9808,6553,0.19047619047619047,0.0004702670605032265,117,174
"[2.6799999999999997,5.5], [4.48,9.52], [3.865,8.135]","GenHlth, Age, Income",1,0.07865173379084069,0.6013698630136987,1,173.85127271683783,9986,6554,0.14285714285714285,0.00036354028207281696,439,730
"0, 1, 1, [-0.3600000000000001,2.3600000000000003], [-23.70536638791693,6.592485510487688], 0, [4.45,8.329303261655715]","HighChol, CholCheck, Smoker, GenHlth, PhysHlth, DiffWalk, Education",0,0.2731986815017553,0.7714285714285715,1,178.71693990073976,9976,6555,0.3333333333333333,0.0003737148755219499,135,175
"1, [30.025,69.975], 0, 0, [2.6799999999999997,5.96], [-11.25,6.3], 1","CholCheck, BMI, Veggies, HvyAlcoholConsump, GenHlth, MentHlth, DiffWalk",1,0.43098733515725846,0.8450704225352113,2,263.9115190424305,9942,6560,0.3333333333333333,0.0011037304079012196,60,71
"0, 0, 1, [-0.3600000000000001,2.630094518367552], [-11.827915292174136,6.55], 0, [1.88,8.120000000000001]","HighChol, Smoker, PhysActivity, GenHlth, MentHlth, DiffWalk, Age",0,0.7241964340209961,0.9375,1,352.7046907022132,9990,6562,0.3333333333333333,0.0007375405468278155,240,256
"1, 1, 1, 0, [4.04,5.96], [23.85,36.15], [3.325,6.675]","HighBP, HighChol, CholCheck, Stroke, GenHlth, PhysHlth, Education",1,0.231092867969897,0.746031746031746,1,244.12376785310693,9937,6564,0.3333333333333333,0.0005104870504488512,47,63
"1, 1, 0, 0, [3.34,17.259999999999998]","Stroke, Fruits, HvyAlcoholConsump, Sex, Age",1,0.16617306684564512,0.6984126984126984,1,150.4498467594499,9771,6570,0.23809523809523808,0.0003146055756395118,44,63
"1, 0, 1, [-0.7999999999999989,20.799999999999997], 0","HighBP, HvyAlcoholConsump, AnyHealthcare, PhysHlth, Sex",1,0.14427149984309998,0.6789473684210526,1,190.31261638256842,9985,6574,0.23809523809523808,0.00039796258698906784,516,760
"0, 0, 1, [-0.3600000000000001,3.26], 0, [4.732581852330824,9.33]","HighChol, Stroke, Veggies, GenHlth, Sex, Income",0,0.3611980985276048,0.8157349896480331,1,288.64320040772384,9990,6584,0.2857142857142857,0.0006035816065927573,394,483
"1, [30.025,69.975], 1, 0, 1, 0, [2.6799999999999997,5.32], [8.2,11.8], [3.3,6.7]","CholCheck, BMI, Smoker, PhysActivity, Veggies, HvyAlcoholConsump, GenHlth, Age, Education",1,0.5035835674196454,0.8717948717948718,1,258.0456112904138,9937,6611,0.42857142857142855,0.0005395990081071396,68,78
"1, [2.5,5.96], [4.48,9.52]","Smoker, GenHlth, Age",1,0.11448590339880554,0.6482617586912065,1,127.70858624040898,9986,6617,0.14285714285714285,0.00026705134072028215,317,489
"1, 1, [30.025,69.975], 0, 1, 1, 0, [2.5,5.5], 1, [7.0600000000000005,12.94]","HighChol, CholCheck, BMI, Stroke, Fruits, Veggies, HvyAlcoholConsump, GenHlth, DiffWalk, Age",1,0.401877572016461,0.8333333333333334,1,314.45673305898066,9965,6618,0.47619047619047616,0.0006575602677476773,90,108
"0, 0, 1, [-0.3600000000000001,3.26], 0, [6.04,9.33]","HighChol, Stroke, PhysActivity, GenHlth, Sex, Income",0,0.49019633368889665,0.867109634551495,1,306.62553183072635,9990,6619,0.2857142857142857,0.0006411844480082062,261,301
"1, [20.25,45.75], 0, [-0.3600000000000001,2.3600000000000003], [-23.70536638791693,9.0], [4.45,7.55]","CholCheck, BMI, HvyAlcoholConsump, GenHlth, PhysHlth, Education",0,0.20377309052998527,0.7274939172749392,1,190.26134123869465,9976,6622,0.2857142857142857,0.00042308518030265526,598,822
"1, 1, 0, [4.04,5.96], [23.85,36.15], 1","HighBP, CholCheck, Stroke, GenHlth, PhysHlth, DiffWalk",1,0.22733534048886378,0.7435897435897436,1,233.282153762353,9937,6634,0.2857142857142857,0.0004878161583519216,58,78
"0, 0, [3.6000000000000014,44.4], 0, 1, 0, 0, [1.88,6.23423904202776]","HighBP, HighChol, BMI, HeartDiseaseorAttack, PhysActivity, HvyAlcoholConsump, DiffWalk, Age",0,0.6672220021734048,0.9222614840989399,2,319.64077440945294,9990,6638,0.38095238095238093,0.0013368012264143956,261,283
"1, 1, 1, 0","HighBP, CholCheck, Stroke, Sex",1,0.29456172965920824,0.7831325301204819,1,190.93349918048642,9863,6640,0.19047619047619047,0.00039926091459957036,65,83
"0, 0, [11.25,36.75], 0, 0, 1, 0, [-11.827915292174136,6.55]","HighBP, HighChol, BMI, Stroke, HeartDiseaseorAttack, PhysActivity, Fruits, MentHlth",0,0.3016872885878291,0.7868852459016393,1,289.6691370989348,9934,6651,0.38095238095238093,0.0006057269421332061,144,183
"1, [4.04,5.234592647479159], [4.48,9.52]","CholCheck, GenHlth, Age",1,0.35186560755935636,0.8114754098360656,1,220.32598499962842,9937,6662,0.14285714285714285,0.0004607235223707314,99,122
"1, 0, 0, 1, 0, [4.04,5.5], [22.35,37.65], [2.15,4.925416479344923]","HighChol, Stroke, PhysActivity, Fruits, HvyAlcoholConsump, GenHlth, MentHlth, Education",1,0.07775999999999998,0.6,1,157.4,7594,6662,0.38095238095238093,0.00032913903651117423,3,5
"0, 0, 1, 1, 0, 1, [-0.020000000000000018,2.02], 0, 0, [4.025,5.975]","HighBP, HighChol, Smoker, PhysActivity, Fruits, AnyHealthcare, GenHlth, DiffWalk, Sex, Education",0,1.0,1.0,1,198.33333333333334,9057,6668,0.47619047619047616,0.00041473470293127633,3,3
"1, 1, 1, 0, 1, [23.85,36.15], [3.325,6.675]","HighBP, HighChol, CholCheck, Stroke, Veggies, PhysHlth, Education",1,0.2373046875,0.75,1,244.32174434132563,9937,6679,0.3333333333333333,0.0005109010389531979,81,108
"0, 0, 0, 0, 1, 0, 1, [-11.827915292174136,6.55], 0, [1.88,8.120000000000001]","HighBP, HighChol, Smoker, Stroke, PhysActivity, Fruits, AnyHealthcare, MentHlth, DiffWalk, Age",0,0.5549289573066435,0.8888888888888888,1,358.66638487400553,9934,6681,0.47619047619047616,0.0007500070415907,72,81
"0, 0, [3.6000000000000014,44.4], 0, 0, 1, 0, 0, [1.88,6.23423904202776]","HighBP, HighChol, BMI, Stroke, HeartDiseaseorAttack, PhysActivity, HvyAlcoholConsump, DiffWalk, Age",0,0.6642145320588145,0.9214285714285714,1,319.64077440945294,9990,6703,0.42857142857142855,0.0006684006132071978,258,280
"[30.025,69.975], 1, 0, 1, [2.5,5.5], [4.48,9.52], [2.15,3.8]","BMI, Veggies, HvyAlcoholConsump, NoDocbcCost, GenHlth, Age, Education",1,0.18593443208187066,0.7142857142857143,1,204.72,9776,6704,0.3333333333333333,0.00042808985739877756,5,7
"[19.675,69.975], 0, 0, [2.5,5.5], 1","BMI, HvyAlcoholConsump, NoDocbcCost, GenHlth, Sex",1,0.15172173064367747,0.6858190709046454,2,188.00185684095808,9986,6718,0.23809523809523808,0.0007862611184618126,561,818
"1, 0, 1, 0, 1, 1, [2.528307251348646,17.259999999999998]","CholCheck, Stroke, HeartDiseaseorAttack, Veggies, AnyHealthcare, Sex, Age",1,0.19526041471498232,0.7213114754098361,1,173.652113875614,9817,6725,0.3333333333333333,0.00036312382115087866,44,61
"1, 1, 0, 1, 0, 0, 0","HighChol, Smoker, Stroke, HeartDiseaseorAttack, Veggies, HvyAlcoholConsump, NoDocbcCost",1,0.19349176319999997,0.72,1,179.76727787768692,9878,6725,0.3333333333333333,0.00037591123657495807,36,50
"0, 0, 1, 1, [0.74,3.26], [1.88,8.120000000000001], [2.175,3.825]","HighBP, HighChol, Smoker, AnyHealthcare, GenHlth, Age, Education",0,1.0,1.0,1,191.66666666666666,9203,6754,0.3333333333333333,0.000400794040647872,3,3
"1, 0, 1, 0, 0, 0, 1, [3.8200000000000003,6.18], 1, 1","Smoker, Stroke, HeartDiseaseorAttack, PhysActivity, Fruits, HvyAlcoholConsump, AnyHealthcare, GenHlth, DiffWalk, Sex",1,0.6472278485082303,0.9166666666666666,1,240.33062912,9739,6769,0.47619047619047616,0.0005025552205379997,11,12
"1, 0, 1, 0, 0, 0, 1, [3.88,6.12], [24.0,36.0], 1, 1","Smoker, Stroke, HeartDiseaseorAttack, PhysActivity, Fruits, HvyAlcoholConsump, AnyHealthcare, GenHlth, MentHlth, DiffWalk, Sex",1,0.1,1.0,1,237.25,6769,6769,0.5238095238095238,0.0004961133190106486,0,0
"0, 0, [-28.876398412947694,36.75], 0, 1, 0, 0","HighBP, HighChol, BMI, Stroke, PhysActivity, Fruits, HvyAlcoholConsump",0,0.24149724604307019,0.7526315789473684,1,283.4517822166869,9934,6775,0.3333333333333333,0.0005927258354267822,143,190
"1, 1, [9.8,64.2], 1, 0","HighBP, CholCheck, BMI, HeartDiseaseorAttack, HvyAlcoholConsump",1,0.29401541328515657,0.7828418230563002,1,189.88210323206772,9986,6777,0.23809523809523808,0.0003970623412231137,292,373
"1, 1, [30.025,69.975], 1, 1, 0, 0, [2.6799999999999997,5.96]","HighBP, CholCheck, BMI, Smoker, Fruits, HvyAlcoholConsump, NoDocbcCost, GenHlth",1,0.41757403534615684,0.8397435897435898,1,235.65487884489033,9986,6793,0.38095238095238093,0.0004927777622119739,131,156
"1, 1, 0, 0, [2.5,5.32], [8.2,11.8], [3.3,6.7]","HighBP, CholCheck, PhysActivity, HvyAlcoholConsump, GenHlth, Age, Education",1,0.2681550173942866,0.7685589519650655,1,253.46030798265275,9942,6793,0.3333333333333333,0.0005300106833750687,176,229
"0, [11.25,36.75], 0, 1, 0, 0, [-0.6819339100695123,2.84], [-6.9,6.9], [-4.6,8.6], [5.05,6.95]","HighChol, BMI, Smoker, PhysActivity, Fruits, HvyAlcoholConsump, GenHlth, MentHlth, PhysHlth, Education",0,0.6371466150555487,0.9137931034482759,1,323.52903446991155,9934,6796,0.47619047619047616,0.0006765313512631331,53,58
"1, 0, 1, 1, 1","CholCheck, Smoker, Stroke, PhysActivity, Sex",1,0.18593443208187066,0.7142857142857143,1,183.1547394048,9747,6808,0.23809523809523808,0.0003829947551470843,10,14
"[30.025,69.975], 0, 0, 0, 0, 1, [2.94,5.0600000000000005]","BMI, PhysActivity, Fruits, Veggies, HvyAlcoholConsump, AnyHealthcare, GenHlth",1,0.27448190461327976,0.7721518987341772,1,160.9485219534297,9928,6814,0.3333333333333333,0.0003365593484348756,61,79
"1, 1, 1, [33.275,69.975], 1, 1, 1, 0, 1, [2.6799999999999997,5.96], 1","HighBP, HighChol, CholCheck, BMI, Smoker, HeartDiseaseorAttack, Fruits, Veggies, AnyHealthcare, GenHlth, DiffWalk",1,0.2373046875,0.75,1,236.25,9986,6817,0.5238095238095238,0.000494022219668138,3,4
"1, 1, [30.025,69.975], 0, 0, [7.699999999999999,12.620000000000001], [2.225,5.775], [0.07499999999999973,3.9250000000000003]","HighBP, HighChol, BMI, HeartDiseaseorAttack, HvyAlcoholConsump, Age, Education, Income",1,0.5436502900336524,0.8852459016393442,1,216.1889303801256,9853,6818,0.38095238095238093,0.0004520725301759585,54,61
"1, 0, 0, [2.5,5.32], 0, [2.075,3.925]","Veggies, HvyAlcoholConsump, NoDocbcCost, GenHlth, DiffWalk, Education",1,0.06600153808263474,0.5806451612903226,1,180.7395140506885,9831,6820,0.2857142857142857,0.00037794427899708673,18,31
"0, 0, 1, [0.05999999999999994,1.94], 0, [1.0,6.78]","HighChol, Smoker, AnyHealthcare, GenHlth, DiffWalk, Age",0,0.9350875650106997,0.9866666666666667,2,379.2270618007841,9990,6826,0.2857142857142857,0.0015860029191877205,74,75
"0, 0, 0, [-0.3600000000000001,2.3600000000000003], 0","Smoker, Stroke, NoDocbcCost, GenHlth, Sex",0,0.2885403747197164,0.7799043062200957,1,276.56429216772074,9990,6830,0.23809523809523808,0.0005783234095138404,326,418
"1, 1, [30.025,69.975], 0, 0, [21.45,38.55], 1, [9.1,17.259999999999998]","HighBP, CholCheck, BMI, Veggies, HvyAlcoholConsump, PhysHlth, DiffWalk, Age",1,0.48894551440329226,0.8666666666666667,1,232.3254861824,9896,6833,0.38095238095238093,0.00048581567140448063,13,15
"1, [30.025,69.975], 0, 1, 0, [-11.25,11.25], 1, [0.07499999999999973,3.9250000000000003]","CholCheck, BMI, Stroke, AnyHealthcare, NoDocbcCost, MentHlth, DiffWalk, Income",1,0.599658923879195,0.9027777777777778,1,299.77564225013055,9965,6836,0.38095238095238093,0.0006268606484099518,65,72
"1, [2.7274297811547976,5.96], [0.8499999999999996,13.15], 0","AnyHealthcare, GenHlth, PhysHlth, Sex",1,0.09377269451298012,0.622895622895623,1,219.46833764243428,9878,6846,0.19047619047619047,0.00045893009654599675,185,297
"1, [13.225000000000001,66.775], 1, [4.04,5.96], [0.8499999999999996,13.15], 0","CholCheck, BMI, AnyHealthcare, GenHlth, PhysHlth, Sex",1,0.17525145137855438,0.7058823529411765,1,223.8463717761024,9727,6846,0.2857142857142857,0.00046808500084439923,12,17
"0, 0, 0, [-0.6819339100695123,2.84], [-9.45,9.45], [1.88,8.120000000000001]","HighChol, Smoker, Fruits, GenHlth, PhysHlth, Age",0,0.7385081737104511,0.9411764705882353,1,267.97499196625586,9934,6849,0.2857142857142857,0.0006340605077627008,80,85
"0, [-4.35,2.96239722654067], 0, 1, [0.06000000000000005,2.98]","Stroke, MentHlth, DiffWalk, Sex, Age",0,1.0,1.0,3,262.4979857384697,9605,6852,0.23809523809523808,0.0016467280961642416,33,33
"1, 1, 0, 0, 1, 0, [4.04,5.96], [22.35,37.65], [2.15,4.925416479344923]","HighBP, CholCheck, Stroke, PhysActivity, Fruits, HvyAlcoholConsump, GenHlth, MentHlth, Education",1,0.03125,0.5,1,179.5,7594,6862,0.42857142857142855,0.0003753523319806593,1,2
"1, 1, [4.225,7.775]","HighBP, DiffWalk, Education",1,0.2500601317798683,0.7578947368421053,1,209.46069320916965,9986,6876,0.14285714285714285,0.00043800311785151686,216,285
"1, [30.025,69.975], [2.6799999999999997,5.32], [21.45,38.55], 1, [9.1,17.259999999999998]","CholCheck, BMI, GenHlth, PhysHlth, DiffWalk, Age",1,0.46266436603796024,0.8571428571428571,1,275.96033658848467,9896,6876,0.2857142857142857,0.0005770604783991943,54,63
"[2.6799999999999997,5.32], 1, [0.07499999999999973,3.9250000000000003]","GenHlth, DiffWalk, Income",1,0.2935778904262872,0.782608695652174,1,216.57155341435026,9965,6881,0.14285714285714285,0.0004528726329512551,216,276
"1, 1, [30.025,69.975], 1, 0, 1, [2.5,5.5], [-3.5,11.5]","HighBP, CholCheck, BMI, PhysActivity, Fruits, AnyHealthcare, GenHlth, PhysHlth",1,0.29798853689129795,0.7849462365591398,1,229.46550949386753,9979,6895,0.38095238095238093,0.0004798351760314947,73,93
"1, 1, 0, 1, 0, [-6.9,6.9]","CholCheck, Stroke, HvyAlcoholConsump, AnyHealthcare, NoDocbcCost, MentHlth",1,0.21208362139917689,0.7333333333333333,1,224.85214505661784,9942,6904,0.2857142857142857,0.0004701881726899999,77,105
"0, 0, 0, [0.74,3.26], [-6.0,6.0], 0","HeartDiseaseorAttack, PhysActivity, NoDocbcCost, GenHlth, MentHlth, DiffWalk",0,0.040045010415851054,0.5254237288135594,1,149.06701380579543,9976,6906,0.2857142857142857,0.0003232500140744408,155,295
"1, [19.675,69.975], 1, 1, 0, 1, 0, [5.055,6.945]","CholCheck, BMI, HeartDiseaseorAttack, Fruits, HvyAlcoholConsump, AnyHealthcare, NoDocbcCost, Income",1,0.15359020233154297,0.6875,1,210.51458542272195,9651,6910,0.38095238095238093,0.00044020691116635315,22,32
"1, 1, [30.025,69.975], 0, 0, [2.6799999999999997,5.32], [-5.250000000000001,5.250000000000001], [0.07499999999999973,3.9250000000000003]","HighBP, HighChol, BMI, HeartDiseaseorAttack, HvyAlcoholConsump, GenHlth, PhysHlth, Income",1,0.5904900000000001,0.9,2,232.4094592380481,9844,6911,0.38095238095238093,0.0009719825348118701,36,40
"1, [30.025,40.87488726675879], 0, [21.45,35.85], 1, [4.15,5.85]","CholCheck, BMI, HvyAlcoholConsump, PhysHlth, DiffWalk, Education",1,0.13168724279835387,0.6666666666666666,1,232.75141334506375,9937,6913,0.2857142857142857,0.00048670632741428427,18,27
"0, 0, 0, 0, 1, 0, [0.74,3.26], 1","HighBP, Smoker, Stroke, HeartDiseaseorAttack, PhysActivity, HvyAlcoholConsump, GenHlth, Sex",0,0.3559121861004116,0.8133333333333334,1,259.1965533380751,9934,6915,0.38095238095238093,0.000542005742266272,183,225
"0, 0, 0, 0, 0, 1, 1, 0, [0.74,3.26]","HighBP, HighChol, Smoker, Stroke, HeartDiseaseorAttack, PhysActivity, Veggies, HvyAlcoholConsump, GenHlth",0,0.5696555523281592,0.8935574229691877,2,317.4556932645782,9990,6915,0.42857142857142855,0.0013276627829236357,319,357
"0, 0, 0, 0, 1, 0, 0, [-0.3600000000000001,2.630094518367552], [-11.827915292174136,6.55]","HighBP, HighChol, Smoker, HeartDiseaseorAttack, PhysActivity, HvyAlcoholConsump, NoDocbcCost, GenHlth, MentHlth",0,0.69234532710376,0.9291044776119403,2,343.6405495464967,9990,6925,0.42857142857142855,0.0014371730544333462,249,268
"0, 0, 0, [0.05999999999999994,1.94], 0, [1.88,8.120000000000001]","HighChol, Smoker, HvyAlcoholConsump, GenHlth, DiffWalk, Age",0,0.9153050461492129,0.9824561403508771,1,313.53510666051307,9990,6933,0.2857142857142857,0.0006556330553918013,112,114
"[30.025,69.975], 1, 0, 0, [8.2,11.8], [4.775,7.225]","BMI, Smoker, PhysActivity, HvyAlcoholConsump, Age, Education",1,0.49514246333408923,0.8688524590163934,1,208.92961063728012,9997,6937,0.2857142857142857,0.0004368925714346198,53,61
"0, 1, 1, [25.35,34.65]","HighChol, CholCheck, Fruits, PhysHlth",1,0.0759765896846197,0.5972222222222222,1,160.282283069069,9935,6943,0.19047619047619047,0.0003351661767418339,43,72
"1, [30.025,69.975], 0, 1, 0, [2.5,5.5], [7.68,11.8]","HighBP, BMI, PhysActivity, Veggies, HvyAlcoholConsump, GenHlth, Age",1,0.3580008669006961,0.8142857142857143,1,274.854588649331,9937,6946,0.3333333333333333,0.0005747482496106475,114,140
"1, 0, 1","CholCheck, NoDocbcCost, DiffWalk",1,0.20991224091632849,0.7318255250403877,1,202.64756199964785,9986,6951,0.14285714285714285,0.0004237561836588471,453,619
"0, [30.025,40.87488726675879], 0, 0, [21.45,35.85]","HighChol, BMI, PhysActivity, HvyAlcoholConsump, PhysHlth",1,0.6903615309097401,0.9285714285714286,1,146.0020166656,9896,6958,0.23809523809523808,0.0003053047210546632,13,14
"1, [30.025,69.975], 1, 0, [2.6799999999999997,4.02]","HighBP, BMI, PhysActivity, HvyAlcoholConsump, GenHlth",1,0.2746420737777415,0.7722419928825622,1,202.59927160447947,9979,6979,0.23809523809523808,0.0004236552036452609,217,281
"1, [30.025,69.975], 1, 0, [2.6799999999999997,4.02], [-8.100000000000001,8.100000000000001], 0, [2.65,5.35]","HighBP, BMI, PhysActivity, HvyAlcoholConsump, GenHlth, MentHlth, Sex, Education",1,0.28912442494623025,0.7802197802197802,1,239.1640694101033,9945,6979,0.38095238095238093,0.0005001158282956353,71,91
"0, 0, 0, 0, [0.06000000000000005,8.120000000000001]","HighBP, PhysActivity, Fruits, HvyAlcoholConsump, Age",0,0.10529335052490231,0.6375,1,152.06087372835265,9976,6987,0.23809523809523808,0.00031797439307495117,51,80
"0, 0, 0, 0, [-0.6819339100695123,2.84], [-9.45,9.45], 0, [6.5649999999999995,9.435]","HighChol, Smoker, Stroke, Fruits, GenHlth, PhysHlth, DiffWalk, Income",0,0.5821262541771084,0.8974358974358975,1,337.52144145614545,9934,6987,0.38095238095238093,0.0007057908643121881,70,78
"1, 1, 1, 1, 0, 0, 0, [2.5,5.32], [-3.0500000000000007,11.05], 1, [6.74,15.26]","HighBP, HighChol, CholCheck, Smoker, PhysActivity, HvyAlcoholConsump, NoDocbcCost, GenHlth, MentHlth, Sex, Age",1,0.5185701272041218,0.8769230769230769,1,237.7251330295431,9961,6992,0.5238095238095238,0.0004971068693763312,57,65
"1, [30.025,69.975], 1, 0, [2.6799999999999997,4.02], [0.5,9.5]","HighBP, BMI, PhysActivity, HvyAlcoholConsump, GenHlth, Age",1,0.2557122571242157,0.7612903225806451,1,183.9386734625329,9945,6993,0.2857142857142857,0.0003846340391397813,118,155
"1, [30.025,69.975], 0, 0, 0, [2.6799999999999997,5.32], [21.45,38.55]","CholCheck, BMI, Smoker, PhysActivity, HvyAlcoholConsump, GenHlth, PhysHlth",1,0.3158088059220047,0.7941176470588235,1,264.58624412683616,9935,6994,0.3333333333333333,0.0005532761211309859,27,34
"0, 0, [21.45,35.85], 1, [9.1,17.259999999999998]","HighChol, Smoker, PhysHlth, DiffWalk, Age",1,0.4234790289079717,0.8421052631578947,2,178.9226541822116,9871,6994,0.23809523809523808,0.0007482900890413614,16,19
"1, 1, 0, 0, 1, 0, 1, [2.94,7.193397233716988], 0","HighBP, HighChol, Smoker, Stroke, Fruits, HvyAlcoholConsump, AnyHealthcare, GenHlth, Sex",1,0.267181325549568,0.768,1,248.41948342379095,9927,7000,0.42857142857142855,0.0005194698184543213,96,125
"0, 1, [-4.35,2.96239722654067], 0, 1, [0.06000000000000005,2.98]","Stroke, Veggies, MentHlth, DiffWalk, Sex, Age",0,1.0,1.0,2,270.74392763199785,9605,7001,0.2857142857142857,0.0011323048981200362,27,27
"0, 0, 1, 0, 0, 0, 1","Smoker, HeartDiseaseorAttack, Fruits, HvyAlcoholConsump, NoDocbcCost, DiffWalk, Sex",0,0.13518936751448588,0.6701754385964912,1,216.17655649761994,9892,7013,0.3333333333333333,0.0004520466551583866,191,285
"[6.850000000000001,39.15], 0, 0, 1, [-8.4,8.4], 0, [5.025,6.975], [6.355,9.645]","BMI, Smoker, Stroke, Veggies, MentHlth, DiffWalk, Education, Income",0,0.25959271831596753,0.7635869565217391,1,296.32263757393656,9990,7013,0.38095238095238093,0.0006196400726018764,281,368
"1, [13.275,44.725], [2.6799999999999997,5.32], 1","CholCheck, BMI, GenHlth, DiffWalk",1,0.2345517627009267,0.7482517482517482,1,210.54329489037315,9986,7018,0.19047619047619047,0.00044026694551528236,428,572
"0, 0, 0, 1, 0, 0, 0, 1","Smoker, Stroke, HeartDiseaseorAttack, Fruits, HvyAlcoholConsump, NoDocbcCost, DiffWalk, Sex",0,0.12935242185175816,0.6642857142857143,1,216.17655700717776,9892,7028,0.38095238095238093,0.0004520466562239226,186,280
"0, 0, 0, 1, 0, [1.88,8.120000000000001], [6.67,9.96]","HighBP, HeartDiseaseorAttack, HvyAlcoholConsump, AnyHealthcare, NoDocbcCost, Age, Income",0,0.4050519446387882,0.8346456692913385,1,290.4488541566694,9990,7032,0.3333333333333333,0.0006073574079599793,318,381
"1, 1, [9.8,64.2], 1, 0, 1, 1, 0, [3.025,4.975], [4.705,7.295]","HighBP, HighChol, BMI, Smoker, Stroke, Fruits, Veggies, HvyAlcoholConsump, Education, Income",1,0.2084017036410597,0.7307692307692307,1,213.0950224290767,9699,7034,0.47619047619047616,0.00044560286129373167,19,26
"0, 0, 0, 1, 0, 0, 1","Smoker, Stroke, HeartDiseaseorAttack, Fruits, NoDocbcCost, DiffWalk, Sex",0,0.13168724279835387,0.6666666666666666,1,216.17655700717776,9892,7037,0.3333333333333333,0.0004520466562239226,188,282
"0, 0, 1, 0, 0, 0, 1, [4.475,7.525]","Smoker, HeartDiseaseorAttack, Fruits, HvyAlcoholConsump, NoDocbcCost, DiffWalk, Sex, Education",0,0.14843256927646942,0.6828193832599119,1,224.39910210749818,9892,7037,0.38095238095238093,0.0004692408148769667,155,227
"1, 1, 0, 0, 0, [-11.25,11.25], 1, [7.699999999999999,17.259999999999998]","HighBP, CholCheck, HeartDiseaseorAttack, Fruits, Veggies, MentHlth, DiffWalk, Age",1,0.2994492622121735,0.7857142857142857,1,205.2263144566486,9928,7043,0.38095238095238093,0.00042914861122617906,33,42
"1, 1, [30.025,69.975], 1, 0, 1, 0, 1, 1, [4.425,7.575]","HighChol, CholCheck, BMI, Smoker, Stroke, Veggies, HvyAlcoholConsump, DiffWalk, Sex, Education",1,0.5734249721032963,0.8947368421052632,1,297.8859162953974,9965,7053,0.47619047619047616,0.000622909043708484,17,19
"1, 0, 0, [-11.25,11.25], 1","HighBP, PhysActivity, HvyAlcoholConsump, MentHlth, DiffWalk",1,0.2529116063365419,0.7596153846153846,1,220.732541002063,9942,7053,0.23809523809523808,0.00046157367136011605,158,208
"1, 0, 1, [2.5,5.5], [7.0600000000000005,12.94]","CholCheck, Fruits, AnyHealthcare, GenHlth, Age",1,0.2593872502301224,0.7634660421545667,2,193.9052876180411,9979,7057,0.23809523809523808,0.0008109504388948433,326,427
"1, 0, 1, 0, [-11.25,11.25], 1","HighBP, PhysActivity, Fruits, HvyAlcoholConsump, MentHlth, DiffWalk",1,0.18754285183778288,0.7155172413793104,1,221.44041629504835,9942,7067,0.2857142857142857,0.0004630539089198573,83,116
"[-9.475000000000001,47.475], 0, 0","BMI, Stroke, NoDocbcCost",0,0.040593512960725324,0.5268552685526855,1,173.19859653979213,9990,7071,0.14285714285714285,0.0004086746421664258,1285,2439
"1, 1, 1, 1, 0, 1, [2.94,7.193397233716988], [-11.25,11.25], 0","HighChol, CholCheck, Smoker, Veggies, HvyAlcoholConsump, AnyHealthcare, GenHlth, MentHlth, Sex",1,0.19238987675484973,0.7191780821917808,1,195.56254877551973,9776,7077,0.42857142857142855,0.00040894071716419364,105,146
"1, 1, [28.505886588018097,69.975], 1, 1, 1, 0, 1, [0.07499999999999973,3.9250000000000003]","HighBP, CholCheck, BMI, HeartDiseaseorAttack, Fruits, Veggies, HvyAlcoholConsump, DiffWalk, Income",1,0.6472278485082303,0.9166666666666666,1,334.29009651004606,9965,7077,0.42857142857142855,0.0006990338010199746,22,24
"1, 0, 0, 0, [2.6799999999999997,6.812751265392242], [9.1,17.259999999999998]","HighBP, HeartDiseaseorAttack, PhysActivity, HvyAlcoholConsump, GenHlth, Age",1,0.3104634859136235,0.7914110429447853,1,219.70390440910398,9961,7083,0.2857142857142857,0.0004594226900568971,129,163
"0, 0, 1, 0, [-0.3600000000000001,2.3600000000000003], 0, [1.88,6.78], [4.3,7.7]","Smoker, Stroke, PhysActivity, HvyAlcoholConsump, GenHlth, DiffWalk, Age, Education",0,0.6492593216381977,0.9172413793103448,1,329.269682280429,9990,7084,0.38095238095238093,0.0006885356161252913,133,145
"[30.025,69.975], 1, 0, [2.5,5.32], 1, [3.3,6.7]","BMI, Smoker, PhysActivity, GenHlth, Sex, Education",1,0.3821815722656249,0.825,1,193.7866425630335,9986,7087,0.2857142857142857,0.0004052271208509031,66,80
"1, 1, 1, 1, 0, 1, 0, 0, [6.74,15.26]","HighBP, HighChol, CholCheck, Smoker, PhysActivity, Veggies, HvyAlcoholConsump, NoDocbcCost, Age",1,0.3443949732167681,0.808,1,228.76070389335982,9901,7087,0.42857142857142855,0.00047836135750367517,101,125
"0, 0, 0, [0.4670686734677377,1.94], 0, [0.28000000000000025,8.120000000000001], [3.725,6.275]","Smoker, Stroke, HvyAlcoholConsump, GenHlth, DiffWalk, Age, Education",0,0.9275678005742024,0.9850746268656716,1,269.2786587864415,9990,7088,0.3333333333333333,0.0005630884263404739,132,134
"1, [22.35,37.65]","Fruits, MentHlth",1,0.11646297773158097,0.6504854368932039,1,156.50701046001345,9986,7096,0.09523809523809523,0.00032727170667123945,67,103
"0, 0, 1, 0, [0.4670686734677377,1.94], 0, [0.28000000000000025,8.120000000000001], [3.725,6.275]","Smoker, Stroke, Veggies, HvyAlcoholConsump, GenHlth, DiffWalk, Age, Education",0,1.0,1.0,1,306.0658046973819,9990,7106,0.38095238095238093,0.0006400140029676842,114,114
"1, 1, 1, [9.8,64.2], 1, 0, 1, 0","HighBP, HighChol, CholCheck, BMI, Veggies, HvyAlcoholConsump, AnyHealthcare, NoDocbcCost",1,0.2411444893898552,0.752411575562701,1,233.2791524361804,9985,7109,0.38095238095238093,0.0005355283261917917,468,622
"1, 0, 1","HighChol, Stroke, AnyHealthcare",1,0.09803779190662285,0.6284615384615385,1,161.02463886285645,9985,7116,0.14285714285714285,0.0003466641189085372,817,1300
"1, [9.8,64.2], 1, 1, 0, [2.06,5.32]","HighBP, BMI, Veggies, AnyHealthcare, NoDocbcCost, GenHlth",1,0.26545390050979717,0.7670043415340086,1,254.18978082587589,9979,7121,0.2857142857142857,0.0005315360835579119,530,691
"1, 1, [8.600000000000001,49.4], 0, 0, 1, [4.04,5.96]","HighChol, CholCheck, BMI, Stroke, PhysActivity, AnyHealthcare, GenHlth",1,0.2715439396649689,0.7704918032786885,1,240.31226320007306,9937,7123,0.3333333333333333,0.0005025168155749158,47,61
"0, 0, 1, 1, 0, [1.88,8.120000000000001], [3.2,4.8]","HighBP, HighChol, Veggies, AnyHealthcare, DiffWalk, Age, Education",0,0.546203833165425,0.8860759493670886,1,255.7749845461887,9971,7126,0.3333333333333333,0.0005348509020152034,70,79
"0, 1, 1, 0, [1.88,8.120000000000001]","HighChol, Veggies, AnyHealthcare, DiffWalk, Age",0,0.3793235117214146,0.8237623762376237,1,236.3093794246097,9990,7126,0.23809523809523808,0.0005512905808051597,416,505
"0, 0, [3.6000000000000014,44.4], 0, 0, 1, 0, 0, [1.88,6.23423904202776], [3.15,6.85]","HighBP, HighChol, BMI, Stroke, HeartDiseaseorAttack, PhysActivity, HvyAlcoholConsump, DiffWalk, Age, Education",0,0.6748832023780954,0.9243697478991597,1,329.95593846196687,9990,7135,0.47619047619047616,0.000689970645975299,220,238
"0, [30.025,69.975], 1, 0, [2.5,5.32], 1, [3.3,6.7]","HighChol, BMI, Smoker, PhysActivity, GenHlth, Sex, Education",1,0.2373046875,0.75,1,178.93824950398997,9244,7136,0.3333333333333333,0.0003741776558877977,18,24
"1, 0, 1, [-4.35,2.96239722654067], 0, 1, [0.06000000000000005,2.98]","HighChol, Stroke, Veggies, MentHlth, DiffWalk, Sex, Age",0,1.0,1.0,1,277.0,8887,7138,0.3333333333333333,0.0005792345178754464,1,1
"1, 1, 0, 0, 1, 1, [-11.25,10.15], [-4.95,10.95], 0, [1.67,4.33]","HighBP, CholCheck, Stroke, HvyAlcoholConsump, AnyHealthcare, NoDocbcCost, MentHlth, PhysHlth, Sex, Income",1,0.03125,0.5,1,190.1388659712,9808,7145,0.47619047619047616,0.0003975992576180944,7,14
"1, 1, [30.025,69.975], 0, 1, 0, [-11.25,11.25], 1, [0.07499999999999973,3.9250000000000003]","HighBP, CholCheck, BMI, HvyAlcoholConsump, AnyHealthcare, NoDocbcCost, MentHlth, DiffWalk, Income",1,0.7039687638313157,0.9322033898305084,2,304.3100588757096,9965,7148,0.42857142857142855,0.001272685128068739,55,59
"1, 1, [30.025,69.975], 0, 1, 0, [-11.25,11.25], 1, [0.07499999999999973,3.9250000000000003]","HighBP, CholCheck, BMI, Stroke, AnyHealthcare, NoDocbcCost, MentHlth, DiffWalk, Income",1,0.7137615014846165,0.9347826086956522,1,302.2100187441917,9965,7148,0.42857142857142855,0.0006319511714961064,43,46
"0, 0, 0, 1, 1, 0, [1.88,8.120000000000001]","HighChol, Smoker, HeartDiseaseorAttack, Veggies, AnyHealthcare, DiffWalk, Age",0,0.41943514116164365,0.8404907975460123,1,268.902737798894,9990,7150,0.3333333333333333,0.0006364855186385091,274,326
"[30.025,69.975], 1, 0, 0, [2.5,5.32], 1, [6.74,15.26], [3.3,6.7]","BMI, Smoker, PhysActivity, NoDocbcCost, GenHlth, Sex, Age, Education",1,0.49514246333408923,0.8688524590163934,1,216.877264343852,9961,7158,0.38095238095238093,0.0004535119048749345,53,61
"1, 1, 1, 0, 0, 0, [2.5,5.32], 1","HighBP, HighChol, Smoker, PhysActivity, Fruits, HvyAlcoholConsump, GenHlth, Sex",1,0.24622492641704344,0.7555555555555555,1,197.51895777384766,9853,7158,0.38095238095238093,0.00041303176273427907,34,45
"1, 1, 1, 0, 0, 0, 0, [2.5,5.32], [-3.0500000000000007,11.05], 1, [6.74,12.8740022534601], [2.425,5.575]","HighBP, HighChol, Smoker, PhysActivity, Veggies, HvyAlcoholConsump, NoDocbcCost, GenHlth, MentHlth, Sex, Age, Education",1,0.534824985896467,0.8823529411764706,1,217.6668518547456,9961,7172,0.5714285714285714,0.0004551630107998187,15,17
"1, 1, 1, [4.04,5.96], 1","HighChol, Fruits, AnyHealthcare, GenHlth, Sex",1,0.427630752325058,0.84375,1,275.40165958586255,9965,7186,0.23809523809523808,0.0005758922292863354,27,32
"1, 0, [2.5,5.32], [1.7599999999999998,6.24]","Veggies, NoDocbcCost, GenHlth, Income",1,0.16511456379663564,0.6975206611570248,1,241.71638385417523,9979,7191,0.19047619047619047,0.0005054529713515145,422,605
"0, 1, 0, [3.55,16.45], [1.7599999999999998,6.24]","Stroke, Fruits, NoDocbcCost, MentHlth, Income",1,0.07775999999999998,0.6,1,160.82579671788213,9878,7192,0.23809523809523808,0.00033630271777551266,54,90
"0, 1, [-0.3600000000000001,2.3600000000000003], [-23.70536638791693,6.592485510487688], 0, [4.45,8.329303261655715]","HighChol, CholCheck, GenHlth, PhysHlth, DiffWalk, Education",0,0.4035906026605584,0.8340425531914893,1,244.35542696602914,9990,7196,0.2857142857142857,0.0005109714726675694,392,470
"0, 1, 1, 0, 0, [-0.3600000000000001,2.3600000000000003], [-23.70536638791693,6.592485510487688], 0","HighChol, CholCheck, Smoker, Veggies, NoDocbcCost, GenHlth, PhysHlth, DiffWalk",0,0.2373046875,0.75,1,135.61815704737197,9988,7196,0.38095238095238093,0.0002835910390342638,21,28
"0, 1, 1, 0, 0, [1.7599999999999998,6.24]","Stroke, Veggies, AnyHealthcare, NoDocbcCost, Sex, Income",1,0.03555649621985885,0.5130784708249497,1,223.57669708496104,9985,7202,0.2857142857142857,0.0004675210842750618,255,497
"1, 1, 1, 0, 1, 0, [2.5,5.32], [8.2,11.8]","HighBP, HighChol, Fruits, HvyAlcoholConsump, AnyHealthcare, NoDocbcCost, GenHlth, Age",1,0.3696384184197442,0.8195121951219512,1,257.314482365888,9965,7202,0.38095238095238093,0.0005380701448937733,168,205
"1, 0, 1, 0, [3.55,16.45], [1.7599999999999998,6.24]","Smoker, Stroke, Fruits, NoDocbcCost, MentHlth, Income",1,0.13952361225946727,0.6744186046511628,1,160.2461288454071,9878,7204,0.2857142857142857,0.00033509057466850556,29,43
"1, 0, 0, 0, [2.6799999999999997,5.32], [0.7749999999999999,3.225]","HighBP, Veggies, HvyAlcoholConsump, NoDocbcCost, GenHlth, Education",1,0.3276800000000001,0.8,1,201.61378280356035,9896,7214,0.2857142857142857,0.0004215944486616074,24,30
"0, [3.6000000000000014,44.4], 0, 1, [-11.1,11.1], 0, [1.88,8.120000000000001]","HighChol, BMI, Stroke, PhysActivity, MentHlth, DiffWalk, Age",0,0.4010177572439034,0.8329764453961456,1,282.09253086071203,9990,7215,0.3333333333333333,0.0005898835058099965,389,467
"0, 1, 0, 1, 0, [2.5,5.32], [8.2,11.8]","Stroke, Veggies, HvyAlcoholConsump, AnyHealthcare, NoDocbcCost, GenHlth, Age",1,0.1919125445523563,0.7188208616780045,1,238.13273458318082,9979,7222,0.3333333333333333,0.0004979592047171493,317,441
"0, 0, 0, 0, 0, 1, [-0.3600000000000001,2.8200000000000003], 0, 0, [8.780000000000001,12.69728687033415], [4.9,9.1]","HighBP, Smoker, Stroke, HeartDiseaseorAttack, HvyAlcoholConsump, AnyHealthcare, GenHlth, DiffWalk, Sex, Age, Income",0,0.47611301541420215,0.8620689655172413,1,258.97430092087995,9909,7225,0.5238095238095238,0.0005415409903828038,50,58
"1, 1, 1, 1, 0, 1, 0, 0, 0, [6.74,15.26]","HighBP, HighChol, CholCheck, Smoker, PhysActivity, Veggies, HvyAlcoholConsump, NoDocbcCost, DiffWalk, Age",1,0.29209816617096457,0.7818181818181819,1,186.130916431324,9831,7231,0.47619047619047616,0.0003892182369704439,43,55
"1, 0, 0, [4.04,5.234592647479159]","CholCheck, Veggies, NoDocbcCost, GenHlth",1,0.36250963708328304,0.8163265306122449,2,195.87573605286084,9752,7233,0.19047619047619047,0.0008191912457478486,40,49
"0, 0, 0, 1, 0, [-0.3600000000000001,2.3600000000000003], 0, [1.88,9.52]","Stroke, HeartDiseaseorAttack, Fruits, AnyHealthcare, NoDocbcCost, GenHlth, DiffWalk, Age",0,0.3369359145262904,0.8044692737430168,1,177.5409211741132,9988,7253,0.38095238095238093,0.0003976772252951884,144,179
"0, 0, 0, 1, [-10.500000000000002,10.500000000000002], [1.88,8.120000000000001]","HighBP, HighChol, Fruits, Veggies, PhysHlth, Age",0,0.4447338361949203,0.8503937007874016,1,276.3387794885231,9976,7257,0.2857142857142857,0.0005778518400986424,108,127
"0, 0, 1, 0, 0, [1.88,6.23423904202776]","HighChol, HeartDiseaseorAttack, PhysActivity, HvyAlcoholConsump, DiffWalk, Age",0,0.5412919601124841,0.8844765342960289,1,283.9767112207623,9990,7261,0.2857142857142857,0.000593823514122069,245,277
"0, 0, 1, 0, 1, 0, 0, [1.88,6.23423904202776], [3.375,6.625]","HighBP, HighChol, Smoker, HeartDiseaseorAttack, PhysActivity, HvyAlcoholConsump, DiffWalk, Age, Education",0,0.534824985896467,0.8823529411764706,1,172.51058809201825,9855,7261,0.42857142857142855,0.00036073677733534264,60,68
"1, [9.8,64.2], 1, 1, 0","HighBP, BMI, Veggies, AnyHealthcare, NoDocbcCost",1,0.13627398138032376,0.671247357293869,2,192.07294936034705,9985,7263,0.23809523809523808,0.0009406872429996521,635,946
"1, 1, [8.124999999999998,37.875], 1, 0, 0, 0, 0, [2.5,5.32], 1, [6.74,15.26]","HighBP, HighChol, BMI, Smoker, PhysActivity, Fruits, HvyAlcoholConsump, NoDocbcCost, GenHlth, Sex, Age",1,0.3276800000000001,0.8,1,212.22281405459668,9853,7268,0.5238095238095238,0.00044377898693532424,24,30
"0, [-0.41999999999999993,2.3600000000000003], [-9.15,9.15], [-9.45,9.45], 0, 0","Fruits, GenHlth, MentHlth, PhysHlth, DiffWalk, Sex",0,0.19649623617673456,0.7222222222222222,1,187.0941394491742,9989,7270,0.2857142857142857,0.00039123243198976155,91,126
"0, 0, 0, [-0.41999999999999993,2.84], [4.48,8.120000000000001], [3.725,8.275]","HighBP, Stroke, NoDocbcCost, GenHlth, Age, Income",0,0.48045708347045346,0.8636363636363636,1,297.89199171973985,9990,7270,0.2857142857142857,0.0006229217480243321,209,242
"1, 1, 1, 0, 1, [2.5,5.28], 1, [7.699999999999999,16.9]","HighChol, CholCheck, Smoker, HvyAlcoholConsump, AnyHealthcare, GenHlth, DiffWalk, Age",1,0.3841374615877142,0.8258426966292135,1,239.98571979088553,9965,7280,0.38095238095238093,0.0005018339808666627,147,178
"0, [-0.41999999999999993,2.84], [-9.45,9.45], 0, [1.44,4.5600000000000005], [5.275,6.725], [3.725,8.275]","Fruits, GenHlth, PhysHlth, DiffWalk, Age, Education, Income",0,0.6903615309097401,0.9285714285714286,1,366.10762873603755,9934,7287,0.3333333333333333,0.0007655674217380565,26,28
"0, 0, [1.2399999999999998,6.76]","HighBP, HvyAlcoholConsump, Age",0,0.39141258549171,0.8289473684210527,1,250.87058992015412,9990,7291,0.14285714285714285,0.0005245953256372898,315,380
"0, 0, [-0.41999999999999993,2.84], [-9.45,9.45], 0, [6.32,9.68]","HighBP, Stroke, GenHlth, PhysHlth, DiffWalk, Income",0,0.45068366910270696,0.8526570048309179,1,291.2662455308495,9990,7291,0.2857142857142857,0.0006090666545251011,353,414
"1, 1, [4.04,5.32], 1, [4.15,5.85]","HighChol, CholCheck, GenHlth, Sex, Education",1,0.20346349914002398,0.7272727272727273,1,194.34265599999998,9180,7302,0.23809523809523808,0.0004063898001833708,8,11
"1, 1, 0, 0, 1, 0, [2.6799999999999997,5.28], 1, [7.699999999999999,16.9], [3.5300000000000002,6.47]","HighChol, Smoker, Veggies, HvyAlcoholConsump, AnyHealthcare, NoDocbcCost, GenHlth, DiffWalk, Age, Income",1,0.19349176319999997,0.72,1,219.5908002217125,9942,7319,0.47619047619047616,0.0004591861779650076,18,25
"0, 0, [3.6000000000000014,44.4], 0, 1, 1, 0, [1.88,8.120000000000001]","HighBP, HighChol, BMI, Stroke, PhysActivity, AnyHealthcare, DiffWalk, Age",0,0.5270768375401849,0.8797814207650273,1,306.5594279893345,9990,7323,0.38095238095238093,0.0006410462183089342,322,366
"1, 0, [4.45,7.55], [5.795,10.205]","Veggies, HvyAlcoholConsump, Education, Income",0,0.08170641478024157,0.6059701492537314,1,227.5210785471781,9990,7333,0.19047619047619047,0.0005204774455375163,609,1005
"1, 1, 1, 1, 1, 0, 1, 0, [8.2,11.8]","HighBP, HighChol, CholCheck, Smoker, Fruits, HvyAlcoholConsump, AnyHealthcare, NoDocbcCost, Age",1,0.22651993479986546,0.7430555555555556,1,226.46917807593982,9965,7335,0.42857142857142855,0.000517727910057775,107,144
"0, 0, 1","Stroke, DiffWalk, Sex",0,0.04748430991037268,0.5436382754994742,1,129.7877359657144,9988,7337,0.14285714285714285,0.0002668364827847463,517,951
"1, 0, 0, [2.6799999999999997,5.96], [-11.25,6.3], 1, 1","CholCheck, Veggies, NoDocbcCost, GenHlth, MentHlth, DiffWalk, Sex",1,0.2994492622121735,0.7857142857142857,2,238.8525445290677,9942,7339,0.3333333333333333,0.000998928797643452,33,42
"1, 0, 0, [2.6799999999999997,5.96], [-11.25,6.3], 1, 1","CholCheck, HeartDiseaseorAttack, Veggies, GenHlth, MentHlth, DiffWalk, Sex",1,0.28462802079628785,0.7777777777777778,1,204.71053385324055,9942,7339,0.3333333333333333,0.00042807006274551274,28,36
"1, 0, 1, 0, 0, 0","HighBP, HighChol, HeartDiseaseorAttack, PhysActivity, Fruits, HvyAlcoholConsump",1,0.46266436603796024,0.8571428571428571,1,163.979108352,9739,7340,0.2857142857142857,0.00034289660566034764,12,14
"1, [30.025,69.975], 0, 0, 0, 1","HighChol, BMI, Stroke, HeartDiseaseorAttack, HvyAlcoholConsump, NoDocbcCost",1,0.28871743680000006,0.78,1,157.70690344722146,9921,7341,0.2857142857142857,0.0003297808021078733,39,50
"1, 1, [30.025,69.975], 0, 1","HighChol, CholCheck, BMI, HvyAlcoholConsump, NoDocbcCost",1,0.3787874412704941,0.8235294117647058,2,180.19903983608611,9945,7341,0.23809523809523808,0.0007536281874445754,56,68
"0, 0, 1, 0, 1, 0, 0, 0, [4.025,7.480188652418021]","HighBP, HighChol, Smoker, Fruits, AnyHealthcare, NoDocbcCost, DiffWalk, Sex, Education",0,0.1473475405306393,0.6818181818181818,1,199.26025128466108,9976,7342,0.42857142857142855,0.00041667298044985903,15,22
"1, 1, 1, 0","CholCheck, Stroke, HeartDiseaseorAttack, Sex",1,0.24710935412080362,0.7560975609756098,1,171.4092144947162,9863,7349,0.19047619047619047,0.0003584336957301657,31,41
"0, 0, [-9.45,9.45], 0","HighBP, HvyAlcoholConsump, PhysHlth, Sex",0,0.27149254203874124,0.7704626334519573,1,261.76895079875726,9990,7352,0.19047619047619047,0.0005473848809049805,433,562
"1, [30.025,69.975], 0, 0, [1.7599999999999998,6.24]","CholCheck, BMI, Stroke, HvyAlcoholConsump, Income",1,0.16686086833392003,0.6989898989898989,1,234.08928074524664,9997,7354,0.23809523809523808,0.0004895039410551731,346,495
"1, [33.275,64.725], 0, 1, 1, 0, 1, [4.04,5.96]","HighChol, BMI, Stroke, Fruits, Veggies, HvyAlcoholConsump, AnyHealthcare, GenHlth",1,0.21208362139917689,0.7333333333333333,1,323.18080299008,9965,7359,0.38095238095238093,0.0006758031646446159,11,15
"1, [30.025,69.975], 0, 0, [2.6799999999999997,5.96], [-11.25,6.3], 1","CholCheck, BMI, HeartDiseaseorAttack, NoDocbcCost, GenHlth, MentHlth, DiffWalk",1,0.34998483968506927,0.8106060606060606,1,271.579180530403,9942,7367,0.3333333333333333,0.0005678990458467032,107,132
"1, 1, 1, 1, [4.04,5.96]","HighChol, CholCheck, Veggies, AnyHealthcare, GenHlth",1,0.28224421495967555,0.7764705882352941,1,303.2103890145091,9965,7376,0.23809523809523808,0.0006340430451106343,66,85
"1, 1, [30.025,69.975], 1, 0, 1, 0, 0","HighBP, HighChol, BMI, PhysActivity, Fruits, Veggies, HvyAlcoholConsump, DiffWalk",1,0.7514188428254499,0.9444444444444444,1,193.10598271955112,9979,7382,0.38095238095238093,0.0004038037934997237,34,36
"1, 1, [30.025,69.975], 1, 0, 1, [2.5,7.193397233716988], 1","HighBP, HighChol, BMI, PhysActivity, HvyAlcoholConsump, AnyHealthcare, GenHlth, Sex",1,0.5389837915635907,0.8837209302325582,1,293.0552960035721,9965,7382,0.38095238095238093,0.0006128077367923297,76,86
"0, 0, 0, 0, [-0.3600000000000001,3.26], [-9.9,8.6], [4.45,7.55], [4.732581852330824,9.33]","HighBP, HighChol, Stroke, HeartDiseaseorAttack, GenHlth, PhysHlth, Education, Income",0,0.48316608158133834,0.8646080760095012,1,263.4672226651929,9990,7389,0.38095238095238093,0.0005509361360882883,364,421
"1, 0, 0","Veggies, DiffWalk, Sex",0,0.09693373321905348,0.627039627039627,1,263.1631877937991,9990,7389,0.14285714285714285,0.0005503003689686166,538,858
"0, 0, 0, 0, 0, [-0.3600000000000001,2.84], 0, [8.780000000000001,13.219999999999999], [4.9,9.1]","HighBP, Smoker, Stroke, HeartDiseaseorAttack, HvyAlcoholConsump, GenHlth, Sex, Age, Income",0,0.4746498542121722,0.8615384615384616,1,263.9138803889541,9909,7391,0.42857142857142855,0.0005518701417607728,56,65
"1, [30.025,69.975], 1, 1, 0, 1, [-11.25,11.25], 1, [0.07499999999999973,3.9250000000000003]","CholCheck, BMI, Smoker, Veggies, HvyAlcoholConsump, AnyHealthcare, MentHlth, DiffWalk, Income",1,0.8219271067593519,0.9615384615384616,1,300.2902117217494,9965,7395,0.42857142857142855,0.0006279366642937301,25,26
"1, 1, [30.025,69.975], 1, 1, 1, [2.5,5.5]","HighBP, CholCheck, BMI, Stroke, Veggies, AnyHealthcare, GenHlth",1,0.6805831970337531,0.9259259259259259,1,274.3103258437278,9901,7403,0.3333333333333333,0.0005736101420156977,25,27
"0, 0, 0, 0, [0.05999999999999994,1.94], 0","HighChol, Smoker, Stroke, HvyAlcoholConsump, GenHlth, DiffWalk",0,0.7307442795825334,0.9391891891891891,1,294.14389954427963,9990,7406,0.2857142857142857,0.000615084114940558,139,148
"0, 1, 0, [0.4670686734677377,1.94], 0, [0.28000000000000025,8.120000000000001], [3.725,6.275]","Smoker, Veggies, HvyAlcoholConsump, GenHlth, DiffWalk, Age, Education",0,1.0,1.0,1,306.0658046891474,9990,7406,0.3333333333333333,0.0006400140029504651,103,103
"0, [-5.024999999999999,57.025], 0, 0, 0, [5.025,6.95]","HighBP, BMI, Smoker, Stroke, HeartDiseaseorAttack, Education",0,0.44152244376631744,0.8491620111731844,1,303.2910430093094,9990,7420,0.2857142857142857,0.0006342117006261322,304,358
"1, 1, 0, 0, [2.5,5.0600000000000005], 0, [8.2,11.8]","HighBP, HighChol, Veggies, HvyAlcoholConsump, GenHlth, Sex, Age",1,0.3540925979614258,0.8125,1,225.59847326410693,9702,7422,0.3333333333333333,0.00047174881911397746,39,48
"1, 1, 1, 0, 0","HighBP, HighChol, CholCheck, HvyAlcoholConsump, NoDocbcCost",1,0.22824833264848604,0.7441860465116279,1,187.91016733078635,9986,7422,0.23809523809523808,0.0004169395075364613,576,774
"1, 1, 0, 0, 1, [7.204639013396503,14.379999999999999]","HighBP, CholCheck, HeartDiseaseorAttack, HvyAlcoholConsump, AnyHealthcare, Age",1,0.14973134938603158,0.684010152284264,1,166.72298156727052,9979,7432,0.2857142857142857,0.00036155886976178787,539,788
"1, 1, 0, 1, 1, 0, 0, [1.7599999999999998,6.24]","HighBP, HighChol, HeartDiseaseorAttack, Fruits, AnyHealthcare, NoDocbcCost, Sex, Income",1,0.20056795579719214,0.7251908396946565,1,218.8123249676346,9683,7432,0.38095238095238093,0.0004575583088730445,95,131
"1, 1, 0, 0, 1","HighBP, CholCheck, Veggies, NoDocbcCost, Sex",1,0.15794833080073764,0.691358024691358,1,142.2475880760507,9986,7434,0.23809523809523808,0.0002974538378995535,112,162
"1, 0, [2.6799999999999997,5.32]","HighChol, HvyAlcoholConsump, GenHlth",1,0.23507355736269847,0.7485843714609286,1,180.95490348212684,9986,7437,0.14285714285714285,0.00037839467969555114,661,883
"[-5.024999999999999,50.05], 0, 0, 0, 0, [-0.41999999999999993,2.3600000000000003], [-9.15,9.15], [-5.7,9.0], 0, [1.88,8.120000000000001]","BMI, Stroke, Fruits, HvyAlcoholConsump, NoDocbcCost, GenHlth, MentHlth, PhysHlth, DiffWalk, Age",0,0.4174523858581562,0.8396946564885496,1,236.2510572846446,9976,7439,0.47619047619047616,0.0005511381340694911,110,131
"1, 1, 1, 0, 1","HighBP, CholCheck, HeartDiseaseorAttack, Fruits, AnyHealthcare",1,0.3564069207836508,0.8135593220338984,1,193.2981861601408,9863,7449,0.23809523809523808,0.00040420570998796906,96,118
"1, 1, 1, 1, 0, 1, [1.0999999999999996,8.9], [5.5200000000000005,12.48], [-0.645,2.645]","HighBP, HighChol, CholCheck, HeartDiseaseorAttack, HvyAlcoholConsump, AnyHealthcare, PhysHlth, Age, Income",1,0.3276800000000001,0.8,1,299.0,9273,7449,0.42857142857142855,0.0006252387034106804,4,5
"0, [-5.024999999999999,57.025], 0, 1, [-0.41999999999999993,2.8200000000000003], [-5.7,5.7], 0","HighBP, BMI, Stroke, PhysActivity, GenHlth, PhysHlth, DiffWalk",0,0.4665173124883667,0.8585657370517928,1,271.20823440262825,9990,7457,0.3333333333333333,0.0005671233606428066,431,502
"1, 0, 1, 1, [8.74,12.94]","CholCheck, Fruits, Veggies, AnyHealthcare, Age",1,0.13538609240480828,0.6703703703703704,1,196.55243624429184,9979,7460,0.23809523809523808,0.00041101067019930253,181,270
"1, [2.5,5.5], [7.0600000000000005,17.259999999999998], [1.775,4.225]","CholCheck, GenHlth, Age, Education",1,0.22301350200402018,0.7407407407407407,1,173.45160051310546,9979,7460,0.19047619047619047,0.00036270452779037243,360,486
"0, 0, 1, [-8.1,14.1], 0","HighChol, Stroke, AnyHealthcare, PhysHlth, DiffWalk",0,0.18142863458647815,0.710789766407119,1,201.5551444705515,9990,7465,0.23809523809523808,0.0004604473834777956,639,899
"1, [30.025,69.975], 1, 1, 0, 1, [2.5,7.193397233716988], 1","HighBP, BMI, PhysActivity, Veggies, HvyAlcoholConsump, AnyHealthcare, GenHlth, Sex",1,0.3898461852876217,0.8282828282828283,1,270.2742026481533,9965,7466,0.38095238095238093,0.0005651702074551399,82,99
"1, [4.04,5.5], [0.8499999999999996,13.15], [7.0600000000000005,17.259999999999998], [1.775,4.225]","CholCheck, GenHlth, PhysHlth, Age, Education",1,0.048282842081079885,0.5454545454545454,1,224.3729792,9727,7467,0.23809523809523808,0.00046918618928227276,6,11
"0, 0, 0, [5.025,6.95], [4.845,7.155]","HighBP, Smoker, Stroke, Education, Income",0,0.2555505776547269,0.7611940298507462,1,245.82086798736924,9930,7476,0.23809523809523808,0.0005140358554237819,102,134
"0, 0, 1, 0, 1, [-8.1,14.1], 0","HighBP, HighChol, Smoker, Stroke, AnyHealthcare, PhysHlth, Sex",0,0.33175557176339515,0.801980198019802,1,183.28875261874504,9976,7480,0.3333333333333333,0.0003832749900906525,81,101
"0, 0, 0, 1, [-0.41999999999999993,2.5], 0","HighChol, HeartDiseaseorAttack, Fruits, AnyHealthcare, GenHlth, DiffWalk",0,0.3109652044351208,0.7916666666666666,1,191.42637737313493,9988,7480,0.2857142857142857,0.00043397206070548163,133,168
"0, 1, 1, 0, 0, 1, 0, [4.04,5.96], [22.35,37.65], [2.15,4.925416479344923]","HighBP, CholCheck, Smoker, HeartDiseaseorAttack, PhysActivity, Fruits, HvyAlcoholConsump, GenHlth, MentHlth, Education",1,0.0,0.0,1,94.0,7485,7485,0.47619047619047616,0.00019656333819599985,0,1
"1, [30.025,69.975], [-4.95,4.95], 1, [1.775,4.225]","CholCheck, BMI, PhysHlth, DiffWalk, Education",1,0.20562798495676804,0.7288135593220338,1,203.894132649681,9945,7487,0.23809523809523808,0.0004263628867255245,43,59
"0, 0, 0, 1, [4.9,7.1], [4.845,7.155]","HighBP, Smoker, Stroke, Fruits, Education, Income",0,0.30126851118353903,0.7866666666666666,1,248.359565132987,9930,7499,0.2857142857142857,0.0005193445233558167,118,150
"1, 1, 0, 1, [-11.25,11.25], 1","Smoker, HeartDiseaseorAttack, PhysActivity, AnyHealthcare, MentHlth, Sex",1,0.34548459997648856,0.8085106382978723,3,190.053276642768,9901,7500,0.2857142857142857,0.001192260845489053,38,47
"0, 1, 0, [-0.3600000000000001,2.84], [-4.35,4.35], [-9.45,9.45], [5.35,6.65]","HighBP, Smoker, NoDocbcCost, GenHlth, MentHlth, PhysHlth, Education",0,0.2278137396050989,0.7439024390243902,1,159.09029359908175,9964,7505,0.3333333333333333,0.000332673608344864,61,82
"0, 0, 1, [-0.41999999999999993,2.3600000000000003], [-4.2,4.2], 0","HighBP, Stroke, AnyHealthcare, GenHlth, MentHlth, DiffWalk",0,0.4034137994748648,0.833969465648855,1,246.1167856624348,9990,7505,0.2857142857142857,0.0005146546486795487,437,524
"1, 1, [9.8,64.2], 1, 0, 0, [2.06,5.32], [-10.799999999999999,10.799999999999999], [5.5200000000000005,12.48]","HighBP, CholCheck, BMI, Veggies, HvyAlcoholConsump, NoDocbcCost, GenHlth, MentHlth, Age",1,0.2988077687414035,0.785377358490566,1,240.26217421911142,9965,7506,0.42857142857142855,0.0005024120745397599,333,424
"1, 1, [30.025,69.975], 0, 0, 0, 1, [2.5,5.32], [-3.1000000000000014,13.100000000000001], 1","HighBP, CholCheck, BMI, Stroke, Veggies, HvyAlcoholConsump, AnyHealthcare, GenHlth, MentHlth, DiffWalk",1,0.4838840102534098,0.8648648648648649,1,269.01283821053045,9928,7513,0.47619047619047616,0.0005625325691089605,32,37
"1, 1, [30.025,69.975], 0, 1, 0, 1, 0, [-20.828696807332832,11.25], [21.45,38.55], [4.24,9.76], [4.225,7.775]","HighBP, CholCheck, BMI, Smoker, Veggies, HvyAlcoholConsump, AnyHealthcare, NoDocbcCost, MentHlth, PhysHlth, Age, Education",1,0.07775999999999998,0.6,1,282.2,8846,7518,0.5714285714285714,0.0005901082344565016,3,5
"1, 0, 0, 1, [2.7199999999999998,5.5], 0, [8.06,13.94]","HighChol, Stroke, HvyAlcoholConsump, AnyHealthcare, GenHlth, DiffWalk, Age",1,0.21464963655463068,0.7350993377483444,1,180.70936532807255,9979,7522,0.3333333333333333,0.00037788123502304697,222,302
"1, 1, 1, 1, [7.0600000000000005,16.9]","HighChol, CholCheck, Fruits, Sex, Age",1,0.09760600620741218,0.627906976744186,1,194.402196477454,9965,7522,0.23809523809523808,0.000433908854886657,162,258
"0, 0, 1, 1, 0, [1.88,9.092129793711136]","HighBP, HighChol, Veggies, AnyHealthcare, DiffWalk, Age",0,0.4931702489077154,0.8681592039800995,1,270.266164211528,9990,7529,0.2857142857142857,0.000565153398285598,349,402
"[30.025,69.975], 0, 0, 0, 1, 1","BMI, HeartDiseaseorAttack, Veggies, HvyAlcoholConsump, AnyHealthcare, DiffWalk",1,0.3580008669006961,0.8142857142857143,1,207.1329413167089,9942,7530,0.2857142857142857,0.00043313555739966426,57,70
"0, 0, 1, 1","Veggies, HvyAlcoholConsump, AnyHealthcare, NoDocbcCost",1,0.15514789954105912,0.6888888888888889,1,116.41533689906055,9927,7530,0.19047619047619047,0.00024343603444777978,31,45
"1, 1, 1, 1, 1, 1","HighBP, CholCheck, Smoker, HeartDiseaseorAttack, AnyHealthcare, Sex",1,0.2829517709216607,0.7768595041322314,1,239.92351851618017,9986,7531,0.2857142857142857,0.0005017039118220229,94,121
"1, 0, [0.74,3.26], 0","Smoker, Stroke, GenHlth, DiffWalk",0,0.06236615155826492,0.5741029641185648,1,124.38771226897481,9989,7533,0.19047619047619047,0.00025089980251844174,368,641
"1, [-9.9,8.6], 0, [4.45,7.55], [3.69,8.31]","CholCheck, PhysHlth, DiffWalk, Education, Income",0,0.09581685323631657,0.625587958607714,1,200.84577416080708,9990,7544,0.23809523809523808,0.0004507515562080018,665,1063
"1, 0, 1, 0, 1, [2.5,5.96], [2.2,3.8]","HighBP, Stroke, Veggies, HvyAlcoholConsump, NoDocbcCost, GenHlth, Education",1,0.28462802079628785,0.7777777777777778,1,164.29472,9776,7547,0.3333333333333333,0.0003435565809699692,7,9
"[22.8,77.2], 0, 0, 0, [0.74,3.26], 0, [0.06000000000000005,8.120000000000001], [0.20000000000000018,3.8]","BMI, Stroke, HeartDiseaseorAttack, Veggies, GenHlth, DiffWalk, Age, Education",0,0.13168724279835387,0.6666666666666666,1,161.66666666666666,8592,7551,0.38095238095238093,0.0003380610603725529,2,3
"0, 0, 1","HighChol, DiffWalk, Sex",0,0.09858901506714368,0.6291666666666667,1,152.2121647445946,9988,7551,0.14285714285714285,0.00033147104289971537,302,480
"0, 0, 1, 0, [-4.2,9.15], [-5.7,9.0], 0, 0","HighBP, Stroke, AnyHealthcare, NoDocbcCost, MentHlth, PhysHlth, DiffWalk, Sex",0,0.32969772788852647,0.800982800982801,1,287.9481787492102,9990,7556,0.38095238095238093,0.0006021282472596087,326,407
"1, 0, 1, [4.04,5.96], 1","CholCheck, Smoker, AnyHealthcare, GenHlth, DiffWalk",1,0.27550608968587587,0.7727272727272727,1,239.57260206261867,9935,7558,0.23809523809523808,0.0005009701106567043,34,44
"0, 0, [-6.75,6.75], 0","Smoker, Stroke, PhysHlth, DiffWalk",0,0.10263998170677802,0.6342541436464089,1,235.8877084697621,9990,7569,0.19047619047619047,0.0005501883859846126,574,905
"0, 1, [-5.024999999999999,57.025], 0, 0, 1, [0.05999999999999994,1.94], [-5.7,14.451399716017583], 0, 1, [0.06000000000000005,1.4536087362880599]","HighChol, CholCheck, BMI, Smoker, Stroke, PhysActivity, GenHlth, PhysHlth, DiffWalk, Sex, Age",0,1.0,1.0,2,219.5,8613,7569,0.5238095238095238,0.0009179926113621695,2,2
"1, 1, 1, 0, 0, 1, [-11.25,11.25], 1","HighChol, Smoker, HeartDiseaseorAttack, PhysActivity, HvyAlcoholConsump, AnyHealthcare, MentHlth, Sex",1,0.43976479295863985,0.8484848484848485,1,199.7514491406127,9901,7573,0.38095238095238093,0.0004177001239634821,28,33
"1, 0, 0, 1, 0, [2.6799999999999997,5.32], [0.7749999999999999,3.225], [3.5300000000000002,6.47]","HighBP, Veggies, HvyAlcoholConsump, AnyHealthcare, NoDocbcCost, GenHlth, Education, Income",1,0.20346349914002398,0.7272727272727273,1,209.46690560000002,9215,7576,0.38095238095238093,0.00043801610857789765,8,11
"0, [-5.024999999999999,57.025], 0, 0, 0, [-0.41999999999999993,2.3600000000000003], [-4.6,8.6], 0, [4.845,5.785]","HighBP, BMI, Smoker, Stroke, Fruits, GenHlth, PhysHlth, DiffWalk, Income",0,0.03125,0.5,1,283.0,9486,7578,0.42857142857142855,0.0005917811139305102,1,2
"0, 0, 0, 0, 1, [-5.8500000000000005,5.8500000000000005], [7.74,16.259999999999998], [5.025,6.95], [2.215,7.155]","HighBP, HighChol, Stroke, HeartDiseaseorAttack, PhysActivity, MentHlth, Age, Education, Income",0,0.2669329234418463,0.7678571428571429,1,245.92533451389983,9930,7578,0.42857142857142855,0.0005142543053087243,43,56
"0, 0, 0, [-5.7,14.936620218806471], 0","HighBP, Smoker, Stroke, PhysHlth, DiffWalk",0,0.32471727082054774,0.7985480943738656,1,297.71060940747157,9990,7581,0.23809523809523808,0.0006225424595904048,440,551
"0, 0, 0, 1, [-5.7,6.775992660792113], 0, [0.06000000000000005,5.9399999999999995]","HighBP, Smoker, Stroke, Veggies, PhysHlth, DiffWalk, Age",0,0.597404327407401,0.9020979020979021,1,278.88375486987826,9969,7581,0.3333333333333333,0.0005831736364453,129,143
"1, 1, 0, 0, 1, [2.5,5.5], 1, [7.0600000000000005,16.9], [1.775,4.225]","HighChol, CholCheck, Stroke, HeartDiseaseorAttack, AnyHealthcare, GenHlth, Sex, Age, Education",1,0.3564069207836508,0.8135593220338984,1,213.96429570986942,9853,7585,0.42857142857142855,0.0004474205980796594,48,59
"1, 1, 1, 0, 0, 0, 0, [9.1,12.8740022534601], [2.425,5.575]","HighChol, CholCheck, Smoker, PhysActivity, HvyAlcoholConsump, NoDocbcCost, DiffWalk, Age, Education",1,0.3392169036785128,0.8055555555555556,1,168.9839152055779,9961,7589,0.42857142857142855,0.00035336215398125713,29,36
"0, 0, 0, 0","HighBP, Smoker, HeartDiseaseorAttack, DiffWalk",0,0.33354174750449256,0.8028419182948491,1,297.7136012805242,9990,7591,0.19047619047619047,0.000622548715894178,452,563
"1, 1, 1, 0, 0, 1, 0, [4.04,5.96], [2.15,4.925416479344923]","HighBP, HighChol, CholCheck, Stroke, PhysActivity, Fruits, HvyAlcoholConsump, GenHlth, Education",1,0.08825375108068294,0.6153846153846154,1,279.025893376,9886,7594,0.42857142857142855,0.0005834708621819966,8,13
"1, [26.725,63.275], 0, 1, [4.375,7.625], [5.495,8.504999999999999]","HighChol, BMI, Fruits, AnyHealthcare, Education, Income",1,0.11251802051389544,0.6460176991150443,1,202.14910498800535,9924,7603,0.2857142857142857,0.00042271386052953165,73,113
"1, [26.725,63.275], 0, 1, [4.375,7.625]","HighChol, BMI, Fruits, AnyHealthcare, Education",1,0.22454940185720734,0.7417582417582418,1,186.0255182605799,9924,7603,0.23809523809523808,0.0003889978389248991,135,182
"1, 1, [18.725,55.275], 0, 0, 0, 1, 1, [-3.1000000000000014,13.100000000000001], 1, [9.9,14.1]","HighBP, CholCheck, BMI, Stroke, Veggies, HvyAlcoholConsump, AnyHealthcare, NoDocbcCost, MentHlth, DiffWalk, Age",1,0.46266436603796024,0.8571428571428571,1,205.392,9757,7606,0.5238095238095238,0.0004294950761569447,6,7
"[30.025,69.975], 0, 0, 1, [2.5,5.32]","BMI, Veggies, HvyAlcoholConsump, AnyHealthcare, GenHlth",1,0.2586063236457019,0.7630057803468208,1,179.7828991467656,9986,7606,0.23809523809523808,0.0003759439022004577,132,173
"1, 1, 1, [2.5,5.96], [7.699999999999999,16.9]","HighChol, CholCheck, AnyHealthcare, GenHlth, Age",1,0.27714315389617117,0.7736434108527132,2,219.14516239645098,9979,7610,0.23809523809523808,0.0009165086100032107,499,645
"1, 1, 0, 1, [4.04,5.28], [21.6,38.4], 1","HighChol, CholCheck, HvyAlcoholConsump, AnyHealthcare, GenHlth, PhysHlth, DiffWalk",1,0.15473810605760632,0.6885245901639344,1,267.91947097099717,9937,7610,0.3333333333333333,0.0005602462295932498,42,61
"0, 0, 0, 1, 1, 1, [0.06000000000000005,7.0]","HighBP, HighChol, CholCheck, Smoker, PhysActivity, AnyHealthcare, Age",0,1.0,1.0,2,129.84,9272,7613,0.3333333333333333,0.0005430166772631621,6,6
"0, 0, 1, 0, 1, 0, [0.06000000000000005,7.0]","HighBP, CholCheck, Smoker, HeartDiseaseorAttack, PhysActivity, DiffWalk, Age",0,1.0,1.0,1,138.2,9272,7613,0.3333333333333333,0.00028898992913497,5,5
"0, 0, 0, 0, [-8.4,4.35], [-6.75,6.75], 0, 0","Smoker, Stroke, Fruits, NoDocbcCost, MentHlth, PhysHlth, DiffWalk, Sex",0,0.11564814010246147,0.6495726495726496,1,222.28689282976586,9877,7618,0.38095238095238093,0.00046482397544505573,76,117
"0, 0, 0, [1.88,8.120000000000001]","Smoker, DiffWalk, Sex, Age",0,0.28179592373039924,0.7762237762237763,1,280.69115420312073,9990,7618,0.19047619047619047,0.0005869530880026976,222,286
"1, 1, 0, 0, 0, [2.6799999999999997,5.96], [9.1,17.259999999999998]","HighBP, CholCheck, HeartDiseaseorAttack, PhysActivity, HvyAlcoholConsump, GenHlth, Age",1,0.31278797320520657,0.7925925925925926,1,219.70390440911018,9961,7619,0.3333333333333333,0.00045942269005691007,107,135
"1, 0, 1, 1, 1, 1, 0, [1.96,4.04], [-6.9,6.9], [9.1,16.9]","HighBP, HighChol, CholCheck, Stroke, PhysActivity, AnyHealthcare, NoDocbcCost, GenHlth, MentHlth, Age",1,0.095367431640625,0.625,1,164.7904,9484,7623,0.47619047619047616,0.00034459309709206483,5,8
"1, 1, 1, 0, 0, [4.04,5.234592647479159]","HighBP, CholCheck, HeartDiseaseorAttack, Veggies, NoDocbcCost, GenHlth",1,0.16806999999999994,0.7,1,205.36292234040442,9659,7627,0.2857142857142857,0.0004294342718820826,14,20
"1, [33.275,69.975], 1, 0, 1, 0, [2.5,5.32], [-3.0500000000000007,11.05], 1, [6.74,17.259999999999998], [3.725,6.275]","HighBP, BMI, Fruits, HvyAlcoholConsump, AnyHealthcare, NoDocbcCost, GenHlth, MentHlth, Sex, Age, Education",1,0.6532541369668817,0.9183673469387755,1,270.25876550124786,9965,7630,0.5238095238095238,0.0005651379268473958,45,49
"1, 1, 1, 0, 0, 1, [1.9933559218185102,5.96]","HighBP, CholCheck, Fruits, Veggies, HvyAlcoholConsump, AnyHealthcare, GenHlth",1,0.13717346484092638,0.6721311475409836,1,172.57324994712502,9986,7630,0.3333333333333333,0.0003608678094993569,82,122
"1, 1, 1, 0, 1, [2.5,5.32], [4.375,7.625]","HighBP, HighChol, CholCheck, HvyAlcoholConsump, AnyHealthcare, GenHlth, Education",1,0.3122746400265467,0.792332268370607,1,247.42674616620684,9986,7633,0.3333333333333333,0.0005173939062277013,248,313
"1, 1, 1, 0, 0, 1, [1.9933559218185102,5.96], 1, [6.74,17.259999999999998], [3.725,6.275]","HighBP, Stroke, Fruits, Veggies, HvyAlcoholConsump, AnyHealthcare, GenHlth, Sex, Age, Education",1,0.401877572016461,0.8333333333333334,1,185.32,9942,7638,0.47619047619047616,0.0003875225301540712,5,6
"1, 1, 1, 1","HighBP, HighChol, CholCheck, AnyHealthcare",1,0.22093503870328268,0.7393548387096774,1,179.71972300913671,9986,7648,0.19047619047619047,0.0003955307166166218,573,775
"1, 1, 1, 1, [2.5,5.96]","HighBP, HighChol, CholCheck, Veggies, GenHlth",1,0.3519064623078853,0.8114942528735632,1,226.64049898864477,9979,7659,0.23809523809523808,0.0004739277984214377,353,435
"1, 1, [30.025,69.975], 1, [7.699999999999999,16.9]","HighChol, CholCheck, BMI, AnyHealthcare, Age",1,0.3563065922962833,0.8135135135135135,1,262.5643589916977,9985,7659,0.23809523809523808,0.0005490481584542659,301,370
"0, 0, 0, 0, 0, 1, [5.025,7.941944280353049], [2.215,7.155]","HighBP, HighChol, Smoker, Stroke, HeartDiseaseorAttack, PhysActivity, Education, Income",0,0.4066278451421517,0.8352941176470589,1,273.0759311783776,9930,7675,0.38095238095238093,0.0005710289001425853,71,85
"1, 1, 0, 1, [2.5,5.32], [-3.1000000000000014,13.100000000000001], 1","HighBP, CholCheck, HvyAlcoholConsump, AnyHealthcare, GenHlth, MentHlth, DiffWalk",1,0.33702388734944677,0.8045112781954887,1,252.0640766346538,9965,7679,0.3333333333333333,0.0005270910249212753,214,266
"1, [30.025,69.975], 0, 0, 1, 0, [-3.1000000000000014,13.100000000000001], 1, [3.42,8.58], [3.5300000000000002,6.47]","HighBP, BMI, Veggies, HvyAlcoholConsump, AnyHealthcare, NoDocbcCost, MentHlth, DiffWalk, Age, Income",1,1.0,1.0,1,204.33333333333334,9326,7679,0.47619047619047616,0.00042728129898634014,3,3
"0, 0, 0, 0, [-9.15,9.15]","HighBP, Stroke, Fruits, NoDocbcCost, MentHlth",0,0.13056745982395412,0.6655290102389079,1,197.7360841897061,9976,7683,0.23809523809523808,0.00041348579563972235,195,293
"0, [-5.024999999999999,50.05], 0, 1, 0, [-0.41999999999999993,2.3600000000000003], [-5.7,9.0], 0, [1.88,8.120000000000001]","HighChol, BMI, Stroke, PhysActivity, Fruits, GenHlth, PhysHlth, DiffWalk, Age",0,0.6574362880671112,0.9195402298850575,1,325.55036714923233,9934,7683,0.42857142857142855,0.0006807581586998562,80,87
"0, 1, 0, [4.04,5.96], 1","Stroke, Fruits, Veggies, GenHlth, DiffWalk",1,0.16806999999999994,0.7,1,216.73344000000003,9305,7684,0.23809523809523808,0.0004532111538840686,7,10
"0, 0, 0, [-9.9,8.6]","HighChol, Smoker, Stroke, PhysHlth",0,0.20000919069808717,0.7247863247863248,2,237.77450264846675,9990,7685,0.19047619047619047,0.0011102404571355807,424,585
"1, 1, 1, 0, 0, 0, [4.04,5.234592647479159]","HighBP, CholCheck, HeartDiseaseorAttack, Fruits, Veggies, NoDocbcCost, GenHlth",1,0.20346349914002398,0.7272727272727273,1,203.01575680000002,9659,7696,0.3333333333333333,0.00042452611556377935,8,11
"1, 1, [1.75,44.25], 1, 0, 1, 0, 0, 1, 1, [8.56,11.8]","HighBP, CholCheck, BMI, Smoker, Stroke, HeartDiseaseorAttack, PhysActivity, Fruits, AnyHealthcare, DiffWalk, Age",1,1.0,1.0,1,266.3141248,9702,7696,0.5238095238095238,0.0005568892912705757,11,11
"0, 1, [11.25,36.75], 0, 0, 0, [-0.41999999999999993,2.84]","HighChol, CholCheck, BMI, Smoker, Stroke, Fruits, GenHlth",0,0.3882095537407485,0.8275862068965517,1,250.35328394139643,9934,7703,0.3333333333333333,0.0005879995801818283,72,87
"0, 0, 0, 1, 0, 0, 0, [-0.6819339100695123,2.3600000000000003], [-9.15,9.15], [-4.6,8.6], 0, [1.88,8.120000000000001], [5.05,6.95]","HighBP, Smoker, Stroke, PhysActivity, Fruits, HvyAlcoholConsump, NoDocbcCost, GenHlth, MentHlth, PhysHlth, DiffWalk, Age, Education",0,0.638865843993574,0.9142857142857143,1,384.2756077537473,9934,7703,0.6190476190476191,0.0008035584707167363,32,35
"1, [30.025,69.975], 1, 0, 1, [-11.25,11.25], 0","CholCheck, BMI, Veggies, HvyAlcoholConsump, AnyHealthcare, MentHlth, DiffWalk",1,0.07052696002364418,0.5883977900552486,1,206.83466340089169,9997,7714,0.3333333333333333,0.00043251182864601347,213,362
"1, 1, [30.025,69.975]","HighBP, CholCheck, BMI",1,0.25786020087829975,0.7625649913344887,1,209.7843166099836,9986,7717,0.14285714285714285,0.00043867984653217995,440,577
"1, 1, 1, [30.025,69.975], 0, 1","HighBP, HighChol, CholCheck, BMI, Stroke, Veggies",1,0.4003162779767506,0.8326848249027238,2,230.61015755733416,9985,7717,0.2857142857142857,0.0009644574976888316,214,257
"[30.025,69.975], 0, 0, [-8.25,8.25], [9.1,16.32], [2.425,5.575]","BMI, HvyAlcoholConsump, NoDocbcCost, PhysHlth, Age, Education",1,0.2373046875,0.75,1,245.30613378329605,9985,7731,0.2857142857142857,0.0005129594950680766,114,152
"0, 1","HighChol, CholCheck",0,0.09607595327574425,0.6259259259259259,1,190.04302287864513,9990,7736,0.09523809523809523,0.0004303561461131232,676,1080
"1, 1, 0, 0, 0, [2.5,5.32], [-11.25,13.100000000000001], 1","HighBP, CholCheck, Fruits, Veggies, HvyAlcoholConsump, GenHlth, MentHlth, DiffWalk",1,0.3787874412704941,0.8235294117647058,1,217.6427260504289,9928,7764,0.38095238095238093,0.0004551125613462745,42,51
"0, 1, 0, 1, [-0.41999999999999993,2.5], 0, 0, [0.0,6.0], [5.635,8.365]","HighChol, PhysActivity, HvyAlcoholConsump, AnyHealthcare, GenHlth, DiffWalk, Sex, Age, Income",0,1.0,1.0,2,393.2925606128631,9788,7766,0.42857142857142855,0.0016448276298237656,52,52
"0, 1, 0, [2.6799999999999997,5.32], 1, [3.3,6.7]","HeartDiseaseorAttack, AnyHealthcare, NoDocbcCost, GenHlth, DiffWalk, Education",1,0.1995379157175092,0.7244444444444444,1,199.9792175968992,9942,7788,0.2857142857142857,0.00041817641043266743,163,225
"1, 1, 1, [32.825,59.175], 0, 0, 0, [2.5,5.32], [-11.25,13.100000000000001], 1, [2.3,3.7]","HighBP, HighChol, CholCheck, BMI, Fruits, Veggies, HvyAlcoholConsump, GenHlth, MentHlth, DiffWalk, Education",1,0.07775999999999998,0.6,1,254.4,9659,7789,0.5238095238095238,0.000531975672734706,3,5
"1, 0, 0, 1, [2.5,7.371370933326357], [-4.45,8.45], 1, [2.5600000000000005,11.44], [2.2,3.8]","HighBP, Stroke, HvyAlcoholConsump, NoDocbcCost, GenHlth, MentHlth, DiffWalk, Age, Education",1,0.13168724279835387,0.6666666666666666,1,229.66666666666666,9776,7789,0.42857142857142855,0.0004802558156632762,2,3
"0, 1, 0, 0, 1, 0, 1, 1","HighBP, CholCheck, Veggies, HvyAlcoholConsump, AnyHealthcare, NoDocbcCost, DiffWalk, Sex",1,0.06092699470458736,0.5714285714285714,1,114.4146960384,9807,7790,0.38095238095238093,0.00023925249565945257,8,14
"0, 0, 0, 0, 0, 0, [-1.7600000000000002,11.793536522106539]","HighBP, HighChol, Smoker, HvyAlcoholConsump, DiffWalk, Sex, Age",0,0.5904900000000001,0.9,1,304.45840995199313,9990,7795,0.3333333333333333,0.0006366527808724467,189,210
"0, 0, 0, 1, 1, [-2.3,10.3], [-4.6,8.6], 0","HighBP, HighChol, Smoker, PhysActivity, Fruits, MentHlth, PhysHlth, DiffWalk",0,0.5434094810854336,0.8851674641148325,1,317.6918068345875,9990,7795,0.38095238095238093,0.0006643251283928221,185,209
"1, 0, [2.5,5.5], [7.0600000000000005,17.259999999999998], [1.775,4.225]","CholCheck, Smoker, GenHlth, Age, Education",1,0.20417095151378511,0.7277777777777777,1,187.83305657759243,9957,7807,0.23809523809523808,0.00039277758111116675,131,180
"0, 0, 0, 0, 1, 0, 1, 0, [-0.3600000000000001,2.8200000000000003], 0, [10.02,13.98]","HighBP, HighChol, Smoker, Stroke, Veggies, HvyAlcoholConsump, AnyHealthcare, NoDocbcCost, GenHlth, Sex, Age",0,0.48894551440329226,0.8666666666666667,1,270.14916964352,9877,7813,0.5238095238095238,0.0005649087510213592,13,15
"1, 1, 1, 1, 1, [2.94,7.193397233716988], 0","HighBP, CholCheck, Fruits, Veggies, AnyHealthcare, GenHlth, Sex",1,0.1920102099674083,0.7188940092165899,1,231.98017657435474,9937,7821,0.3333333333333333,0.0004850935947101346,156,217
"1, 0, [-7.65,7.65], [-8.25,8.25], 1, [9.1,17.259999999999998], [2.425,5.575]","HeartDiseaseorAttack, HvyAlcoholConsump, MentHlth, PhysHlth, Sex, Age, Education",1,0.4101463806480264,0.8367346938775511,1,201.0390137768133,9901,7822,0.3333333333333333,0.00042039254952768113,41,49
"1, 1, 1, 0, 1, [4.705,7.295]","CholCheck, HeartDiseaseorAttack, Veggies, HvyAlcoholConsump, AnyHealthcare, Income",1,0.35274623983350634,0.8118811881188119,1,214.96819035015113,9887,7827,0.2857142857142857,0.00044951984150190245,82,101
"0, 0, [3.6000000000000014,44.4], 0, 1, 0, 0, [1.88,6.23423904202776], [3.225,6.775]","HighBP, HighChol, BMI, HeartDiseaseorAttack, PhysActivity, HvyAlcoholConsump, DiffWalk, Age, Education",0,0.6520651053620943,0.9180327868852459,1,329.95593846196687,9990,7829,0.42857142857142855,0.000689970645975299,168,183
"1, 1, [30.025,69.975], 1, 0, 1","HighBP, HighChol, BMI, HeartDiseaseorAttack, HvyAlcoholConsump, AnyHealthcare",1,0.620921323059155,0.9090909090909091,1,271.86709505601505,9986,7831,0.2857142857142857,0.0005685011037219099,100,110
"1, 1, 1, 0, 1, 0, [2.5,5.5], [4.705,7.295]","CholCheck, PhysActivity, Veggies, HvyAlcoholConsump, AnyHealthcare, NoDocbcCost, GenHlth, Income",1,0.13930604858396764,0.6742081447963801,1,219.01760250526817,9979,7831,0.38095238095238093,0.00045798756459702227,149,221
"1, 1, [16.700000000000003,47.3], 1, 1, 1, [4.04,5.28], 1","HighChol, CholCheck, BMI, Smoker, Veggies, AnyHealthcare, GenHlth, DiffWalk",1,0.22733534048886378,0.7435897435897436,1,305.1379745537167,9965,7834,0.38095238095238093,0.0006380738179643043,29,39
"0, 1, 1, [-0.3600000000000001,2.3600000000000003], 0, 0","HighChol, CholCheck, AnyHealthcare, GenHlth, DiffWalk, Sex",0,0.48146942420582395,0.864,1,273.18841169344086,9990,7844,0.2857142857142857,0.0005712641080736793,216,250
"1, [33.275,69.975], 1, 1, [2.5,5.32], [-3.0500000000000007,11.05], 1, [6.74,17.259999999999998], [3.725,6.275]","HighBP, BMI, Fruits, AnyHealthcare, GenHlth, MentHlth, Sex, Age, Education",1,0.6647194845457846,0.9215686274509803,1,272.7104026000945,9965,7845,0.42857142857142855,0.0005702645435728686,47,51
"0, 0, 0, 1, [-0.41999999999999993,2.3600000000000003], [-4.6,8.6], 0, [6.74,15.26], [4.025,7.480188652418021]","HighBP, HighChol, Fruits, AnyHealthcare, GenHlth, PhysHlth, Sex, Age, Education",0,0.6472278485082303,0.9166666666666666,1,288.01849088,9976,7847,0.42857142857142855,0.0006022752769100739,11,12
"[30.025,69.975], 0, 0, 0, 1, 0, 1, 0","BMI, HeartDiseaseorAttack, Veggies, HvyAlcoholConsump, AnyHealthcare, NoDocbcCost, DiffWalk, Sex",1,0.18593443208187066,0.7142857142857143,1,219.39996323498593,9896,7848,0.38095238095238093,0.00045878711886753696,20,28
"1, 1, [9.8,69.975], 1, 1, 0, [2.5,5.5]","HighBP, CholCheck, BMI, Stroke, Veggies, HvyAlcoholConsump, GenHlth",1,0.3350598840332758,0.8035714285714286,1,211.66022483991148,9901,7854,0.3333333333333333,0.00044260255699839245,45,56
"1, [30.025,64.2], 1, 1, 1, [7.699999999999999,17.259999999999998]","CholCheck, BMI, HeartDiseaseorAttack, Veggies, AnyHealthcare, Age",1,0.6732176474098432,0.9239130434782609,2,294.97157585314835,9985,7854,0.2857142857142857,0.00123362973665169,85,92
"0, 0, 1, [1.88,8.120000000000001]","HighBP, Stroke, HeartDiseaseorAttack, Age",0,0.14995078952820548,0.6842105263157895,1,137.56613342111334,9973,7855,0.19047619047619047,0.0002876644511486206,13,19
"0, [11.25,36.75], 1, 0, [-0.3600000000000001,2.84], 0, 0, [5.05,6.95]","HighChol, BMI, AnyHealthcare, NoDocbcCost, GenHlth, DiffWalk, Sex, Education",0,0.6816996390459565,0.9262295081967213,1,303.731032492915,9990,7871,0.38095238095238093,0.0006351317623460114,113,122
"[30.025,69.975], 1, 0, 0, 0, [8.2,11.8], [4.775,7.225]","BMI, Smoker, PhysActivity, HvyAlcoholConsump, Sex, Age, Education",1,0.27550608968587587,0.7727272727272727,1,219.41421275036018,9937,7874,0.3333333333333333,0.0004588169160197671,17,22
"1, 0, [8.2,11.8]","CholCheck, NoDocbcCost, Age",1,0.09595394544110311,0.6257668711656442,1,186.96015734342862,9997,7874,0.14285714285714285,0.00041445630096153337,510,815
"1, 1, 1, 0, 1, 0","HighChol, CholCheck, AnyHealthcare, NoDocbcCost, DiffWalk, Sex",1,0.1632128148849278,0.695906432748538,1,230.20247425250813,9887,7875,0.2857142857142857,0.0004813762425537415,119,171
"1, 1, 0, 0, [8.2,11.8]","HighBP, HighChol, HvyAlcoholConsump, NoDocbcCost, Age",1,0.26150027784488145,0.7647058823529411,1,222.41854087075913,9985,7880,0.23809523809523808,0.0005071400540621469,273,357
"1, 0, 1, 1, 0, 0, [-3.1000000000000014,13.100000000000001], [-12.547137608798103,8.6], 1, [2.75,5.25]","HighBP, HighChol, CholCheck, Smoker, Veggies, HvyAlcoholConsump, MentHlth, PhysHlth, DiffWalk, Education",0,5.949901826619859e-05,0.14285714285714285,1,179.952,9587,7886,0.47619047619047616,0.0003762975088834741,1,7
"1, 0, [2.5,5.32], [-3.1000000000000014,13.100000000000001], [5.5,14.5], 1","CholCheck, HvyAlcoholConsump, GenHlth, MentHlth, PhysHlth, DiffWalk",1,0.22059995870325735,0.7391304347826086,1,191.04455783063082,9776,7887,0.2857142857142857,0.0003994931492698674,34,46
"1, 0, 0, 1, 1, [7.699999999999999,16.9]","HighChol, HeartDiseaseorAttack, HvyAlcoholConsump, AnyHealthcare, DiffWalk, Age",1,0.2194706097528251,0.7383720930232558,1,218.4574359738726,9942,7887,0.2857142857142857,0.0004568162007315245,127,172
"0, 0, 1, 1, [-0.41999999999999993,2.3600000000000003], [-8.4,10.05], [-5.7,9.0], 0, 0","HighChol, Stroke, PhysActivity, AnyHealthcare, GenHlth, MentHlth, PhysHlth, DiffWalk, Sex",0,0.5621544974030532,0.8911917098445595,1,311.5931673959687,9990,7890,0.42857142857142855,0.0006515722674725169,172,193
"0, [-5.024999999999999,50.05], 0, 0, [-4.35,8.4], 0, [1.88,8.120000000000001], [5.83,10.17]","HighChol, BMI, Stroke, Fruits, MentHlth, DiffWalk, Age, Income",0,0.38310160451236014,0.8253968253968254,2,232.02274923032135,9976,7890,0.38095238095238093,0.0009703652367260707,104,126
"1, 1, [7.699999999999999,17.259999999999998], [5.125,6.875]","CholCheck, HeartDiseaseorAttack, Age, Education",1,0.1492221670519988,0.6835443037974683,1,211.14554421643265,9965,7898,0.19047619047619047,0.0004415263086850329,54,79
"0, [11.25,36.75], 0, 0, 1, 0, [-0.6819339100695123,2.3600000000000003], [6.802957123414593,6.95], [4.76,9.24]","HighChol, BMI, Smoker, Fruits, Veggies, HvyAlcoholConsump, GenHlth, Education, Income",1,0.1,1.0,1,447.525495358815,7900,7900,0.42857142857142855,0.0009358202691015651,0,0
"1, 1, [3.4,4.6], [-8.55,8.55], 0","HighBP, HighChol, GenHlth, PhysHlth, Sex",1,0.5549289573066435,0.8888888888888888,1,182.9615516684284,9945,7905,0.23809523809523808,0.0003825907803985765,48,54
"[1.75,69.975], 1, 1, 0, 0, 0, [2.6799999999999997,5.32]","BMI, Smoker, HeartDiseaseorAttack, PhysActivity, Fruits, HvyAlcoholConsump, GenHlth",1,0.4838840102534098,0.8648648648648649,2,193.86891074070886,9863,7914,0.3333333333333333,0.0008107983035662992,32,37
"1, 1, 1, [32.825,69.975], 0, 0, 1, [2.5,5.32], 1, [2.3,3.7]","HighBP, HighChol, CholCheck, BMI, Veggies, HvyAlcoholConsump, AnyHealthcare, GenHlth, DiffWalk, Education",1,0.401877572016461,0.8333333333333334,1,262.24,9659,7923,0.47619047619047616,0.0005483698915799894,5,6
"1, [-6.875,56.875], 0, 0, [4.04,5.234592647479159]","CholCheck, BMI, Veggies, NoDocbcCost, GenHlth",1,0.2588642078729486,0.7631578947368421,2,195.81452333817407,9752,7931,0.23809523809523808,0.000818935242012979,29,38
"0, 0, 0, 0, 1, 0, 0, [-0.41999999999999993,2.3600000000000003], [-9.15,9.15], 0, [1.88,8.120000000000001]","HighBP, Smoker, Stroke, HeartDiseaseorAttack, PhysActivity, Fruits, NoDocbcCost, GenHlth, MentHlth, DiffWalk, Age",0,0.708245596707819,0.9333333333333333,1,371.1289980759774,9934,7950,0.5238095238095238,0.0007760676038633076,42,45
"1, 1, 0, 1, 0, 1, 1, [7.699999999999999,17.259999999999998]","HighBP, HighChol, Fruits, Veggies, HvyAlcoholConsump, NoDocbcCost, DiffWalk, Age",1,0.5549289573066435,0.8888888888888888,1,175.82495999999998,9945,7952,0.38095238095238093,0.0003676674582529589,8,9
"1, 1, 1, 0, 0, 1","HighBP, HighChol, CholCheck, HeartDiseaseorAttack, HvyAlcoholConsump, DiffWalk",1,0.2735111227791253,0.7716049382716049,1,238.4758989844035,9942,7952,0.2857142857142857,0.0004986767955709191,125,162
"1, 0, 1, [4.04,5.96]","HighChol, Stroke, Fruits, GenHlth",1,0.20612659768312552,0.7291666666666666,1,270.67447283555964,9965,7963,0.19047619047619047,0.000566007212180852,35,48
"1, 0, 1, [-0.3600000000000001,2.3600000000000003]","CholCheck, Smoker, PhysActivity, GenHlth",0,0.26661954836084967,0.7676767676767676,1,303.3002407052906,9990,7968,0.19047619047619047,0.000634230933922151,304,396
"1, [-5.024999999999999,57.025], [-0.3600000000000001,2.5], [-23.70536638791693,19.83190069237889]","HighChol, BMI, GenHlth, PhysHlth",0,0.08788168689295002,0.6148648648648649,1,128.08824079867526,9989,7968,0.19047619047619047,0.0002605725184876898,182,296
"[6.6249999999999964,69.975], 1, 1, 0, 0, [2.5,5.32], 0, 1, [6.74,17.259999999999998], [2.425,6.275]","BMI, HeartDiseaseorAttack, Fruits, HvyAlcoholConsump, NoDocbcCost, GenHlth, DiffWalk, Sex, Age, Education",1,0.16291487262254356,0.6956521739130435,1,194.3424177143981,9831,7970,0.47619047619047616,0.00040638930190450536,32,46
"0, 0, 0, 0, 1, 0, [1.88,8.120000000000001], [6.04,9.96]","HighBP, HighChol, Stroke, HeartDiseaseorAttack, Veggies, DiffWalk, Age, Income",0,0.593745174026286,0.900990099009901,1,292.50921586514494,9990,7973,0.38095238095238093,0.0006116658289739065,182,202
"1, [4.04,5.96], 1, 0","CholCheck, GenHlth, DiffWalk, Sex",1,0.17831521367830508,0.7083333333333334,1,231.61835840910751,9937,7987,0.19047619047619047,0.0004843369969826777,51,72
"1, 1, 0, 0, 0, [2.6799999999999997,4.6], 0","HighBP, HighChol, Fruits, Veggies, NoDocbcCost, GenHlth, Sex",1,0.2149341667858102,0.7352941176470589,1,180.57040835765864,9957,7991,0.3333333333333333,0.0003775906621935772,25,34
"1, [5.6249999999999964,52.375], [3.4,5.32], [-9.0,9.0], [-8.55,8.55], [0.7749999999999999,3.225]","HighBP, BMI, GenHlth, MentHlth, PhysHlth, Education",1,0.3276800000000001,0.8,1,219.38356119552,9831,7991,0.2857142857142857,0.0004587528205735939,12,15
"1, 1, 1, 1, [22.2,37.8], 1, [9.1,11.8]","HighBP, CholCheck, Smoker, AnyHealthcare, MentHlth, DiffWalk, Age",1,0.3276800000000001,0.8,1,197.52876799999999,9904,7992,0.3333333333333333,0.00041305227689173606,8,10
"1, [30.025,69.975], 0, 1, 0, 1, [-11.25,11.25], 1, [0.07499999999999973,3.9250000000000003]","CholCheck, BMI, Stroke, Veggies, HvyAlcoholConsump, AnyHealthcare, MentHlth, DiffWalk, Income",1,0.6552182189430005,0.918918918918919,1,303.6175173969609,9965,7994,0.42857142857142855,0.0006348943910034968,34,37
"1, 1, 1, 0, 1, [0.07499999999999973,3.9250000000000003]","HighBP, CholCheck, Smoker, NoDocbcCost, DiffWalk, Income",1,0.34486232960503455,0.8082191780821918,1,208.64622122372782,9965,7994,0.2857142857142857,0.0004362999760182661,59,73
"1, [30.025,69.975], 0, 0, 0, [7.0600000000000005,16.32]","HighBP, BMI, Smoker, HvyAlcoholConsump, NoDocbcCost, Age",1,0.2926678542688147,0.7821229050279329,1,257.56486419327393,9985,8001,0.2857142857142857,0.0005385937181683966,140,179
"0, 0, 0, [0.5,2.3600000000000003], [-11.059070043073696,10.05], [-8.1,14.936620218806471], 0, 0, [1.88,8.120000000000001], [4.2,7.55]","HighChol, Smoker, Stroke, GenHlth, MentHlth, PhysHlth, DiffWalk, Sex, Age, Education",0,0.771726289330969,0.9494949494949495,1,346.01592569057624,9990,8003,0.47619047619047616,0.0007235536747097733,94,99
"0, 1, 1, [-0.3600000000000001,1.5], 0, 0, [0.28000000000000025,8.120000000000001], [4.45,5.8]","HighChol, PhysActivity, Veggies, GenHlth, DiffWalk, Sex, Age, Education",0,1.0,1.0,1,311.878336,9825,8003,0.38095238095238093,0.0006521685833529114,10,10
"0, 0, 0, 1, 1, 0, 1, [0.06000000000000005,7.0]","HighBP, HighChol, CholCheck, Smoker, PhysActivity, Veggies, AnyHealthcare, Age",0,0.1,1.0,1,97.5,8006,8006,0.38095238095238093,0.00020388218589478707,0,0
"0, 0, 1, [6.175000000000001,47.825], 0, 0, 1, 0, 0, [1.88,8.120000000000001], [6.04,9.96]","HighBP, HighChol, CholCheck, BMI, Stroke, HeartDiseaseorAttack, Veggies, NoDocbcCost, DiffWalk, Age, Income",0,0.5999225565682869,0.9028571428571428,1,305.9283340309219,9990,8010,0.5238095238095238,0.0006397265381474352,158,175
"1, 1, 1, [9.8,64.2], 1, 0, 1, [20.55,39.45]","HighBP, HighChol, CholCheck, BMI, Veggies, HvyAlcoholConsump, AnyHealthcare, MentHlth",1,0.3921708428882455,0.8292682926829268,1,202.8131194162668,9937,8024,0.38095238095238093,0.00042410238066388674,34,41
"1, 0, 1, 0, [4.04,5.96], 1","CholCheck, Smoker, AnyHealthcare, NoDocbcCost, GenHlth, DiffWalk",1,0.2373046875,0.75,1,240.0564611219151,9935,8027,0.2857142857142857,0.0005019819080174669,24,32
"1, 1, 0, 1, 0, [2.94,5.0600000000000005], 0, [8.2,11.8]","HighBP, HighChol, Stroke, AnyHealthcare, NoDocbcCost, GenHlth, Sex, Age",1,0.33822677912469434,0.8050847457627118,1,236.85840951333617,9979,8031,0.38095238095238093,0.0004952944644014524,95,118
"1, 1, 0, 1, [2.5,5.32], [4.375,7.625]","HighBP, HighChol, HvyAlcoholConsump, AnyHealthcare, GenHlth, Education",1,0.2994492622121735,0.7857142857142857,1,247.35779342704603,9986,8031,0.2857142857142857,0.0005172497192001778,209,266
"1, 1, 0, [2.6799999999999997,5.96], [-11.25,6.3], 1, 1","CholCheck, Smoker, Veggies, GenHlth, MentHlth, DiffWalk, Sex",1,0.2535525376,0.76,1,209.9569577138849,9942,8035,0.3333333333333333,0.00043904085623103824,19,25
"0, 1, 0, [-9.9,8.6]","HighChol, PhysActivity, HvyAlcoholConsump, PhysHlth",0,0.16291487262254356,0.6956521739130435,1,274.5242393901594,9990,8038,0.19047619047619047,0.0005740574564919949,416,598
"0, 1, 1, [-0.98,9.08]","Smoker, Fruits, Veggies, Age",0,0.1325581871336738,0.6675461741424802,1,276.5400376131155,9990,8043,0.19047619047619047,0.0005782726908306526,253,379
"[9.8,69.975], 1, 1, 0, 1, 0, [2.6799999999999997,5.32], 1, [7.699999999999999,17.259999999999998]","BMI, Smoker, HeartDiseaseorAttack, PhysActivity, Veggies, HvyAlcoholConsump, GenHlth, DiffWalk, Age",1,0.3437397318290407,0.8076923076923077,1,249.15647200446267,9937,8044,0.42857142857142855,0.0005210109347908018,21,26
"0, 1, 0, 1, 1, [-0.41999999999999993,2.8200000000000003], [4.3,7.7]","HighBP, CholCheck, Stroke, PhysActivity, AnyHealthcare, GenHlth, Education",0,0.42138260219222906,0.8412698412698413,1,289.91268993723406,9990,8047,0.3333333333333333,0.0006062362353132403,265,315
"0, 0, 1, 0, [-0.3600000000000001,3.26], [0.09999999999999964,19.9], 0","HighChol, HeartDiseaseorAttack, PhysActivity, HvyAlcoholConsump, GenHlth, MentHlth, Sex",0,0.47611301541420215,0.8620689655172413,2,266.0269285014233,9969,8050,0.3333333333333333,0.0011125774705589009,75,87
"1, 1, [12.124999999999998,41.875], 1, [3.4,4.6], [-8.55,8.55], 0","HighBP, HighChol, BMI, PhysActivity, GenHlth, PhysHlth, Sex",1,0.48045708347045346,0.8636363636363636,1,181.92031580018443,9874,8053,0.3333333333333333,0.00038041345275909304,19,22
"1, 1, [1.75,44.25], 1, 0, 1, 0, 0, 1, 1, [8.56,11.8]","HighBP, CholCheck, BMI, Smoker, Stroke, HeartDiseaseorAttack, Fruits, HvyAlcoholConsump, AnyHealthcare, DiffWalk, Age",1,0.670176922268936,0.9230769230769231,1,267.564023808,9702,8055,0.5238095238095238,0.0005595029542644092,12,13
"1, 1, [1.75,44.25], 1, 0, 1, 0, 1, 1, [8.56,11.8]","HighBP, CholCheck, BMI, Smoker, Stroke, HeartDiseaseorAttack, PhysActivity, AnyHealthcare, DiffWalk, Age",1,0.21208362139917689,0.7333333333333333,1,272.69279737856,9937,8055,0.47619047619047616,0.0005702277293056931,11,15
"[30.025,69.975], 1, 0, 1, 1, [2.6799999999999997,5.32], 1, [7.699999999999999,17.259999999999998]","BMI, HeartDiseaseorAttack, PhysActivity, Veggies, AnyHealthcare, GenHlth, DiffWalk, Age",1,0.4182119423999999,0.84,1,300.7557349393523,9937,8060,0.38095238095238093,0.000628910119587983,21,25
"1, 1, 0, 1, [4.04,5.96], [7.699999999999999,11.353670064478418]","HighChol, CholCheck, HvyAlcoholConsump, AnyHealthcare, GenHlth, Age",1,0.4303684562600565,0.8448275862068966,1,274.0878485452621,9965,8063,0.2857142857142857,0.0005731449198831525,49,58
"0, [11.25,36.75], [-0.6819339100695123,2.84], [-11.827915292174136,6.55], [-3.9000000000000004,3.9000000000000004], 0, [1.88,8.120000000000001], [5.05,6.95], [4.76,9.24]","HighChol, BMI, GenHlth, MentHlth, PhysHlth, DiffWalk, Age, Education, Income",0,0.7017835450812643,0.9316239316239316,1,322.17515974984656,9990,8064,0.42857142857142855,0.0006737002647261635,109,117
"1, 1, 1, [33.275,64.725], 0, 0, 0, 0, 1, [6.46,13.54]","HighBP, HighChol, CholCheck, BMI, Smoker, Stroke, HeartDiseaseorAttack, HvyAlcoholConsump, DiffWalk, Age",1,0.8153726975999999,0.96,1,281.05634216410175,9401,8066,0.47619047619047616,0.0005877167323077977,24,25
"1, 1, [12.124999999999998,41.875], 1, 0, [3.4,4.6], [-8.55,8.55], 0","HighBP, HighChol, BMI, PhysActivity, Fruits, GenHlth, PhysHlth, Sex",1,0.13168724279835387,0.6666666666666666,1,190.66666666666666,9162,8075,0.38095238095238093,0.00039870294130536137,2,3
"0, 0, 0, [-5.7,23.7], 0, [1.88,7.0]","HighBP, Smoker, HeartDiseaseorAttack, PhysHlth, DiffWalk, Age",0,0.534824985896467,0.8823529411764706,1,274.4380735666219,9990,8079,0.2857142857142857,0.0005738772751950488,150,170
"1, 0, 1, 1, 0, 1, 0, 1, 1","HighBP, HighChol, CholCheck, HeartDiseaseorAttack, PhysActivity, Veggies, HvyAlcoholConsump, AnyHealthcare, DiffWalk",1,0.13168724279835387,0.6666666666666666,1,206.77439999999999,9871,8089,0.42857142857142855,0.0004323858118880314,6,9
"0, 0, [3.36,4.64], [-11.25,11.25], 1, 1","Smoker, PhysActivity, GenHlth, MentHlth, DiffWalk, Sex",1,0.512908935546875,0.875,1,205.793422012416,9928,8089,0.2857142857142857,0.00043033448946317706,14,16
"1, 1, 1, [30.025,69.975], 0, 1, 0, [-11.25,11.25], 1, [0.07499999999999973,3.9250000000000003]","HighBP, HighChol, CholCheck, BMI, HvyAlcoholConsump, AnyHealthcare, NoDocbcCost, MentHlth, DiffWalk, Income",1,0.8573935107793603,0.9696969696969697,1,329.4688527258513,9965,8093,0.47619047619047616,0.0006889521013127615,32,33
"1, 1, [30.025,69.975], 0, 1, 0, [-11.25,11.25], [0.07499999999999973,3.9250000000000003]","HighBP, CholCheck, BMI, HvyAlcoholConsump, AnyHealthcare, NoDocbcCost, MentHlth, Income",1,0.6941094131441163,0.9295774647887324,1,284.87122910160804,9985,8093,0.38095238095238093,0.0005956940398745695,66,71
"0, 1, [-0.41999999999999993,2.5], 0, 0","HighChol, PhysActivity, GenHlth, DiffWalk, Sex",0,0.5204294660166845,0.8775510204081632,1,303.32778700518946,9990,8101,0.23809523809523808,0.0006342885359717582,172,196
"1, [33.275,69.975], 1, 1, 1, [2.5,5.32], [-3.0500000000000007,11.05], [20.8,29.2], 1, [6.74,17.259999999999998], [3.725,6.275]","HighBP, BMI, Fruits, AnyHealthcare, NoDocbcCost, GenHlth, MentHlth, PhysHlth, Sex, Age, Education",1,0.1,1.0,1,285.192,8105,8105,0.5238095238095238,0.0005963648036892936,0,0
"0, 1, 0, 0, [4.04,5.96]","Stroke, Fruits, Veggies, HvyAlcoholConsump, GenHlth",1,0.21208362139917689,0.7333333333333333,1,201.05995247616,9927,8114,0.23809523809523808,0.000420436334428118,11,15
"0, 0, 0, 1, 0, 0","HighChol, Smoker, Stroke, AnyHealthcare, NoDocbcCost, Sex",0,0.21777299960270252,0.7372262773722628,1,281.6071817669359,9990,8119,0.2857142857142857,0.0005888685926391131,202,274
"1, 1, 0, 1, 1, [4.425,7.575]","HighChol, CholCheck, Veggies, DiffWalk, Sex, Education",0,2.6932907434290447e-06,0.07692307692307693,1,206.79638988800002,9395,8120,0.2857142857142857,0.00043243179492837014,1,13
"0, 0, 0, [0.05999999999999994,1.94], [-5.7,23.7], 0, [1.0,7.0]","HighChol, Smoker, Stroke, GenHlth, PhysHlth, DiffWalk, Age",0,0.8810956933593749,0.975,1,379.2311338942749,9990,8126,0.3333333333333333,0.0007930099747458815,39,40
"0, 0, 0, 0, [1.88,6.78]","HighBP, Smoker, HeartDiseaseorAttack, DiffWalk, Age",0,0.502285672317926,0.8713450292397661,1,274.3709228677709,9990,8126,0.23809523809523808,0.0005737368564128324,149,171
"0, 0, 0, 1, 0, [-0.41999999999999993,2.3600000000000003], [-5.7,14.451399716017583], 0, [0.06000000000000005,2.98]","HighBP, Smoker, Stroke, PhysActivity, HvyAlcoholConsump, GenHlth, PhysHlth, DiffWalk, Age",0,1.0,1.0,1,243.6273596239022,9969,8132,0.42857142857142855,0.0005094490115271444,29,29
"1, 0, 0, 1, 1, [2.565,5.4350000000000005]","CholCheck, PhysActivity, Veggies, DiffWalk, Sex, Income",1,0.7385081737104511,0.9411764705882353,1,200.9756965920768,9986,8137,0.2857142857142857,0.000420260147004309,16,17
"1, 0, 0, 0, [2.6799999999999997,5.96], [-4.5,6.3], [24.15,35.85], [1.7599999999999998,6.24]","CholCheck, PhysActivity, Veggies, HvyAlcoholConsump, GenHlth, MentHlth, PhysHlth, Income",1,0.11602906250000002,0.65,1,225.35018316046006,9896,8137,0.38095238095238093,0.0004712296198414896,13,20
"[30.025,69.975], 1, 0, 1, [6.74,17.259999999999998], [3.725,6.275]","BMI, Fruits, HvyAlcoholConsump, AnyHealthcare, Age, Education",1,0.17145498691340053,0.7027972027972028,1,240.64812993699647,9997,8139,0.2857142857142857,0.0005032191462876676,201,286
"1, 1, 1, 1, 1, 0, [2.5,5.32], 1, [7.699999999999999,17.259999999999998]","HighBP, CholCheck, HeartDiseaseorAttack, Veggies, AnyHealthcare, NoDocbcCost, GenHlth, Sex, Age",1,0.4138373789853926,0.8382352941176471,1,271.69568243679635,9965,8139,0.42857142857142855,0.0005681426629065636,57,68
"0, 0, 0, 1, 0, 1, [-7.199999999999999,7.199999999999999], 0, [0.06000000000000005,7.0]","HighBP, HighChol, CholCheck, Smoker, HeartDiseaseorAttack, PhysActivity, PhysHlth, DiffWalk, Age",0,1.0,1.0,1,168.33333333333334,9272,8141,0.42857142857142855,0.0003520017226559572,3,3
"0, 0, 1, 0, 1, 1, 0, [0.06000000000000005,7.0]","HighBP, CholCheck, Smoker, HeartDiseaseorAttack, PhysActivity, Veggies, DiffWalk, Age",0,1.0,1.0,1,193.0,9272,8141,0.38095238095238093,0.00040358217310455287,2,2
"[8.3,45.7], 0, 1, [4.45,7.55]","BMI, Stroke, PhysActivity, Education",0,0.07641779981994193,0.5979142526071842,1,192.99217579436677,9990,8142,0.19047619047619047,0.00043022323823249436,516,863
"0, 0, 0, 0, 0, 0, 1, 0, [1.0,8.120000000000001]","HighBP, HighChol, Smoker, Stroke, Fruits, HvyAlcoholConsump, AnyHealthcare, NoDocbcCost, Age",0,0.46266436603796024,0.8571428571428571,1,288.062971286826,9934,8144,0.42857142857142855,0.0006023682898595422,48,56
"[30.025,69.975], 1, 0, 1, [6.74,17.259999999999998], [3.725,6.275], [2.915,5.085]","BMI, Fruits, HvyAlcoholConsump, AnyHealthcare, Age, Education, Income",1,0.31296626091899915,0.7926829268292683,1,241.18492704585256,9985,8161,0.3333333333333333,0.0005043416423690582,65,82
"1, 1, 1, 1, 1, 0, [7.699999999999999,9.02], [1.67,4.33]","HighBP, HighChol, HeartDiseaseorAttack, Veggies, AnyHealthcare, Sex, Age, Income",1,0.512908935546875,0.875,1,261.46079999999995,9937,8166,0.38095238095238093,0.0005467405069723049,7,8
"1, [30.025,64.2], 1, 1, 0, 1, [0.9799999999999995,17.259999999999998], [1.7599999999999998,6.24]","CholCheck, BMI, HeartDiseaseorAttack, Fruits, HvyAlcoholConsump, AnyHealthcare, Age, Income",1,0.5549289573066435,0.8888888888888888,1,272.8351461138842,9986,8166,0.38095238095238093,0.0005705253946525368,32,36
"0, 0, [2.175,3.825]","HighBP, DiffWalk, Education",0,0.06092699470458736,0.5714285714285714,1,138.71415820952274,9814,8175,0.14285714285714285,0.0002900650850288494,12,21
"0, 0, 0, 0, [20.85,39.15], [-5.7,23.7], 0, [1.88,8.06]","HighBP, Smoker, PhysActivity, HvyAlcoholConsump, MentHlth, PhysHlth, DiffWalk, Age",0,0.06778185306359462,0.9227053140096618,1,139.72096,8175,8175,0.38095238095238093,0.00029217040759095493,0,0
"0, 1, 0, 1, 0, [-0.3600000000000001,3.26], [0.09999999999999964,19.9], 0, 0","HighChol, CholCheck, HeartDiseaseorAttack, PhysActivity, HvyAlcoholConsump, GenHlth, MentHlth, DiffWalk, Sex",0,0.4838840102534098,0.8648648648648649,1,266.95603959251775,9969,8177,0.42857142857142855,0.0005582315988711574,64,74
"1, 1, [1.75,69.975], 1, 1, 0, 1, [2.6799999999999997,5.32], 1, [7.699999999999999,17.259999999999998]","HighBP, CholCheck, BMI, Smoker, HeartDiseaseorAttack, HvyAlcoholConsump, AnyHealthcare, GenHlth, DiffWalk, Age",1,0.3591654751124945,0.8148148148148148,2,265.36267173675907,9965,8179,0.47619047619047616,0.0011097994167912056,44,54
"1, 0, 1, 0, 1","Smoker, Stroke, HeartDiseaseorAttack, PhysActivity, Veggies",1,0.19075113096875485,0.717948717948718,1,161.93153217567794,9937,8179,0.23809523809523808,0.00033861492046430015,28,39
"1, 0, 0, 1, [4.04,5.96]","CholCheck, Stroke, Veggies, AnyHealthcare, GenHlth",1,0.278129938257687,0.7741935483870968,2,188.25417348565165,9927,8188,0.23809523809523808,0.000787316356801459,24,31
"1, [5.6249999999999964,52.375], 0, 0","HighBP, BMI, Veggies, NoDocbcCost",1,0.13018397953263597,0.6651376146788991,1,144.0843505253978,9986,8197,0.19047619047619047,0.0003012946906497315,145,218
"1, 0, 0, [2.6799999999999997,5.32], [-9.0,9.0], [-8.55,8.55], [0.7749999999999999,3.225]","HighBP, HvyAlcoholConsump, NoDocbcCost, GenHlth, MentHlth, PhysHlth, Education",1,0.27550608968587587,0.7727272727272727,1,240.7666749028675,9831,8197,0.3333333333333333,0.0005034670355878585,17,22
"1, 0, 1, 1, 0, [8.2,12.94]","CholCheck, Fruits, Veggies, AnyHealthcare, NoDocbcCost, Age",1,0.11602906250000002,0.65,1,196.8295599592593,9979,8199,0.2857142857142857,0.0004115901634174651,117,180
"1, 1, [30.025,69.975], 0, 0, 1, 0, 0","HighBP, HighChol, BMI, Stroke, HeartDiseaseorAttack, Veggies, HvyAlcoholConsump, DiffWalk",1,0.29798853689129795,0.7849462365591398,1,191.26071737645074,9979,8207,0.38095238095238093,0.00039994516035400885,73,93
"1, 1, [2.5,5.96], [7.699999999999999,16.9]","HighChol, AnyHealthcare, GenHlth, Age",1,0.274023992225558,0.7718940936863544,1,219.14504809092065,9979,8209,0.19047619047619047,0.00045825406597738605,379,491
"0, 0, 1, 0, 1, [-0.3600000000000001,2.3600000000000003], 0, [8.280000000000001,15.719999999999999], [4.3,7.7], [5.795,10.205]","HighBP, Smoker, PhysActivity, HvyAlcoholConsump, AnyHealthcare, GenHlth, DiffWalk, Age, Education, Income",0,0.38665671751739855,0.8269230769230769,1,271.8983029237551,9909,8210,0.47619047619047616,0.0005685663624736222,43,52
"1, [8.600000000000001,49.4], 0, 1, [4.04,5.96]","HighChol, BMI, PhysActivity, AnyHealthcare, GenHlth",1,0.1894692059725282,0.7169811320754716,1,242.03223706619212,9937,8215,0.23809523809523808,0.0005061134517954929,38,53
"1, 1, 1, [2.5,5.96], [-6.25,16.25], [7.699999999999999,16.9]","HighChol, CholCheck, AnyHealthcare, GenHlth, MentHlth, Age",1,0.26126591661434356,0.7645687645687645,1,219.62015482783949,9979,8215,0.2857142857142857,0.0004592475613625794,328,429
"1, [33.275,53.375], 0, 1, 0, [-7.65,11.05], [-8.25,8.25], 1","HighBP, BMI, Stroke, Fruits, HvyAlcoholConsump, MentHlth, PhysHlth, Sex",1,0.36131873917399904,0.8157894736842105,1,229.05527166676683,9831,8219,0.38095238095238093,0.0004789773279809714,31,38
"[20.375,41.625], 0, 0","BMI, Stroke, DiffWalk",0,0.05785494887642868,0.565546218487395,1,154.44133191073266,9989,8227,0.14285714285714285,0.0003473882300834191,673,1190
"1, 0, 1, 0, [-0.3600000000000001,3.26], [0.09999999999999964,19.9], 0","HighBP, HighChol, PhysActivity, HvyAlcoholConsump, GenHlth, MentHlth, Sex",0,0.18593443208187066,0.7142857142857143,1,194.9786944512,9784,8228,0.3333333333333333,0.00040771981977048665,10,14
"0, 1, 0, [-0.3600000000000001,3.26], [0.09999999999999964,19.9], 0","HeartDiseaseorAttack, PhysActivity, HvyAlcoholConsump, GenHlth, MentHlth, Sex",0,0.215967833522176,0.736,1,219.36646853086296,9989,8228,0.2857142857142857,0.0004587170781137678,92,125
"1, 1, 1, [2.5,5.96], [-6.25,16.25], [-5.3999999999999995,5.3999999999999995], [7.699999999999999,16.9]","HighChol, CholCheck, AnyHealthcare, GenHlth, MentHlth, PhysHlth, Age",1,0.24560125671116712,0.7551724137931034,1,199.7421850571717,9979,8231,0.3333333333333333,0.00041768075184468967,219,290
"0, 0, 0, 1, 1, [-0.3600000000000001,2.8200000000000003], [-5.8500000000000005,5.8500000000000005], [-5.7,23.7]","HighBP, HighChol, Smoker, PhysActivity, AnyHealthcare, GenHlth, MentHlth, PhysHlth",0,0.6491038699984286,0.9171974522292994,1,343.37727513836575,9990,8232,0.38095238095238093,0.0007180359942749306,144,157
"0, 1, [11.25,36.75], 0, 1, 0, 1, 0, [-0.3600000000000001,2.84], 0, 0","HighChol, CholCheck, BMI, Smoker, Veggies, HvyAlcoholConsump, AnyHealthcare, NoDocbcCost, GenHlth, DiffWalk, Sex",0,0.5458616859491797,0.8859649122807017,1,317.8855456160587,9990,8232,0.5238095238095238,0.0006647302554313754,101,114
"1, 1, 1, 1, 0, [2.84,5.16]","HighBP, HighChol, Veggies, AnyHealthcare, NoDocbcCost, GenHlth",1,0.3623495462727257,0.8162544169611308,1,261.13078466405466,9979,8240,0.2857142857142857,0.0005460504121202913,231,283
"1, 1, 1, 1, 0, 1, [2.5,5.96], [20.55,39.45], [7.699999999999999,16.9]","HighChol, CholCheck, HeartDiseaseorAttack, Veggies, HvyAlcoholConsump, AnyHealthcare, GenHlth, MentHlth, Age",1,0.620921323059155,0.9090909090909091,1,222.0741248,9937,8240,0.42857142857142855,0.00046437905635790506,10,11
"0, 0, [-0.41999999999999993,2.8200000000000003], [-5.7,5.7], 0, [0.06000000000000005,8.120000000000001]","Fruits, HvyAlcoholConsump, GenHlth, PhysHlth, DiffWalk, Age",0,0.3747862013902924,0.8217821782178217,1,200.5592808460972,9989,8242,0.2857142857142857,0.0004578443212648873,83,101
"0, 0, 0, 0, [-0.41999999999999993,2.3600000000000003], [-9.15,9.15], 0, [0.06000000000000005,8.120000000000001]","Stroke, HeartDiseaseorAttack, Fruits, NoDocbcCost, GenHlth, MentHlth, DiffWalk, Age",0,0.36250963708328304,0.8163265306122449,1,212.99654607471624,9976,8246,0.38095238095238093,0.0004903537676926318,80,98
"1, [30.025,64.2], 1, 1, 0, 1, [0.9799999999999995,17.259999999999998]","CholCheck, BMI, HeartDiseaseorAttack, Fruits, HvyAlcoholConsump, AnyHealthcare, Age",1,0.512908935546875,0.875,1,266.80730202447944,9986,8263,0.3333333333333333,0.0005579205738404259,49,56
"[30.025,64.2], 1, 1, 0, 1, [0.9799999999999995,17.259999999999998], [1.7599999999999998,6.24]","BMI, HeartDiseaseorAttack, Fruits, HvyAlcoholConsump, AnyHealthcare, Age, Income",1,0.534824985896467,0.8823529411764706,1,272.8110434213193,9986,8263,0.3333333333333333,0.0005704749935279616,30,34
"1, 1, [4.48,9.52], [2.15,5.85]","HighChol, CholCheck, Age, Education",1,0.1356062323459334,0.6705882352941176,3,121.06508815426045,9945,8273,0.19047619047619047,0.0007594773787210988,171,255
"0, 0, 0, 1, 0, 0, [-0.41999999999999993,2.8200000000000003], 0, [1.88,8.120000000000001]","Smoker, Stroke, HeartDiseaseorAttack, PhysActivity, Fruits, HvyAlcoholConsump, GenHlth, DiffWalk, Age",0,0.3276800000000001,0.8,1,312.62366826027437,9934,8275,0.42857142857142855,0.0006537271471523231,32,40
"0, 0, 1, 0, 0, [-9.15,9.15], [-5.7,5.7], 0","HighBP, Smoker, PhysActivity, Fruits, NoDocbcCost, MentHlth, PhysHlth, DiffWalk",0,0.21817758148193367,0.7375,1,309.5485860807877,9934,8275,0.38095238095238093,0.0006472968448286324,59,80
"0, 0, 0, 1, 1, [0.05999999999999994,1.94], 0, [1.88,6.78]","HighBP, HighChol, Smoker, PhysActivity, AnyHealthcare, GenHlth, DiffWalk, Age",0,0.839073812978493,0.9655172413793104,1,396.56289441849026,9990,8278,0.38095238095238093,0.00082925240778262,28,29
"1, 1, [30.025,69.975], 1, 0, [2.5,5.96], [-11.25,16.25], [0.07499999999999973,3.9250000000000003]","HighChol, CholCheck, BMI, AnyHealthcare, NoDocbcCost, GenHlth, MentHlth, Income",1,0.7514188428254499,0.9444444444444444,3,267.23623713027575,9965,8279,0.38095238095238093,0.0016764525592744086,51,54
"1, 1, 0, 1, [7.699999999999999,16.9]","HighBP, CholCheck, HvyAlcoholConsump, AnyHealthcare, Age",1,0.18413624026298686,0.7128987517337032,1,183.27386923073112,9985,8279,0.23809523809523808,0.00040482080765057523,514,721
"0, 0, 0, 1, 0, 0","HighBP, HighChol, Stroke, PhysActivity, HvyAlcoholConsump, DiffWalk",0,0.3525650221649757,0.8117977528089888,1,302.55986418474737,9990,8292,0.2857142857142857,0.0006326827330668328,289,356
"0, 0, 0, [0.74,3.26], [1.88,8.120000000000001]","HighBP, HighChol, HeartDiseaseorAttack, GenHlth, Age",0,0.4836150064740643,0.8647686832740213,1,278.49230464792583,9990,8292,0.23809523809523808,0.0005823550751435497,243,281
"1, 0, [2.6799999999999997,5.96], [1.7599999999999998,6.24]","CholCheck, Veggies, GenHlth, Income",1,0.21096503939402986,0.7325581395348837,1,170.67309538336747,9986,8304,0.19047619047619047,0.0003568943975404149,126,172
"1, 1, 0, 1, 1, 0, [-11.25,11.25], 1","HighBP, CholCheck, Stroke, Fruits, AnyHealthcare, NoDocbcCost, MentHlth, DiffWalk",1,0.15359020233154297,0.6875,1,235.19019009499124,9965,8311,0.38095238095238093,0.0004918060518725878,77,112
"1, 1, 1, 0, 1, 1, [7.699999999999999,16.9]","HighChol, Smoker, Veggies, HvyAlcoholConsump, AnyHealthcare, DiffWalk, Age",1,0.3787874412704941,0.8235294117647058,1,249.77943319186357,9965,8313,0.3333333333333333,0.0005223136085201855,70,85
"1, 1, [9.8,64.2], [-6.3,6.3]","HighChol, CholCheck, BMI, MentHlth",1,0.08135764414297271,0.6054519368723099,1,154.87302407606026,9985,8313,0.19047619047619047,0.0003305845718634769,422,697
"0, [-4.500000000000002,6.9]","Smoker, MentHlth",0,0.05186821953585421,0.5533249686323714,1,241.81839405937768,9990,8316,0.09523809523809523,0.0005656904519059657,441,797
"0, 0, 0, 0, 1","HighBP, HighChol, Stroke, Fruits, Veggies",0,0.2535525376,0.76,1,256.3966222325622,9976,8320,0.23809523809523808,0.000536150808172459,95,125
"0, 0, [0.05999999999999994,1.94], 0, [1.0,7.0]","Smoker, Veggies, GenHlth, DiffWalk, Age",0,0.13168724279835387,0.6666666666666666,1,269.3333333333333,8896,8322,0.23809523809523808,0.0005632027562495315,2,3
"0, 0, 0, 0, [-4.500000000000002,6.9], [-5.7,23.7]","HighChol, Smoker, Stroke, Fruits, MentHlth, PhysHlth",0,0.13703968928563204,0.672,1,192.6329725880399,9934,8322,0.2857142857142857,0.000437125948781187,84,125
"1, [30.025,53.375], 0, 0, [-11.25,6.3], 1","HighBP, BMI, HvyAlcoholConsump, NoDocbcCost, MentHlth, Sex",1,0.2454868426366091,0.7551020408163265,1,259.90815339578097,9965,8324,0.2857142857142857,0.0005434937686790713,111,147
"1, 0, 0, 0, 1, [2.6799999999999997,5.96], [-14.645268394543585,11.05], 1, [10.42,15.58]","HighBP, Stroke, PhysActivity, HvyAlcoholConsump, AnyHealthcare, GenHlth, MentHlth, DiffWalk, Age",1,0.17703971667429347,0.7073170731707317,1,213.83120175178829,9896,8324,0.42857142857142855,0.0004471422853914238,29,41
"1, 1, [23.7,36.3], [4.48,9.52], [2.15,5.85]","HighChol, CholCheck, MentHlth, Age, Education",1,0.1043582467665522,0.6363636363636364,1,153.20706463277068,9937,8333,0.23809523809523808,0.0003203711921215714,21,33
"1, 1, [7.474999999999998,52.525000000000006], [-1.1171943567760554,11.25], [4.48,9.52]","HighBP, HighChol, BMI, MentHlth, Age",1,0.17185520846396685,0.703125,1,148.6810171722452,9945,8338,0.23809523809523808,0.0003109067772526946,135,192
"0, 1, [-5.024999999999999,57.025], 0","HighBP, HighChol, BMI, Smoker",0,0.11602906250000002,0.65,1,181.00168838601178,9913,8342,0.19047619047619047,0.00037849251157730436,91,140
"0, 0, 0, 0, 1, [0.5,1.5], 0, [3.225,4.775]","HighBP, HighChol, Stroke, Fruits, Veggies, GenHlth, DiffWalk, Education",0,1.0,1.0,1,241.0,8839,8346,0.38095238095238093,0.0005039549415450634,3,3
"0, 0, 0, 0, 1, [0.5,1.5], 0, [4.16,11.84]","HighBP, HighChol, Stroke, Fruits, Veggies, GenHlth, DiffWalk, Age",0,1.0,1.0,1,297.35931238399996,9976,8346,0.38095238095238093,0.0006218078626155974,13,13
"0, [-5.024999999999999,50.05], 0, 0, [0.74,3.26], [-4.35,8.4], 0","HighChol, BMI, Stroke, HeartDiseaseorAttack, GenHlth, MentHlth, DiffWalk",0,0.20270918645464242,0.7267326732673267,1,215.05066700097927,9990,8349,0.3333333333333333,0.0004957229813405643,367,505
"1, 1, 1, [30.025,69.975], 0, 1, 0, [2.94,5.32], [21.45,38.55], [4.225,5.3473983330890835]","HighBP, HighChol, CholCheck, BMI, HvyAlcoholConsump, AnyHealthcare, NoDocbcCost, GenHlth, PhysHlth, Education",1,0.07775999999999998,0.6,1,276.500672,9863,8351,0.47619047619047616,0.0005781903734229493,6,10
"1, 1, 1, 0, 0, [-6.3,6.3], 1, [0.9799999999999995,17.259999999999998]","CholCheck, HeartDiseaseorAttack, Veggies, HvyAlcoholConsump, NoDocbcCost, MentHlth, DiffWalk, Age",1,0.3515304336386046,0.8113207547169812,1,288.63572281739533,9965,8355,0.38095238095238093,0.0006035659702085378,43,53
"1, [9.8,64.2], 1, 1, 0, 1, [1.7599999999999998,6.24]","HighChol, BMI, Smoker, Fruits, HvyAlcoholConsump, AnyHealthcare, Income",1,0.15694357368977896,0.6904761904761905,1,201.42445852569227,9986,8355,0.3333333333333333,0.0004211985527886361,87,126
"0, 0, 0, [-4.050000000000001,4.050000000000001], [8.74,17.259999999999998], [5.025,6.95]","HighBP, HighChol, Stroke, MentHlth, Age, Education",0,0.15774104955529852,0.6911764705882353,1,218.55104729387264,9964,8362,0.2857142857142857,0.00045701195130122817,47,68
"0, 0, 1, 0, 1, [-0.3600000000000001,2.8200000000000003], 0, [2.2,5.8], [5.795,10.205]","HighBP, Smoker, PhysActivity, HvyAlcoholConsump, AnyHealthcare, GenHlth, DiffWalk, Education, Income",0,0.5674268557185995,0.8928571428571429,1,288.3025672749544,9971,8364,0.42857142857142855,0.0006028693088727858,50,56
"0, 0, 0, 1, 0, 1","HighBP, HighChol, Smoker, PhysActivity, HvyAlcoholConsump, AnyHealthcare",0,0.33822677912469434,0.8050847457627118,1,325.3208181797481,9990,8367,0.2857142857142857,0.0006802781490006936,190,236
"0, 0, 1, 0, 1, 1, 0, [1.88,7.0]","HighBP, HighChol, CholCheck, Stroke, PhysActivity, Veggies, DiffWalk, Age",0,0.6051053815023755,0.9044117647058824,1,309.49619000041776,9990,8367,0.38095238095238093,0.0006471872794194207,123,136
"1, 1, [30.025,69.975], 1, 0, 0, 0, [8.2,11.8]","HighChol, CholCheck, BMI, Smoker, Stroke, PhysActivity, HvyAlcoholConsump, Age",1,0.8719746985306883,0.972972972972973,2,251.9812331347965,9937,8371,0.38095238095238093,0.0010538355818663849,36,37
"1, 1, [9.425,42.575], [4.48,9.52], [2.15,5.85]","HighChol, CholCheck, BMI, Age, Education",1,0.10335480954382222,0.6351351351351351,1,122.09800381897783,9937,8379,0.23809523809523808,0.00025531905550772575,141,222
"0, [10.850000000000001,43.15], 0, [-5.7,23.7], 0","HighBP, BMI, Smoker, PhysHlth, DiffWalk",0,0.3199624461810445,0.7961956521739131,1,297.6266276189825,9990,8381,0.23809523809523808,0.0006223668453277125,293,368
"1, 1, [1.75,69.975], 1, 0, 1, [2.6799999999999997,5.32], 1, [7.699999999999999,17.259999999999998]","HighBP, CholCheck, BMI, HeartDiseaseorAttack, HvyAlcoholConsump, AnyHealthcare, GenHlth, DiffWalk, Age",1,0.4159278848264444,0.8390804597701149,2,266.9560042595309,9965,8386,0.42857142857142855,0.0011164630499727437,73,87
"0, 0, 1, 0, [0.28000000000000025,7.0], [2.75,5.25]","Smoker, Stroke, Veggies, DiffWalk, Age, Education",0,0.22733534048886378,0.7435897435897436,1,183.79574589005398,9969,8390,0.2857142857142857,0.0004140265501089672,58,78
"1, [30.025,64.2], 1, 0, 1, [19.35,40.65], [0.9799999999999995,17.259999999999998], [1.7599999999999998,6.24]","HighBP, BMI, Veggies, HvyAlcoholConsump, AnyHealthcare, PhysHlth, Age, Income",1,0.3666478320532007,0.8181818181818182,1,301.8430778174866,9965,8395,0.38095238095238093,0.0006311838615655331,27,33
"1, [11.024999999999999,50.975], 1, 0, 1, 1","HighChol, BMI, HeartDiseaseorAttack, HvyAlcoholConsump, AnyHealthcare, DiffWalk",1,0.4218676189481648,0.8414634146341463,1,261.96352785345744,9986,8395,0.2857142857142857,0.0005477917608561317,69,82
"1, 0, 0, 1, 1, 1","CholCheck, PhysActivity, Veggies, NoDocbcCost, DiffWalk, Sex",1,0.03125,0.5,1,131.28,9757,8401,0.2857142857142857,0.0002745195216847964,3,6
"1, 0, 1, 0, 1, 0, [2.06,5.5], 1","HighBP, Smoker, Veggies, HvyAlcoholConsump, AnyHealthcare, NoDocbcCost, GenHlth, Sex",1,0.3555917177382598,0.8131868131868132,1,191.8216005889912,9935,8407,0.38095238095238093,0.00040111802287097747,74,91
"1, 1, 0, 0, 0","HighBP, HighChol, Smoker, HeartDiseaseorAttack, Sex",1,0.2409554602470073,0.7522935779816514,1,203.21153592747888,9957,8409,0.23809523809523808,0.0004249355091685277,82,109
"0, 0, [11.25,36.75], 0, 1, 0, [-0.3600000000000001,2.84], [2.2199999999999998,9.780000000000001], [5.05,6.95]","HighBP, HighChol, BMI, Smoker, AnyHealthcare, NoDocbcCost, GenHlth, Age, Education",0,0.731541165307833,0.9393939393939394,1,358.93130047619377,9990,8410,0.42857142857142855,0.0007505610064322566,62,66
"1, 0, 0, 0, [2.6799999999999997,4.6]","HighBP, Fruits, Veggies, NoDocbcCost, GenHlth",1,0.17898007205164654,0.7088607594936709,1,167.83982205633225,9957,8423,0.23809523809523808,0.0003509697415490986,56,79
"[-5.024999999999999,57.025], 0, 0, 1, [-0.41999999999999993,2.8200000000000003], [-4.35,2.96239722654067], [-5.7,5.7], 0, [0.06000000000000005,2.98]","BMI, Smoker, Stroke, PhysActivity, GenHlth, MentHlth, PhysHlth, DiffWalk, Age",0,1.0,1.0,1,345.113220734976,9605,8430,0.42857142857142855,0.0007216660289706365,16,16
"0, 1, 0, 0, [-0.41999999999999993,2.3600000000000003], [-9.15,10.05], [-5.7,9.0], 0, 0, [4.48,8.120000000000001]","Stroke, PhysActivity, Veggies, NoDocbcCost, GenHlth, MentHlth, PhysHlth, DiffWalk, Sex, Age",0,1.0,1.0,1,276.0,9155,8432,0.47619047619047616,0.0005771434185329358,2,2
"0, 0, [-4.35,9.15], 0, 0, [5.83,10.17]","HighChol, Stroke, MentHlth, DiffWalk, Sex, Income",0,0.2551841444233097,0.7609756097560976,1,291.8704754413071,9990,8432,0.2857142857142857,0.0006103301592935843,156,205
"0, 1, 0, 0, 0, [3.16,4.84], [-8.15,10.15], 0, [-0.33000000000000007,2.33]","HighBP, CholCheck, HeartDiseaseorAttack, HvyAlcoholConsump, NoDocbcCost, GenHlth, MentHlth, DiffWalk, Income",0,0.010240000000000003,0.4,1,156.2,8717,8439,0.42857142857142855,0.0003266297173001614,2,5
"0, 0, 0, 1, 0, 1, 0, [-0.41999999999999993,2.3600000000000003], [-5.7,5.7], 0, [4.3,7.7]","HighBP, Smoker, Stroke, PhysActivity, HvyAlcoholConsump, AnyHealthcare, NoDocbcCost, GenHlth, PhysHlth, DiffWalk, Education",0,0.5549289573066435,0.8888888888888888,1,315.1773632296452,9990,8445,0.5238095238095238,0.0006590671770237473,128,144
"1, 0, 0, 1, 0, [-0.3600000000000001,2.3600000000000003], [-4.35,4.35], [-5.7,5.7]","CholCheck, Smoker, Stroke, AnyHealthcare, NoDocbcCost, GenHlth, MentHlth, PhysHlth",0,0.23584883491857075,0.7490774907749077,1,251.15537242558906,9990,8445,0.38095238095238093,0.0005900961385592416,203,271
"1, 1, [30.025,69.975], 1, [2.6799999999999997,7.193397233716988]","HighBP, HighChol, BMI, PhysActivity, GenHlth",1,0.4728101283104397,0.8608695652173913,1,238.94764966762804,9979,8447,0.23809523809523808,0.000499663273114439,99,115
"1, [30.025,69.975], 1, 0, 1, 0, 1","HighChol, BMI, Smoker, Stroke, HeartDiseaseorAttack, PhysActivity, Sex",1,1.0,1.0,1,274.52,9831,8451,0.3333333333333333,0.0005740485915060199,6,6
"1, 1, 0, 0, [8.2,11.8], [4.15,5.85]","HighChol, CholCheck, Stroke, HvyAlcoholConsump, Age, Education",1,0.1600426796471523,0.6931818181818182,1,222.10719133239758,9985,8451,0.2857142857142857,0.00046444820176206074,61,88
"0, 1, 0, 1, [-0.3600000000000001,4.055177380416632], [-11.059070043073696,4.35], [-23.70536638791693,5.7], 0, [4.45,8.329303261655715]","HighChol, CholCheck, Smoker, Veggies, GenHlth, MentHlth, PhysHlth, DiffWalk, Education",0,0.2084017036410597,0.7307692307692307,1,313.3873135524486,9990,8460,0.42857142857142855,0.0006553240053206999,152,208
"1, 0, 1, 0, 1, [-0.3600000000000001,2.3600000000000003], [-11.059070043073696,4.35], [-23.70536638791693,5.7], 0, [4.45,8.329303261655715]","HighBP, HighChol, CholCheck, Smoker, Veggies, GenHlth, MentHlth, PhysHlth, DiffWalk, Education",0,0.11177418429208745,0.6451612903225806,1,226.96471079091376,9893,8460,0.47619047619047616,0.00047460575750799656,20,31
"0, 1, 1, [4.3,7.480188652418021]","HighChol, PhysActivity, AnyHealthcare, Education",0,0.16278889453344186,0.6955445544554455,1,284.0634218566928,9990,8464,0.19047619047619047,0.000594004834675852,281,404
"0, 0, 1, 0, 1, 0, 1","HighBP, HighChol, Smoker, Stroke, PhysActivity, HvyAlcoholConsump, AnyHealthcare",0,0.17018672393742432,0.7017543859649122,1,186.54171034795667,9964,8464,0.3333333333333333,0.0003900772478594218,80,114
"0, 0, 0, 0, 0, 1, [-9.45,9.45], [1.88,8.120000000000001], [4.2,7.55]","HighChol, Stroke, HeartDiseaseorAttack, PhysActivity, Fruits, Veggies, PhysHlth, Age, Education",0,0.26150027784488145,0.7647058823529411,1,212.2344849596416,9976,8465,0.42857142857142855,0.00044380339195719017,13,17
"[19.675,69.975], 1, 0, 0, [2.5,5.5], 1","BMI, Fruits, HvyAlcoholConsump, NoDocbcCost, GenHlth, Sex",1,0.16223112342319249,0.695067264573991,1,202.25708468859588,9986,8474,0.2857142857142857,0.000422939656810441,155,223
"1, [30.025,69.975], 0, 0, 0, [0.96,3.04], [7.0600000000000005,16.32]","HighBP, BMI, Smoker, HvyAlcoholConsump, NoDocbcCost, GenHlth, Age",1,0.21986364441166203,0.7386363636363636,1,249.49117150016278,9985,8480,0.3333333333333333,0.0005217108246861989,65,88
"1, [30.025,69.975], 0, 0, 0, 0, [7.0600000000000005,16.32]","HighBP, BMI, Smoker, Veggies, HvyAlcoholConsump, NoDocbcCost, Age",1,0.28462802079628785,0.7777777777777778,1,227.6105865206355,9928,8480,0.3333333333333333,0.0004759563478217613,28,36
"1, [11.024999999999999,50.975], 1, 0, 1, 0, 1, [7.699999999999999,16.9]","HighChol, BMI, HeartDiseaseorAttack, HvyAlcoholConsump, AnyHealthcare, NoDocbcCost, DiffWalk, Age",1,0.37661050772165766,0.8225806451612904,1,288.3494713220185,9965,8481,0.38095238095238093,0.0006029673898947626,51,62
"1, 1, 1, 1, 0, 1, 1","HighChol, Smoker, HeartDiseaseorAttack, Veggies, HvyAlcoholConsump, AnyHealthcare, DiffWalk",1,0.48894551440329226,0.8666666666666667,1,302.4817466888761,9965,8481,0.3333333333333333,0.0006325193816225778,26,30
"0, 0, 0, 0, 1, 1, 0","HighBP, HighChol, Stroke, HeartDiseaseorAttack, PhysActivity, Veggies, DiffWalk",0,0.4392234774248874,0.8482758620689655,1,296.6798820547744,9990,8484,0.3333333333333333,0.000620387106300872,246,290
"0, 0, 0, 1, 1, 0","HighBP, HighChol, HeartDiseaseorAttack, PhysActivity, Fruits, DiffWalk",0,0.4507406686054799,0.8526785714285714,1,295.2062798165682,9990,8484,0.2857142857142857,0.0006173056576294369,191,224
"0, 0, 1, 0, 1, [-0.3600000000000001,2.8200000000000003], [2.2,5.8], [5.795,10.205]","HighBP, Smoker, PhysActivity, HvyAlcoholConsump, AnyHealthcare, GenHlth, Education, Income",0,0.48533973727032975,0.8653846153846154,1,288.264632051266,9971,8485,0.38095238095238093,0.000602789982551473,45,52
"[1.75,69.975], 1, 1, 0, 0, 0, [2.6799999999999997,5.32], [-9.25,13.25]","BMI, Smoker, HeartDiseaseorAttack, PhysActivity, Fruits, HvyAlcoholConsump, GenHlth, MentHlth",1,0.512908935546875,0.875,1,184.62103984128,9777,8488,0.38095238095238093,0.0003860609350257307,14,16
"1, 0, 0, [3.4,5.0600000000000005], [-8.55,8.55], 1, 0, [7.699999999999999,12.620000000000001], [0.07499999999999973,3.9250000000000003]","HighBP, Veggies, HvyAlcoholConsump, GenHlth, PhysHlth, DiffWalk, Sex, Age, Income",1,0.07775999999999998,0.6,1,192.4,9231,8490,0.42857142857142855,0.0004023275134990465,3,5
"1, 1, 0, 1, [0.76,3.24], [5.34,12.66]","HighBP, CholCheck, Smoker, AnyHealthcare, GenHlth, Age",1,0.09409134703184555,0.6233183856502242,1,186.92682355121138,9985,8493,0.2857142857142857,0.00039088255782553994,139,223
"1, [33.275,69.975], 0, 1, 1, [2.5,5.32], [-3.0500000000000007,11.05], 1, [6.74,17.259999999999998], [3.725,6.275]","HighBP, BMI, PhysActivity, Fruits, AnyHealthcare, GenHlth, MentHlth, Sex, Age, Education",0,0.00017114399548686952,0.17647058823529413,1,239.68183030988797,9839,8496,0.47619047619047616,0.0005011985177727527,3,17
"1, 1, 0, 0, 0, 1, 1, [0.76,3.24], [5.34,12.66]","HighBP, CholCheck, Smoker, Stroke, HeartDiseaseorAttack, Veggies, AnyHealthcare, GenHlth, Age",1,0.07453389774543417,0.5949367088607594,1,203.40897432544875,9905,8496,0.42857142857142855,0.00042534837247270885,94,158
"0, 0, [0.05999999999999994,1.94], 0, [0.28000000000000025,8.120000000000001], [3.725,6.275]","Smoker, HvyAlcoholConsump, GenHlth, DiffWalk, Age, Education",0,0.9275678005742024,0.9850746268656716,2,269.2786710721591,9990,8505,0.2857142857142857,0.00112617690406226,66,67
"0, 0, 1, 0, [-0.41999999999999993,2.8200000000000003], [-5.55,5.55], 0, [0.06000000000000005,8.120000000000001]","HighBP, Smoker, PhysActivity, HvyAlcoholConsump, GenHlth, PhysHlth, DiffWalk, Age",0,0.5904900000000001,0.9,1,308.8135885158302,9990,8506,0.38095238095238093,0.0006457598919038029,117,130
"0, 0, 0, 1, [-0.3600000000000001,2.84], 0, [5.05,6.95]","HighChol, Stroke, HeartDiseaseorAttack, AnyHealthcare, GenHlth, DiffWalk, Education",0,0.5059464741506842,0.8726114649681529,1,295.435725551743,9990,8510,0.3333333333333333,0.0006177854514554027,137,157
"0, [11.25,36.75], 1, 1, 0, 0, 0, 0","HighBP, BMI, PhysActivity, Veggies, HvyAlcoholConsump, NoDocbcCost, DiffWalk, Sex",0,0.3575276963788399,0.8140703517587939,1,299.5770960965313,9990,8510,0.38095238095238093,0.0006264454686787024,162,199
"1, [30.025,69.975], 1, 1, 0, [2.5,5.5]","HighBP, BMI, Stroke, Veggies, HvyAlcoholConsump, GenHlth",1,0.512908935546875,0.875,1,272.507942240256,9901,8516,0.2857142857142857,0.0005698411788475258,14,16
"1, 1, 0, 0, 0, [2.6799999999999997,4.6], 0, [8.84,13.16]","HighBP, HighChol, Fruits, Veggies, NoDocbcCost, GenHlth, Sex, Age",1,0.2994492622121735,0.7857142857142857,2,188.7452038144,9957,8521,0.38095238095238093,0.000789369943196656,11,14
"0, 1, 1, [25.81374141476541,69.975], 0, [2.5,5.96]","HighBP, HighChol, CholCheck, BMI, HvyAlcoholConsump, GenHlth",1,0.07204491900081343,0.5909090909090909,1,121.9587457904205,9921,8523,0.2857142857142857,0.00025502785313577016,52,88
"1, 0, 0, [8.2,11.8]","Smoker, PhysActivity, HvyAlcoholConsump, Age",1,0.1910609930394719,0.7181818181818181,1,189.96869450020523,9997,8530,0.19047619047619047,0.0003972434121669832,79,110
"[30.025,69.975], 1, 0, 0, 0, [2.6799999999999997,5.32], 0, [8.2,11.8], [3.3,7.225]","BMI, Smoker, PhysActivity, HvyAlcoholConsump, AnyHealthcare, GenHlth, Sex, Age, Education",1,0.05265771830189802,0.8785714285714286,1,253.91199999999998,8530,8530,0.42857142857142855,0.0005309552162555607,0,0
"1, 1, 1, 1, 0, 0, [-6.3,6.3], [0.9799999999999995,17.259999999999998]","HighBP, CholCheck, HeartDiseaseorAttack, Veggies, HvyAlcoholConsump, NoDocbcCost, MentHlth, Age",1,0.27374904127793337,0.7717391304347826,1,273.29006385890216,9985,8550,0.38095238095238093,0.0005714766728500402,71,92
"1, 1, 1, 1, 0, 0, [-6.3,16.06123727820031], 1, [0.9799999999999995,17.259999999999998]","HighBP, CholCheck, HeartDiseaseorAttack, Veggies, HvyAlcoholConsump, NoDocbcCost, MentHlth, DiffWalk, Age",1,0.2957885573215846,0.7837837837837838,1,300.51132429901884,9965,8550,0.42857142857142855,0.000628399032658679,29,37
"0, 0, 0, 0, 0, [0.43999999999999995,1.56], [-5.7,23.7], 0","HighBP, HighChol, Smoker, Stroke, HvyAlcoholConsump, GenHlth, PhysHlth, DiffWalk",0,0.9206765398798495,0.9836065573770492,1,309.07552822243383,9990,8551,0.38095238095238093,0.0006463076338520591,60,61
"0, 0, 0, 1, 0, [0.43999999999999995,1.56], [-5.7,23.7], 0","HighChol, Smoker, Stroke, Veggies, HvyAlcoholConsump, GenHlth, PhysHlth, DiffWalk",0,0.8573935107793603,0.9696969696969697,1,296.35365373160465,9990,8551,0.38095238095238093,0.0006197049304687834,64,66
"0, [30.025,40.87488726675879], 0, 1, 0, [21.45,35.85]","HighChol, BMI, PhysActivity, Fruits, HvyAlcoholConsump, PhysHlth",1,1.0,1.0,1,82.5,9771,8554,0.2857142857142857,0.00017251569575712754,2,2
"1, 1, 1, 1, 0, 1, 0, [7.699999999999999,17.259999999999998]","CholCheck, HeartDiseaseorAttack, Fruits, Veggies, HvyAlcoholConsump, DiffWalk, Sex, Age",1,0.11950274109665414,0.6538461538461539,1,243.56498157565267,9937,8556,0.38095238095238093,0.0005093185728314626,17,26
"[9.8,69.975], 1, 0, 1, 0, [2.6799999999999997,5.32], 1, [7.699999999999999,17.259999999999998]","BMI, Smoker, PhysActivity, Veggies, HvyAlcoholConsump, GenHlth, DiffWalk, Age",1,0.21574646429773925,0.7358490566037735,1,187.55270547163929,9938,8556,0.38095238095238093,0.00039219133909783603,39,53
"1, 1, 0, 1, [-8.4,9.15], 0, [1.88,8.120000000000001]","HighBP, PhysActivity, Fruits, AnyHealthcare, MentHlth, DiffWalk, Age",1,0.07775999999999998,0.6,1,178.9792604769375,9759,8561,0.3333333333333333,0.000374263413906364,21,35
"1, [30.025,69.975], 0, 0, 1, 0, 1, 0, [3.38,4.62], [6.74,17.259999999999998], [0.07499999999999973,5.085]","HighBP, BMI, Smoker, Stroke, Fruits, HvyAlcoholConsump, AnyHealthcare, NoDocbcCost, GenHlth, Age, Income",1,0.2693290743429045,0.7692307692307693,1,270.05006592,9455,8567,0.5238095238095238,0.0005647015152902661,10,13
"1, [30.025,69.975], 1, 0, 1, [2.5,5.32], [-11.25,11.05], [3.725,6.275], [2.915,3.9250000000000003]","CholCheck, BMI, Veggies, HvyAlcoholConsump, AnyHealthcare, GenHlth, MentHlth, Education, Income",1,0.3540925979614258,0.8125,1,255.696664440832,9844,8567,0.42857142857142855,0.0005346871268943867,13,16
"1, 1, 0, 0, 0, 1, [2.565,3.9250000000000003]","HighChol, CholCheck, PhysActivity, Veggies, HvyAlcoholConsump, DiffWalk, Income",1,1.0,1.0,1,243.0,9765,8584,0.3333333333333333,0.0005081371402300847,6,6
"1, [26.725,63.275], [4.375,7.625], [1.565,4.4350000000000005]","HighChol, BMI, Education, Income",1,0.3276800000000001,0.8,1,258.264070294195,9985,8585,0.19047619047619047,0.000540055827586312,40,50
"1, [25.81374141476541,69.975], 0, 1, [2.5,5.96], [0.8650000000000002,5.135]","HighChol, BMI, HvyAlcoholConsump, AnyHealthcare, GenHlth, Income",1,0.38707708790332546,0.8271028037383178,1,220.75896071980958,9986,8585,0.2857142857142857,0.0004616289176145253,177,214
"0, 0, 0, 1, 1, 0, 0, [1.88,8.120000000000001]","HighChol, Smoker, HeartDiseaseorAttack, Veggies, AnyHealthcare, NoDocbcCost, DiffWalk, Age",0,0.370459107302539,0.8198757763975155,1,270.3110981504843,9990,8588,0.38095238095238093,0.0006401667953950448,132,161
"0, 0, 1, 0, 0, 1, [0.5,2.5], 0, [1.88,8.120000000000001], [4.2,7.55]","HighBP, HighChol, CholCheck, Stroke, Fruits, AnyHealthcare, GenHlth, Sex, Age, Education",0,1.0,1.0,2,338.2739012608,9976,8590,0.47619047619047616,0.001414728665029934,14,14
"0, 0, 1, 0, [1.4886774099159599,3.26], 0, [1.88,7.0]","HighBP, HighChol, PhysActivity, NoDocbcCost, GenHlth, DiffWalk, Age",0,0.6100409620405435,0.9058823529411765,1,278.6024413258299,9934,8592,0.3333333333333333,0.0005825853818783012,77,85
"1, [1.75,69.975], 1, 1, 0, [2.6799999999999997,5.32], [-9.25,13.25]","HighChol, BMI, Smoker, Veggies, HvyAlcoholConsump, GenHlth, MentHlth",1,0.3039835415994587,0.7880794701986755,1,206.2582732868013,9965,8594,0.3333333333333333,0.0004313065396574094,119,151
"1, 1, 1, 0, 0, 1, 1, [7.699999999999999,16.9]","CholCheck, Smoker, HeartDiseaseorAttack, PhysActivity, Fruits, DiffWalk, Sex, Age",1,0.5549289573066435,0.8888888888888888,1,202.29184,9757,8594,0.38095238095238093,0.00042301233361926693,8,9
"1, [30.025,69.975], 0, 1, 0, 1, 1, [7.699999999999999,17.259999999999998]","CholCheck, BMI, Stroke, Veggies, HvyAlcoholConsump, AnyHealthcare, DiffWalk, Age",1,0.28247175784929984,0.776595744680851,1,293.067335662504,9965,8602,0.38095238095238093,0.0006128329129152061,73,94
"0, 0, 1, 1, 0, [-0.3600000000000001,2.84], [-11.827915292174136,14.73213085853277], 1","HighBP, HighChol, Smoker, AnyHealthcare, NoDocbcCost, GenHlth, MentHlth, Sex",0,0.13168724279835387,0.6666666666666666,1,165.43468801046055,9964,8612,0.38095238095238093,0.0003459403673271264,26,39
"0, 0, 0, 0, 1, [-0.3600000000000001,2.84], 0, [1.88,9.52], [5.05,6.95], [4.76,9.24]","HighChol, Stroke, HeartDiseaseorAttack, Fruits, AnyHealthcare, GenHlth, DiffWalk, Age, Education, Income",0,0.3540925979614258,0.8125,1,309.8412623775315,9934,8612,0.47619047619047616,0.0006479088600403218,26,32
"1, 1, [30.025,69.975], 1, 0, 1, 0, [3.35,4.65]","HighBP, HighChol, BMI, HeartDiseaseorAttack, HvyAlcoholConsump, AnyHealthcare, DiffWalk, Education",1,0.28462802079628785,0.7777777777777778,1,258.77504,9167,8617,0.38095238095238093,0.0005411243160021637,7,9
"[20.25,45.75], 1, 0, [-4.35,4.35], 0, [4.45,7.55]","BMI, PhysActivity, HvyAlcoholConsump, MentHlth, DiffWalk, Education",0,0.06026185921754656,0.5701754385964912,1,227.2492673012287,9964,8621,0.2857142857142857,0.0005197669651404016,260,456
"1, 0, 1, [-0.3600000000000001,2.3600000000000003], [-4.35,4.35], [-9.3,9.3], [7.359999999999999,12.64]","HighBP, Stroke, PhysActivity, GenHlth, MentHlth, PhysHlth, Age",0,0.06966740954451933,0.5869565217391305,1,175.95266859723492,9832,8621,0.3333333333333333,0.0003856841103617098,54,92
"1, [30.025,69.975], 0, 0, [2.6799999999999997,5.96], 1, 1, [2.565,5.4350000000000005]","CholCheck, BMI, PhysActivity, Veggies, GenHlth, DiffWalk, Sex, Income",1,1.0,1.0,2,211.512,9986,8627,0.38095238095238093,0.0008845852082662196,8,8
"1, 0, 0, [-11.25,6.3]","CholCheck, Veggies, HvyAlcoholConsump, MentHlth",1,0.08315798745448,0.6081081081081081,1,162.47602568568223,9961,8627,0.19047619047619047,0.00033975351048507146,135,222
"1, 1, 1, 0, 0, 0, [6.46,11.569624492704701]","HighBP, HighChol, CholCheck, Stroke, HeartDiseaseorAttack, HvyAlcoholConsump, Age",1,0.2502187591103251,0.7579908675799086,1,181.91173627766733,9979,8630,0.3333333333333333,0.00040126036349737057,166,219
"0, 0, 1, 0, 1, 1, 0, [1.4886774099159599,3.26], 0, 1, [1.88,7.0]","HighBP, HighChol, CholCheck, Stroke, PhysActivity, Veggies, NoDocbcCost, GenHlth, DiffWalk, Sex, Age",0,0.46266436603796024,0.8571428571428571,1,281.2719482438733,9934,8632,0.5238095238095238,0.0005881675860394493,18,21
"0, 0, 1, 1, 0, [1.88,7.0]","HighBP, HighChol, CholCheck, PhysActivity, DiffWalk, Age",0,0.5241073981293608,0.8787878787878788,1,306.6958422916835,9990,8632,0.2857142857142857,0.0006413314741668853,116,132
"1, 1, 1, 0, 0, 0, [2.5,4.6], [2.225,5.775], [5.41,10.59]","HighBP, HighChol, CholCheck, Stroke, HeartDiseaseorAttack, Fruits, GenHlth, Education, Income",1,0.2535525376,0.76,1,207.40147462208955,9837,8638,0.42857142857142855,0.00043369708721798796,19,25
"0, 0, 0, 0, 1, 1, 0, 1, [-0.41999999999999993,2.8200000000000003], [9.75,20.25], 0, 1, [0.06000000000000005,8.120000000000001]","HighBP, Smoker, Stroke, HeartDiseaseorAttack, PhysActivity, Veggies, HvyAlcoholConsump, NoDocbcCost, GenHlth, MentHlth, DiffWalk, Sex, Age",0,0.08620982170104981,0.96875,1,318.068288,8640,8640,0.6190476190476191,0.0006651123879102838,0,0
"0, 0, 0, 1, 0, [-5.55,5.55], 0, 1","HighBP, HighChol, Smoker, PhysActivity, AnyHealthcare, PhysHlth, DiffWalk, Sex",0,0.08620982170104981,0.96875,1,245.90967534094725,8640,8640,0.38095238095238093,0.0005142215604224589,0,0
"[-9.475000000000001,47.475], 0, 1","BMI, Stroke, Fruits",0,0.04600202389314368,0.5402010050251256,1,201.32270744645626,9990,8641,0.14285714285714285,0.0004519981998080548,430,796
"1, 1, 1, 1, 1, 1, 1, [7.699999999999999,17.259999999999998]","HighBP, CholCheck, Smoker, Veggies, AnyHealthcare, DiffWalk, Sex, Age",1,0.4128571866759781,0.8378378378378378,1,247.1081513315408,9965,8644,0.38095238095238093,0.0005167276927784039,31,37
"0, 0, 0, 0, [4.9,9.1]","HighBP, Smoker, HvyAlcoholConsump, Sex, Income",0,0.2857850437446292,0.7784090909090909,1,303.18143932069506,9990,8649,0.23809523809523808,0.0006339825084249339,137,176
"1, 1, 0, 1, 0, 1, 0","HighBP, PhysActivity, Fruits, Veggies, HvyAlcoholConsump, NoDocbcCost, DiffWalk",1,0.3276800000000001,0.8,1,145.2,9759,8650,0.3333333333333333,0.00030362762453254444,4,5
"1, [30.025,69.975], 0, 1, 0, [-26.196404721804427,11.25]","HighChol, BMI, Fruits, Veggies, HvyAlcoholConsump, MentHlth",1,0.42138260219222906,0.8412698412698413,1,226.876794447794,9945,8650,0.2857142857142857,0.0004744219157007029,53,63
"0, 0, 0, 0, 1, [-0.3600000000000001,2.84], 0, [8.780000000000001,13.219999999999999], [4.3,7.7]","HighBP, Smoker, Stroke, HvyAlcoholConsump, AnyHealthcare, GenHlth, Sex, Age, Education",0,0.3591654751124945,0.8148148148148148,1,266.60754712689516,9909,8653,0.42857142857142855,0.000557502866505424,22,27
"1, 1, 0, 1, 0, 0, 0, 1, 1","CholCheck, Smoker, Stroke, HeartDiseaseorAttack, PhysActivity, Fruits, HvyAlcoholConsump, AnyHealthcare, DiffWalk",1,1.0,1.0,1,205.328,9757,8657,0.42857142857142855,0.000429361245799024,7,7
"1, 1, [1.75,44.25], 1, 1, 0, 1, 1, [8.56,11.8]","HighBP, CholCheck, BMI, Smoker, HeartDiseaseorAttack, Fruits, AnyHealthcare, DiffWalk, Age",1,0.5549289573066435,0.8888888888888888,1,249.07775999999998,9702,8657,0.42857142857142855,0.0005208463401700221,8,9
"1, 0, 0, 1, [2.5,5.5], [-7.050000000000001,7.050000000000001], [7.0600000000000005,12.94]","CholCheck, Fruits, HvyAlcoholConsump, AnyHealthcare, GenHlth, MentHlth, Age",1,0.26010635629992535,0.7638888888888888,1,193.77721646266454,9957,8662,0.3333333333333333,0.00040520740993861917,110,144
"0, 0, [11.25,36.75], 0, 0, 0, [5.05,6.95]","HighBP, HighChol, BMI, Smoker, Fruits, DiffWalk, Education",0,0.6011483889270763,0.9032258064516129,1,329.50496398721685,9934,8664,0.3333333333333333,0.0006890276135476602,28,31
"1, 1, 0, 1, 0, 0, 1, [-11.25,11.25]","HighBP, CholCheck, Stroke, Fruits, Veggies, HvyAlcoholConsump, AnyHealthcare, MentHlth",1,0.09381424937119162,0.6229508196721312,1,174.24700689499332,9961,8676,0.38095238095238093,0.00036436780155256693,38,61
"[30.025,69.975], 1, 0, [4.04,5.96], 1, [0.07499999999999973,3.9250000000000003]","BMI, AnyHealthcare, NoDocbcCost, GenHlth, DiffWalk, Income",1,0.6903615309097401,0.9285714285714286,1,294.3625996288,9965,8676,0.2857142857142857,0.0006155414385435055,13,14
"0, 0, 0, 1, 0, [1.88,7.0], [2.25,5.75]","HighBP, HighChol, Smoker, PhysActivity, DiffWalk, Age, Income",0,0.6472278485082303,0.9166666666666666,1,257.53466624000004,9548,8684,0.3333333333333333,0.0005385305712481604,11,12
"0, 1, [-0.3600000000000001,2.84], 0, [5.705,8.295]","HighChol, AnyHealthcare, GenHlth, DiffWalk, Income",0,0.3813589691006054,0.8246445497630331,1,245.24194430982297,9990,8689,0.23809523809523808,0.000512825268502301,174,211
"1, [30.025,69.975], 1, 0, 1, 0, [2.5,5.32], 1, [3.725,6.275]","HighBP, BMI, Fruits, HvyAlcoholConsump, AnyHealthcare, NoDocbcCost, GenHlth, Sex, Education",1,0.45647910258498414,0.8548387096774194,1,228.8796666808458,9986,8697,0.42857142857142855,0.0004786101205103703,53,62
"1, 1, 1, 0, 1, [2.5,7.193397233716988], [-3.0500000000000007,11.05], 1, [6.74,17.259999999999998]","HighBP, HighChol, PhysActivity, HvyAlcoholConsump, AnyHealthcare, GenHlth, MentHlth, Sex, Age",1,0.45333676183633875,0.8536585365853658,1,259.329474194198,9965,8697,0.42857142857142855,0.0005422836929811166,70,82
"1, 1, 0, 1, 0, 1, [1.94,4.64], 1, [8.2,17.259999999999998], [3.3,6.275], [2.915,5.085]","HighBP, CholCheck, Stroke, Fruits, HvyAlcoholConsump, AnyHealthcare, GenHlth, DiffWalk, Age, Education, Income",1,0.13168724279835387,0.6666666666666666,1,220.75698423251052,9871,8701,0.5238095238095238,0.0004616247845832337,18,27
"1, [30.025,69.975], 0, [2.7199999999999998,5.32]","CholCheck, BMI, HvyAlcoholConsump, GenHlth",1,0.21660549750980204,0.7364341085271318,1,197.41297004889879,9986,8705,0.19047619047619047,0.00041281013187232426,285,387
"0, 1, [2.6799999999999997,5.28], [1.7599999999999998,6.24]","Stroke, AnyHealthcare, GenHlth, Income",1,0.1571383410692345,0.6906474820143885,1,207.07218510533897,9979,8705,0.19047619047619047,0.0004330085101260152,288,417
"0, 1, 0, 1, [-11.25,11.25], [7.699999999999999,17.259999999999998]","Smoker, HeartDiseaseorAttack, PhysActivity, AnyHealthcare, MentHlth, Age",1,0.15601271289092586,0.6896551724137931,1,227.9338529258915,9871,8710,0.2857142857142857,0.0004766323299892479,20,29
"1, 1, 1, 0, 1, 0, 1, [7.699999999999999,16.9]","HighBP, CholCheck, Veggies, HvyAlcoholConsump, AnyHealthcare, NoDocbcCost, DiffWalk, Age",1,0.2630755761638284,0.765625,1,244.38001019087892,9965,8713,0.38095238095238093,0.0005110228786328896,98,128
"[-8.475000000000001,48.475], 0, [1.0,2.98]","BMI, DiffWalk, Age",0,0.620921323059155,0.9090909090909091,1,239.7192140538632,9855,8717,0.14285714285714285,0.0005012766908951999,20,22
"0, 0, 1, 0, 1, 0, 1, 1","HighBP, PhysActivity, Veggies, HvyAlcoholConsump, AnyHealthcare, NoDocbcCost, DiffWalk, Sex",1,0.16806999999999994,0.7,1,127.40768,9938,8718,0.38095238095238093,0.0002664221158788056,7,10
"0, 0, 0, 1, 1, 1","HighBP, PhysActivity, HvyAlcoholConsump, AnyHealthcare, DiffWalk, Sex",1,0.09091180653955425,0.6190476190476191,1,119.51942776870536,9938,8718,0.2857142857142857,0.0002499269968243873,13,21
"0, 0, 1, 0, 1, 0, [0.74,3.26], [-8.15,10.15], [3.8,6.2]","HighBP, HighChol, CholCheck, HeartDiseaseorAttack, AnyHealthcare, NoDocbcCost, GenHlth, MentHlth, Education",0,0.3916781660121881,0.8290598290598291,1,267.2649955581537,9990,8721,0.42857142857142855,0.0005588776564877635,194,234
"0, 0, [0.74,3.26], [1.88,8.120000000000001]","HighChol, HeartDiseaseorAttack, GenHlth, Age",0,0.34843299562141844,0.8098859315589354,1,229.40230768148825,9990,8721,0.19047619047619047,0.000533236364329266,213,263
"0, 1, 0, 0","HeartDiseaseorAttack, PhysActivity, NoDocbcCost, Sex",0,0.09225424942633634,0.6208651399491094,1,273.69172323578925,9990,8723,0.19047619047619047,0.0005723165825089621,244,393
"1, [11.024999999999999,50.975], 0, 1, 0, 0, 1, 0, [-11.25,11.25], [7.699999999999999,17.259999999999998], [2.8499999999999996,5.15]","HighChol, BMI, Smoker, HeartDiseaseorAttack, PhysActivity, HvyAlcoholConsump, AnyHealthcare, NoDocbcCost, MentHlth, Age, Education",1,0.18593443208187066,0.7142857142857143,1,265.76189306879996,9765,8729,0.5238095238095238,0.0005557345198605498,10,14
"0, 0, 1, 0, [4.732581852330824,9.33]","HighChol, HeartDiseaseorAttack, PhysActivity, HvyAlcoholConsump, Income",0,0.16658397927308766,0.6987577639751553,1,285.9568409007158,9990,8735,0.23809523809523808,0.0005979641619939056,225,322
"0, 0, 1, 0, 0, 1, 0, [1.88,8.120000000000001], [6.04,9.96]","HighBP, HighChol, Smoker, Stroke, HeartDiseaseorAttack, Veggies, DiffWalk, Age, Income",0,0.7385081737104511,0.9411764705882353,1,199.05816841043003,9976,8735,0.42857142857142855,0.00041625040508442185,32,34
"1, 1, [30.025,69.975], 0, 0, 1, 1, 0, 1, 0, 1, [6.46,13.54], [2.275,5.725]","HighBP, CholCheck, BMI, Stroke, HeartDiseaseorAttack, Fruits, Veggies, HvyAlcoholConsump, AnyHealthcare, NoDocbcCost, DiffWalk, Age, Education",1,0.16806999999999994,0.7,1,288.47736619008003,9886,8738,0.6190476190476191,0.0006032348307692765,14,20
"0, 0, 1, 0, 0","HighChol, HeartDiseaseorAttack, PhysActivity, HvyAlcoholConsump, NoDocbcCost",0,0.15177129578482576,0.6858638743455497,1,275.86465409389433,9990,8739,0.23809523809523808,0.0005768603967976667,262,382
"0, 1, 0, [4.732581852330824,9.33]","HeartDiseaseorAttack, PhysActivity, Sex, Income",0,0.10249058594188772,0.6340694006309149,1,282.46592546112805,9990,8739,0.19047619047619047,0.0005906643110134234,201,317
"1, 0, 1, [30.025,69.975], 0, 1, 0","HighBP, HighChol, CholCheck, BMI, HvyAlcoholConsump, AnyHealthcare, NoDocbcCost",1,0.1590361251087416,0.6923076923076923,2,204.4360504897532,9935,8750,0.3333333333333333,0.0008549921815291884,63,91
1,HighChol,1,0.09918165026951144,0.6299212598425197,1,131.92198522504188,9986,8751,0.047619047619047616,0.0002705934440493512,400,635
"1, [25.81374141476541,69.975], 0, 1, [2.5,5.96], [4.48,9.52], [2.15,5.85], [0.8650000000000002,5.135]","HighChol, BMI, HvyAlcoholConsump, AnyHealthcare, GenHlth, Age, Education, Income",1,0.43650245727876025,0.8472222222222222,1,179.1928933795703,9937,8751,0.38095238095238093,0.0003747101415285981,61,72
"0, 0, 0, 1, 0, [0.4670686734677377,1.94], [0.28000000000000025,9.780000000000001]","HighBP, HighChol, Smoker, Veggies, HvyAlcoholConsump, GenHlth, Age",0,1.0,1.0,1,322.51123147751684,9990,8755,0.3333333333333333,0.0006744030240949312,43,43
"0, 0, 1, 0, 0, [0.4670686734677377,1.94], [0.28000000000000025,8.120000000000001], [3.725,6.275]","Smoker, Stroke, Veggies, HvyAlcoholConsump, NoDocbcCost, GenHlth, Age, Education",0,1.0,1.0,1,306.099854285494,9990,8756,0.38095238095238093,0.0006400852040389982,44,44
"1, [25.81374141476541,69.975], 0, 1, [-11.25,11.25], [4.48,9.52], [2.15,5.85], [0.07499999999999973,5.135]","CholCheck, BMI, HvyAlcoholConsump, AnyHealthcare, MentHlth, Age, Education, Income",1,0.18789989485880815,0.7157894736842105,1,154.8676038133791,9928,8764,0.38095238095238093,0.0003238435445103548,68,95
"[11.024999999999999,50.975], 1, 1, 0, 1, 1","BMI, HeartDiseaseorAttack, Veggies, HvyAlcoholConsump, AnyHealthcare, DiffWalk",1,0.2949395666152263,0.7833333333333333,1,296.7013045789415,9965,8765,0.2857142857142857,0.0006204319029270728,47,60
"1, [26.725,63.275], 0, 1, [-7.800000000000001,7.800000000000001], [4.375,7.625]","HighChol, BMI, Fruits, AnyHealthcare, PhysHlth, Education",1,0.13168724279835387,0.6666666666666666,1,190.60857852604389,9924,8766,0.2857142857142857,0.00039858147323269745,50,75
"1, 1, 0, [2.5,5.96]","HighBP, AnyHealthcare, NoDocbcCost, GenHlth",1,0.25339704113859396,0.7599067599067599,1,200.58322766711706,9986,8767,0.19047619047619047,0.0004194394554933698,326,429
"1, 1, 1, 1, 0, 1, 0, [-6.9,6.9], 0, [9.1,16.9], [2.8,5.2]","HighBP, HighChol, Stroke, PhysActivity, HvyAlcoholConsump, AnyHealthcare, NoDocbcCost, MentHlth, DiffWalk, Age, Education",1,1.0,1.0,1,187.0,9624,8767,0.5238095238095238,0.00039103557704948906,2,2
"[19.675,69.975], 0, 0, [2.5,5.5], [6.949999999999999,21.05], 1","BMI, HvyAlcoholConsump, NoDocbcCost, GenHlth, MentHlth, Sex",1,0.3137972914145376,0.7931034482758621,1,184.08140853123126,9935,8768,0.2857142857142857,0.0003849325123480896,23,29
"1, 0, 0, [2.5,5.5], [7.0600000000000005,17.259999999999998], [1.775,4.225]","CholCheck, Smoker, Stroke, GenHlth, Age, Education",1,0.16291487262254356,0.6956521739130435,1,188.29122932035247,9957,8772,0.2857142857142857,0.0003937356658323086,64,92
"1, 0, 1, [2.5,5.5], [7.0600000000000005,17.259999999999998], [1.775,2.505488489715992]","CholCheck, Smoker, Fruits, GenHlth, Age, Education",1,0.13168724279835387,0.6666666666666666,1,176.72,9927,8772,0.2857142857142857,0.0003695390758084797,4,6
"1, 0, 0, 1, 1, [10.42,15.58]","HighBP, HighChol, HvyAlcoholConsump, DiffWalk, Sex, Age",0,1.0000000000000003e-05,0.1,1,198.46976,8774,8774,0.2857142857142857,0.0004150199846442439,1,10
"0, 0, 1, 0, [-0.41999999999999993,2.5], 0","HighBP, Smoker, PhysActivity, HvyAlcoholConsump, GenHlth, DiffWalk",0,0.4820200524924855,0.8641975308641975,1,306.97922645926843,9990,8777,0.2857142857142857,0.0006419240586134,140,162
"1, [26.1,33.9], [4.45,7.55], [5.795,11.619949944320759]","PhysActivity, PhysHlth, Education, Income",0,0.0012620658543943514,0.2631578947368421,1,186.39303549996237,9436,8779,0.19047619047619047,0.00038976635398253306,5,19
"[8.3,45.7], 1, 0, [4.45,7.55]","BMI, Veggies, HvyAlcoholConsump, Education",0,0.046014321926515396,0.5402298850574713,1,191.7526937081975,9990,8779,0.19047619047619047,0.00042698338801319154,329,609
"1, [30.025,69.975], 0, [-3.1000000000000014,13.100000000000001], [3.5300000000000002,6.47]","CholCheck, BMI, HvyAlcoholConsump, MentHlth, Income",1,0.15140731855361586,0.6855345911949685,1,209.7211589199468,9997,8782,0.23809523809523808,0.0004385477775280695,109,159
"0, [8.3,45.7], 0, 0, 1, 0, [-5.7,5.7], 0, [4.45,7.55]","HighBP, BMI, Smoker, Stroke, Veggies, HvyAlcoholConsump, MentHlth, Sex, Education",0,0.2606836005385606,0.7642276422764228,1,297.78720005466784,9990,8783,0.42857142857142855,0.0006227026182423994,94,123
"1, 1, [30.025,69.975], 0, 1, 0, [-11.25,11.25], 1, [3.075,4.925]","HighBP, CholCheck, BMI, Stroke, AnyHealthcare, NoDocbcCost, MentHlth, DiffWalk, Education",1,0.49717673529828965,0.8695652173913043,1,298.30128267009457,9928,8785,0.42857142857142855,0.0006237776160615144,20,23
"1, [30.025,69.975], 0, 0, 1, [2.5,5.96], 0, [2.2,3.8], [3.375,8.625]","HighBP, BMI, Fruits, HvyAlcoholConsump, NoDocbcCost, GenHlth, DiffWalk, Education, Income",1,0.1,1.0,1,135.0,8787,8787,0.42857142857142855,0.00028229841123893597,0,0
"0, 1, 0, 0, 0, [-4.35,10.05], 0","HighChol, CholCheck, Stroke, HeartDiseaseorAttack, Fruits, MentHlth, Sex",0,0.14598825517343783,0.6805555555555556,1,200.39510660493568,9976,8791,0.3333333333333333,0.00041904607566392994,49,72
"0, 1, 0, 1, 0","HighChol, CholCheck, Stroke, AnyHealthcare, DiffWalk",0,0.13395765897022338,0.6689497716894978,1,201.56389255108914,9990,8791,0.23809523809523808,0.00046047024985962115,293,438
"[-5.024999999999999,45.7], 0, 1, 1, [-0.3600000000000001,2.3600000000000003], [-0.5,8.5], [4.45,7.55]","BMI, Stroke, Veggies, AnyHealthcare, GenHlth, Age, Education",0,0.42011810123744914,0.8407643312101911,1,284.8798679916069,9990,8792,0.3333333333333333,0.0005957121046517662,132,157
"[8.3,50.05], 1, 0, [-5.7,9.0], [1.88,8.120000000000001]","BMI, Veggies, HvyAlcoholConsump, PhysHlth, Age",0,0.15249905726208918,0.6865203761755486,1,219.54162586504455,9990,8792,0.23809523809523808,0.0005074617827504258,219,319
"[30.025,69.975], 1, 1, 1, [2.6799999999999997,5.32], 1, [7.699999999999999,17.259999999999998]","BMI, HeartDiseaseorAttack, Veggies, AnyHealthcare, GenHlth, DiffWalk, Age",1,0.43976479295863985,0.8484848484848485,1,315.59529262988366,9965,8793,0.3333333333333333,0.0006599411089178017,28,33
"[30.025,69.975], 1, 0, 1, 1, [2.6799999999999997,5.32], [23.85,36.15], 1, [7.699999999999999,17.259999999999998], [2.585,7.415]","BMI, HeartDiseaseorAttack, PhysActivity, Veggies, AnyHealthcare, GenHlth, MentHlth, DiffWalk, Age, Income",1,1.0,1.0,1,297.0,9937,8793,0.47619047619047616,0.0006210565047256591,1,1
"0, [30.025,40.87488726675879], 0, 0","HighBP, BMI, PhysActivity, HvyAlcoholConsump",1,0.10255278437793762,0.6341463414634146,1,132.1159776862417,9997,8795,0.19047619047619047,0.00027626763407485,26,41
"0, 1, 0, 1, 0, 0, [2.5,5.32], [21.45,35.85]","HighChol, CholCheck, PhysActivity, Veggies, HvyAlcoholConsump, NoDocbcCost, GenHlth, PhysHlth",1,0.13168724279835387,0.6666666666666666,1,165.1280768,9935,8795,0.38095238095238093,0.0003452992128265259,8,12
"1, 1, [25.81374141476541,44.25], 1, 1, [2.5,5.96], 1, [8.56,11.8], [0.8650000000000002,5.135]","HighChol, CholCheck, BMI, HeartDiseaseorAttack, AnyHealthcare, GenHlth, DiffWalk, Age, Income",1,1.0,1.0,1,301.7883384043929,9965,8804,0.42857142857142855,0.0006310693960148036,18,18
"1, [1.75,69.975], 1, 1, 0, 0, 1","HighBP, BMI, Smoker, HeartDiseaseorAttack, Fruits, HvyAlcoholConsump, AnyHealthcare",1,0.3173112237881989,0.7948717948717948,2,202.77207369520661,9863,8804,0.3333333333333333,0.0008480330999671298,31,39
"1, [30.025,69.975], 1, 0, 1, [2.6799999999999997,5.32], 0","CholCheck, BMI, PhysActivity, HvyAlcoholConsump, AnyHealthcare, GenHlth, Sex",1,0.1667830994741916,0.6989247311827957,1,240.27302856033856,9979,8806,0.3333333333333333,0.0005024347720455634,65,93
"[30.025,69.975], 1, 1, [2.6799999999999997,5.32], [-11.25,11.25]","BMI, Veggies, AnyHealthcare, GenHlth, MentHlth",1,0.24710935412080362,0.7560975609756098,2,284.71115887215876,9965,8806,0.23809523809523808,0.0011907186342460252,155,205
"1, 1, 1, 0, 0, 0, 0, [-8.6,10.6], 1, [7.699999999999999,17.259999999999998]","HighBP, CholCheck, Stroke, HeartDiseaseorAttack, Fruits, Veggies, HvyAlcoholConsump, MentHlth, DiffWalk, Age",1,1.0,1.0,1,213.0,8810,8810,0.47619047619047616,0.0004454041599547656,1,1
"1, 0, 1, 0, [2.6799999999999997,5.32], 1, 1, [3.0749999999999997,6.925000000000001]","Veggies, HvyAlcoholConsump, AnyHealthcare, NoDocbcCost, GenHlth, DiffWalk, Sex, Income",1,0.28462802079628785,0.7777777777777778,1,193.89548485699964,9871,8812,0.38095238095238093,0.0004054547209002531,28,36
"0, [30.025,69.975], 1, 0, 1, 1, [-11.25,11.25], 1","HighBP, BMI, Smoker, PhysActivity, Veggies, AnyHealthcare, MentHlth, DiffWalk",1,1.0,1.0,2,132.4,9423,8812,0.38095238095238093,0.0005537231058968166,5,5
"1, 1, 0, [2.5,5.5], [7.0600000000000005,11.8]","HighBP, HighChol, HvyAlcoholConsump, GenHlth, Age",1,0.4115843120891417,0.8373205741626795,2,211.73282986119995,9979,8817,0.23809523809523808,0.0008855087626213435,175,209
"0, [-5.024999999999999,50.05], 0, [-9.15,9.15], [-5.7,9.0], 0, [4.3,8.39921285487787]","HighBP, BMI, Stroke, MentHlth, PhysHlth, DiffWalk, Education",0,0.23596700946979557,0.7491525423728813,1,253.60621816408815,9990,8819,0.3333333333333333,0.0005303157960595338,221,295
"1, 0, [-0.41999999999999993,2.8200000000000003], [1.88,8.120000000000001]","CholCheck, Stroke, GenHlth, Age",0,0.3735879671175759,0.821256038647343,1,171.10277734613493,9990,8819,0.19047619047619047,0.00038084872738809554,170,207
"0, 0, 0, 0, [-0.3600000000000001,4.20964803933393], [-9.15,8.4], 0, 1, [4.585,9.415]","HighBP, HighChol, Stroke, Veggies, GenHlth, MentHlth, DiffWalk, Sex, Income",0,0.15359020233154297,0.6875,1,185.628069163008,9787,8822,0.42857142857142855,0.00038816673337828503,11,16
"1, 1, [30.025,69.975], 0, 1, 1, [0.07499999999999973,3.9250000000000003]","HighBP, CholCheck, BMI, Stroke, AnyHealthcare, DiffWalk, Income",1,0.5821262541771084,0.8974358974358975,1,273.19672683876325,9965,8829,0.3333333333333333,0.0005712814958685958,35,39
"[-5.024999999999999,50.05], 0, 0, 1, [1.414526637553815,1.94], [-9.15,9.15], [-5.7,9.0], [3.725,8.39921285487787]","BMI, Smoker, Stroke, Veggies, GenHlth, MentHlth, PhysHlth, Education",0,0.1,1.0,1,370.75,8831,8831,0.38095238095238093,0.0007752750812358186,0,0
"1, [1.75,69.975], 0, 0, 1","HighBP, BMI, Fruits, HvyAlcoholConsump, AnyHealthcare",1,0.20284393961510958,0.7268292682926829,1,168.51250833830957,9979,8836,0.23809523809523808,0.00037407809011410896,149,205
"0, 0, 0, 1, [-0.41999999999999993,1.5], [-8.4,8.4], [-5.7,9.0], 0, [3.225,4.775], [1.25,4.75]","HighChol, Stroke, Fruits, AnyHealthcare, GenHlth, MentHlth, PhysHlth, DiffWalk, Education, Income",0,0.08815614803769961,0.9736842105263157,1,241.0,8839,8839,0.47619047619047616,0.0005039549415450634,0,0
"0, 0, [-5.024999999999999,50.05], 0, 1, 0, 1, [0.5,2.3600000000000003], 0, [1.88,8.120000000000001]","HighBP, HighChol, BMI, Stroke, PhysActivity, Fruits, Veggies, GenHlth, DiffWalk, Age",0,0.7164427963651452,0.9354838709677419,1,348.17854678671404,9934,8839,0.47619047619047616,0.0007280759302620067,29,31
"0, 0, 0, 0, [-4.6,8.6], 0","HighBP, HighChol, Smoker, HeartDiseaseorAttack, PhysHlth, Sex",0,0.5098376333921032,0.8739495798319328,1,312.4221851204887,9990,8843,0.2857142857142857,0.0006533058258911903,104,119
"0, 0, 0, 0, 0, [0.74,3.38], [22.35,37.65], [1.88,8.120000000000001]","HighBP, HighChol, Smoker, Stroke, HeartDiseaseorAttack, GenHlth, PhysHlth, Age",0,1.0,1.0,1,103.0,8845,8845,0.38095238095238093,0.0002153832322785956,1,1
"0, [0.6199999999999999,3.26]","HighChol, GenHlth",0,0.156769075626448,0.6903225806451613,1,195.78422932848486,9990,8845,0.09523809523809523,0.0004453629374037203,321,465
"1, 1, [30.025,64.725], 1, 0, 1, [21.45,38.55], 1, 0, [4.225,7.775]","HighBP, CholCheck, BMI, Fruits, HvyAlcoholConsump, AnyHealthcare, PhysHlth, DiffWalk, Sex, Education",1,0.06092699470458736,0.5714285714285714,1,281.064,9937,8846,0.47619047619047616,0.0005877327456034096,4,7
"1, 1, 1, [33.275,69.975], 0, [2.6799999999999997,5.32], [4.970000000000001,9.03]","HighBP, HighChol, CholCheck, BMI, HvyAlcoholConsump, GenHlth, Income",1,0.548415778837674,0.8867924528301887,1,212.8570270254237,9986,8846,0.3333333333333333,0.0004451051892616323,47,53
"0, 0, 0, [-5.7,5.7]","HighBP, Smoker, Stroke, MentHlth",0,0.23434581321702352,0.7481203007518797,1,302.41059032850876,9990,8854,0.19047619047619047,0.0006323705866041982,199,266
"[1.75,69.975], 0, 1, 0, 0, 1, 1","BMI, Stroke, HeartDiseaseorAttack, Fruits, HvyAlcoholConsump, AnyHealthcare, DiffWalk",1,0.3276800000000001,0.8,1,219.46607679745557,9757,8856,0.3333333333333333,0.00045892536889454826,16,20
"0, 0, [0.5,2.84], [-9.45,9.45], [4.2,7.55], [3.725,8.275]","HighBP, Fruits, GenHlth, PhysHlth, Education, Income",0,0.27550608968587587,0.7727272727272727,2,256.11029516974304,9976,8862,0.2857142857142857,0.0010711041396793096,51,66
"1, [30.025,69.975], 0, 0, 1, 0, [2.6799999999999997,5.32], [-5.250000000000001,5.250000000000001], [7.0600000000000005,16.32]","HighBP, BMI, Smoker, Stroke, Veggies, HvyAlcoholConsump, GenHlth, PhysHlth, Age",1,0.43375716751999094,0.8461538461538461,1,272.2585812066578,9844,8863,0.42857142857142855,0.0005693197401541209,33,39
"1, 1, 0, 1, [7.699999999999999,17.259999999999998]","CholCheck, HeartDiseaseorAttack, NoDocbcCost, DiffWalk, Age",1,0.2630755761638284,0.765625,1,257.6542972314787,9965,8863,0.23809523809523808,0.0005387807315357853,49,64
"1, 1, [2.5,5.5], [7.0600000000000005,17.259999999999998], [1.775,4.225]","CholCheck, PhysActivity, GenHlth, Age, Education",1,0.19047658995071365,0.717741935483871,1,160.64524750769047,9979,8872,0.23809523809523808,0.00033592517144079005,89,124
"[30.025,69.975], 0, 1, 0, 1, 0, [2.6799999999999997,5.32], [3.865,8.135]","BMI, PhysActivity, Fruits, HvyAlcoholConsump, AnyHealthcare, NoDocbcCost, GenHlth, Income",1,0.1981094971036366,0.723404255319149,1,218.75431299841748,9986,8877,0.38095238095238093,0.0004574370000823568,34,47
"1, 1, 0, 0, 1, 0, [2.5,5.18]","HighBP, Smoker, Stroke, HvyAlcoholConsump, AnyHealthcare, NoDocbcCost, GenHlth",1,0.2396542205262754,0.7514792899408284,1,217.23488357569448,9979,8879,0.3333333333333333,0.00045425972221550944,127,169
"1, 1, 1, [2.8200000000000003,5.96]","HighBP, Smoker, PhysActivity, GenHlth",1,0.2656597957637442,0.7671232876712328,1,203.3555983802085,9979,8879,0.19047619047619047,0.0004252367580687111,112,146
"0, 0, [-0.41999999999999993,2.84], [4.3,7.55], [3.725,8.275]","HighBP, NoDocbcCost, GenHlth, Education, Income",0,0.36869957752659616,0.8190954773869347,1,260.2582945309089,9990,8880,0.23809523809523808,0.0005442259485765233,163,199
"0, 1, 0, 1, 0, 1, 0, 1","HighChol, Stroke, PhysActivity, Veggies, HvyAlcoholConsump, AnyHealthcare, NoDocbcCost, DiffWalk",1,0.1,1.0,1,161.5,8886,8886,0.38095238095238093,0.0003377125438154678,0,0
"0, 0, 1, 0, 0, [2.5,5.32], [21.45,35.85], 1","HighBP, PhysActivity, Veggies, HvyAlcoholConsump, NoDocbcCost, GenHlth, PhysHlth, Sex",1,1.0,1.0,1,136.0,9423,8886,0.38095238095238093,0.0002843895105814466,2,2
"0, 1, 1, 0, [0.06000000000000005,8.120000000000001]","Stroke, PhysActivity, Veggies, DiffWalk, Age",0,0.2345517627009267,0.7482517482517482,1,211.87273148059958,9990,8887,0.23809523809523808,0.0004430469294950145,214,286
"1, [25.81374141476541,69.975], 0, 1, 0, [2.5,5.96], [4.48,9.52]","HighChol, BMI, Stroke, Fruits, HvyAlcoholConsump, GenHlth, Age",1,0.18593443208187066,0.7142857142857143,1,225.44231902524476,9937,8890,0.3333333333333333,0.0004714222850877625,55,77
"0, 0, 0, 0, 1, [-0.3600000000000001,2.84], 0","HighChol, Smoker, Stroke, Fruits, AnyHealthcare, GenHlth, DiffWalk",0,0.2662118732867609,0.7674418604651163,1,237.70590721317348,9934,8896,0.3333333333333333,0.0005549409287307392,33,43
"0, [0.26,1.74], 0, [1.0,7.0], [5.05,6.95]","Veggies, GenHlth, DiffWalk, Age, Education",0,0.1,1.0,1,343.5,8896,8896,0.23809523809523808,0.0007182926241524037,0,0
"1, [30.025,69.975], 1, 1, [2.5,5.5], 1, [1.775,4.225], [0.7050000000000001,3.295]","CholCheck, BMI, Fruits, Veggies, GenHlth, DiffWalk, Education, Income",1,0.620921323059155,0.9090909090909091,1,260.5801728,9911,8916,0.38095238095238093,0.0005448990280133881,10,11
"0, 0, [11.25,36.75], 0, 1, 0, [1.1600000000000001,2.84], [-11.827915292174136,6.55], [2.2199999999999998,9.780000000000001]","HighBP, HighChol, BMI, Smoker, AnyHealthcare, NoDocbcCost, GenHlth, MentHlth, Age",0,0.3066820026178275,0.7894736842105263,1,348.52230240488234,9971,8919,0.42857142857142855,0.0007287947574091427,30,38
"1, [30.025,69.975], 0, 1, 0, [2.6799999999999997,5.32], [-17.918051425657207,5.250000000000001], [7.0600000000000005,16.32]","HighBP, BMI, Smoker, Veggies, HvyAlcoholConsump, GenHlth, PhysHlth, Age",1,0.39052583328375096,0.8285714285714286,1,272.25976012171606,9844,8927,0.38095238095238093,0.0005693222053826241,29,35
"1, [30.025,69.975], 0, 0, [2.6799999999999997,5.32], [-5.250000000000001,5.250000000000001], [7.0600000000000005,16.32]","HighBP, BMI, Smoker, HvyAlcoholConsump, GenHlth, PhysHlth, Age",1,0.31940568003535064,0.7959183673469388,1,246.63346279041846,9928,8927,0.3333333333333333,0.0005157350718821656,39,49
"1, 1, 0, [1.775,4.225]","CholCheck, HeartDiseaseorAttack, HvyAlcoholConsump, Education",1,0.2149341667858102,0.7352941176470589,1,188.01091811041198,9945,8937,0.19047619047619047,0.00039314950724550366,50,68
"1, 1, 0, 1, 0, [8.2,17.259999999999998], [1.1099999999999999,4.890000000000001]","HighBP, CholCheck, HvyAlcoholConsump, AnyHealthcare, NoDocbcCost, Age, Income",1,0.18972115966825526,0.7171717171717171,1,212.0631457321881,9985,8938,0.3333333333333333,0.00044344510461131586,71,99
"0, 1, [30.025,40.87488726675879], 0, 0, [21.45,35.85]","HighChol, CholCheck, BMI, PhysActivity, HvyAlcoholConsump, PhysHlth",1,1.0,1.0,1,124.33333333333333,9896,8940,0.2857142857142857,0.00025999335158548916,3,3
"1, 0, 1, [6.46,17.259999999999998]","CholCheck, HvyAlcoholConsump, AnyHealthcare, Age",1,0.07146037913843352,0.58994708994709,1,182.84513526458818,9997,8946,0.19047619047619047,0.0004037001510071834,446,756
"1, 1, [30.025,69.975], 0, 0, 1, 1, 0, 1, 0, 1, [2.275,5.725]","HighBP, CholCheck, BMI, Stroke, HeartDiseaseorAttack, Fruits, Veggies, HvyAlcoholConsump, AnyHealthcare, NoDocbcCost, DiffWalk, Education",1,0.1134276198236865,0.6470588235294118,1,265.76341766144003,9886,8946,0.5714285714285714,0.000555737707935217,11,17
"1, 0, 1, 0, [6.04,9.96]","Smoker, Stroke, Veggies, DiffWalk, Income",0,0.06256472372210835,0.574468085106383,1,162.2400588814194,9976,8949,0.23809523809523808,0.00034984107391065124,81,141
"1, 1, 0, 1, [7.0600000000000005,17.259999999999998]","CholCheck, PhysActivity, HvyAlcoholConsump, AnyHealthcare, Age",1,0.0629442707985327,0.5751633986928104,1,227.3345327093919,9985,8958,0.23809523809523808,0.0005199898381890877,264,459
"1, 0, 0, 0, [8.84,13.16]","HighBP, Fruits, Veggies, NoDocbcCost, Age",1,0.19001178639019078,0.717391304347826,2,141.94783481938572,9957,8962,0.23809523809523808,0.0005936540481232519,33,46
"1, 1, 0, 0, 0, [2.6799999999999997,5.32], 0, [0.7749999999999999,3.225]","HighBP, HighChol, Fruits, Veggies, NoDocbcCost, GenHlth, Sex, Education",1,0.03125,0.5,1,171.0,9231,8962,0.38095238095238093,0.0003575779875693189,1,2
"1, 1, 0, 1, [2.5,5.32], 0","HighBP, HighChol, HvyAlcoholConsump, AnyHealthcare, GenHlth, DiffWalk",1,0.32199124948253766,0.7972027972027972,1,189.45811031942947,9979,8966,0.2857142857142857,0.00039617572992226664,114,143
"1, 1, 0, [2.5,5.5], [7.0600000000000005,17.259999999999998]","CholCheck, PhysActivity, HvyAlcoholConsump, GenHlth, Age",1,0.17206514639208775,0.7032967032967034,1,185.24517148138926,9979,8968,0.23809523809523808,0.0003873660562880032,192,273
"1, 1, 1, 1, 0, 1, [1.775,4.225]","HighChol, CholCheck, Stroke, HeartDiseaseorAttack, HvyAlcoholConsump, AnyHealthcare, Education",1,0.18593443208187066,0.7142857142857143,1,200.38340065280002,9805,8968,0.3333333333333333,0.0004190215973551156,10,14
"0, 0, 0, 1, 1, [-4.35,6.55], [5.705,8.295]","HighBP, HighChol, Smoker, Fruits, AnyHealthcare, MentHlth, Income",0,0.472507935984699,0.8607594936708861,1,325.74665389570737,9990,8974,0.3333333333333333,0.0006811686137863536,68,79
"0, 0, 1, 0, [-11.827915292174136,4.35], 0, [2.2199999999999998,6.78]","HighChol, Smoker, PhysActivity, NoDocbcCost, MentHlth, DiffWalk, Age",0,0.46946813692107625,0.8596491228070176,1,327.26514694166616,9990,8974,0.3333333333333333,0.0006843439335963651,49,57
"1, 0, 1, [30.025,69.975], 0, 0","HighBP, HighChol, CholCheck, BMI, HvyAlcoholConsump, NoDocbcCost",1,0.09783795953954658,0.6282051282051282,1,204.4360458615909,9935,8986,0.2857142857142857,0.00042749608108664714,49,78
"1, [30.025,69.975], 1, 1, [2.5,5.5], 1, [1.775,4.225], [0.07499999999999973,3.295]","CholCheck, BMI, Veggies, AnyHealthcare, GenHlth, DiffWalk, Education, Income",1,0.7514188428254499,0.9444444444444444,1,255.1331230570905,9911,8988,0.38095238095238093,0.0005335087058773673,17,18
"1, 1, 0, 1, 1, 0, [-11.25,11.25], [4.050000000000001,25.95], 1, [0.7050000000000001,3.9250000000000003]","HighBP, CholCheck, Stroke, Fruits, AnyHealthcare, NoDocbcCost, MentHlth, PhysHlth, DiffWalk, Income",1,0.5549289573066435,0.8888888888888888,1,281.66592,9965,8988,0.47619047619047616,0.0005889914201196537,8,9
"0, 0, [2.96239722654067,7.561320397162746], 0, 1, [0.06000000000000005,2.98]","Stroke, AnyHealthcare, MentHlth, DiffWalk, Sex, Age",0,0.0,0.0,1,113.0,8991,8991,0.2857142857142857,0.00023629422570370194,0,1
"[-5.024999999999999,57.025], 0, 1, 0, 0, [-0.41999999999999993,1.0645153309876074], [-4.35,2.96239722654067], [-5.7,5.7], 0, [0.06000000000000005,2.98]","BMI, Stroke, PhysActivity, Fruits, HvyAlcoholConsump, GenHlth, MentHlth, PhysHlth, DiffWalk, Age",0,1.0,1.0,1,475.0,9410,8991,0.47619047619047616,0.0009932721876925524,1,1
"0, 0, [-0.3600000000000001,2.84], [-9.45,9.45], 0, [1.44,9.52], [5.05,6.95], [3.725,9.24]","HighBP, Fruits, GenHlth, PhysHlth, DiffWalk, Age, Education, Income",0,0.3276800000000001,0.8,1,312.7318098361866,9934,8999,0.38095238095238093,0.0006539532819306112,20,25
"0, 0, 0, 0, [-0.41999999999999993,2.84], 0, [-0.14626762010896854,1.88]","HighChol, Stroke, HeartDiseaseorAttack, Fruits, GenHlth, DiffWalk, Age",0,1.0,1.0,1,259.0,9352,8999,0.3333333333333333,0.000541594729710255,1,1
"[30.025,69.975], 1, 0, 1, 0, [2.6799999999999997,5.32], 0, [8.2,11.8], [3.3,6.7]","BMI, Smoker, PhysActivity, Veggies, HvyAlcoholConsump, GenHlth, Sex, Age, Education",0,0.0013484773662551439,0.26666666666666666,1,242.15501367296002,9507,9000,0.42857142857142855,0.000506370189877181,4,15
"1, 0, [-0.41999999999999993,2.84], [-11.059070043073696,10.05], [-9.45,9.45], 0, 0, [6.62,15.379999999999999]","CholCheck, HeartDiseaseorAttack, GenHlth, MentHlth, PhysHlth, DiffWalk, Sex, Age",0,0.17460044373533665,0.7053571428571429,1,226.77754700290257,9989,9001,0.38095238095238093,0.0004742143794339446,79,112
"0, 0, 0, 0, 1, 0, [-4.6,8.6], [-1.127658756119719,7.155]","HighBP, HighChol, Stroke, HeartDiseaseorAttack, PhysActivity, NoDocbcCost, PhysHlth, Income",0,0.30574528370096427,0.7889908256880734,1,230.08325926661047,9969,9002,0.38095238095238093,0.0004811269521751135,86,109
"1, 0, 0, 1, [9.9,12.620000000000001]","HighBP, HeartDiseaseorAttack, HvyAlcoholConsump, NoDocbcCost, Age",1,0.13168724279835387,0.6666666666666666,2,188.0,9904,9003,0.23809523809523808,0.0007862533527839994,2,3
"1, 1, 1, [18.725,69.975], 0, 0, 0, 1, [-3.1000000000000014,13.100000000000001], 1, [7.699999999999999,14.1], [2.225,5.775], [0.07499999999999973,3.9250000000000003]","HighBP, HighChol, CholCheck, BMI, Stroke, Veggies, HvyAlcoholConsump, AnyHealthcare, MentHlth, DiffWalk, Age, Education, Income",1,0.401877572016461,0.8333333333333334,1,283.68,9659,9003,0.6190476190476191,0.0005932030614834175,5,6
"1, 1, 1, 0, 1, [1.775,4.225]","HighChol, Stroke, HeartDiseaseorAttack, HvyAlcoholConsump, AnyHealthcare, Education",1,0.1590361251087416,0.6923076923076923,1,197.45074329599998,9805,9009,0.2857142857142857,0.0004128891194845021,9,13
"1, 1, 1, 0, 0, 0, 0, 1","HighBP, HighChol, CholCheck, Smoker, Stroke, Veggies, HvyAlcoholConsump, DiffWalk",1,0.07775999999999998,0.6,2,230.90867199999997,9659,9011,0.38095238095238093,0.0009657059443984084,6,10
"0, 0, 0, 1, 0, [-5.7,8.6]","HighBP, HighChol, Stroke, PhysActivity, HvyAlcoholConsump, PhysHlth",0,0.2778514741848571,0.7740384615384616,1,302.56718671680756,9990,9013,0.2857142857142857,0.0006326980452088094,161,208
"1, 0, 1, [2.6799999999999997,5.32], [-11.25,11.25], 0","HighBP, Stroke, Veggies, GenHlth, MentHlth, DiffWalk",1,0.2516652922734306,0.7588652482269503,1,170.2775762555043,9916,9022,0.2857142857142857,0.00035606732775218987,107,141
"1, 1, [30.025,69.975], 1, 0, 1, 0, 1","HighChol, CholCheck, BMI, PhysActivity, Fruits, Veggies, HvyAlcoholConsump, AnyHealthcare",1,0.47611301541420215,0.8620689655172413,2,219.79692885301353,9979,9022,0.38095238095238093,0.0009192344268207876,25,29
"1, 1, 1, 0, 0, 1, [0.16532528381596845,5.96], 1, [6.74,17.259999999999998], [3.725,6.275]","HighBP, Stroke, Fruits, Veggies, HvyAlcoholConsump, AnyHealthcare, GenHlth, Sex, Age, Education",1,0.2373046875,0.75,1,201.75,9942,9023,0.47619047619047616,0.000421879292351521,3,4
"1, 1, 0, 0, 1, 1, [1.9933559218185102,5.96], 1, [6.74,17.259999999999998], [3.725,6.275]","Stroke, Fruits, Veggies, HvyAlcoholConsump, AnyHealthcare, NoDocbcCost, GenHlth, Sex, Age, Education",1,0.1,1.0,1,144.5,9023,9023,0.47619047619047616,0.000302163854992787,0,0
0,HvyAlcoholConsump,1,0.035448341685546274,0.5127659574468085,1,153.4827747612198,9997,9027,0.047619047619047616,0.00034425629535669226,482,940
"[7.199999999999999,54.8], 0, 0, 0, 0","BMI, Smoker, Stroke, NoDocbcCost, Sex",0,0.09848375240851535,0.6290322580645161,1,277.6097635179308,9990,9030,0.23809523809523808,0.0005805095939668784,156,248
"[30.025,69.975], 1, 0, 1, 0, 0, [8.2,11.8], [3.3,6.7], [1.795,6.205]","BMI, Smoker, PhysActivity, Veggies, HvyAlcoholConsump, Sex, Age, Education, Income",0,0.0063582343481257495,0.36363636363636365,1,222.66200320000002,9507,9031,0.42857142857142855,0.0004656083684936213,4,11
"0, 0, 0, 0, 1","HighBP, HighChol, Stroke, Fruits, DiffWalk",0,0.03125,0.5,1,121.423296,9827,9034,0.23809523809523808,0.0002539081744310744,5,10
"0, 0, [11.25,36.75], 0, [-4.6,8.6], [3.675,6.325]","HighBP, HighChol, BMI, HeartDiseaseorAttack, PhysHlth, Education",0,0.38274410024042055,0.8252427184466019,1,260.5525685716719,9990,9034,0.2857142857142857,0.0005448413048296807,170,206
"1, [1.75,69.975], 0, 1, 0, 1, [2.6799999999999997,5.32], [-11.25,11.25], 0, 1","HighBP, BMI, Stroke, PhysActivity, Fruits, AnyHealthcare, GenHlth, MentHlth, DiffWalk, Sex",1,0.28462802079628785,0.7777777777777778,1,190.63406979651006,9817,9035,0.47619047619047616,0.000398634778011609,21,27
"0, 0, 0, 1, 0, [1.88,5.9399999999999995]","HighBP, HighChol, Smoker, AnyHealthcare, DiffWalk, Age",0,0.512908935546875,0.875,1,283.2364518639717,9934,9042,0.2857142857142857,0.0005922755582677969,49,56
"0, 0, 0, 0, 1, 0, [-4.6,8.6], 0, [1.0,8.120000000000001]","HighBP, HighChol, Smoker, HeartDiseaseorAttack, PhysActivity, NoDocbcCost, PhysHlth, DiffWalk, Age",0,0.6168470502422613,0.9078947368421053,1,361.7930876810377,9990,9042,0.42857142857142855,0.0007565452877747111,69,76
"1, 0, 0, [2.5,4.6]","HighChol, Smoker, Fruits, GenHlth",1,0.21208362139917689,0.7333333333333333,2,183.40755542252822,9957,9043,0.19047619047619047,0.0007670468371110638,33,45
"0, 1, 0, 0, 1, 1, [-0.41999999999999993,2.8200000000000003], 0","HighBP, HighChol, Smoker, Stroke, PhysActivity, AnyHealthcare, GenHlth, DiffWalk",0,0.20692368334273162,0.7297297297297297,1,198.4192144390164,9913,9044,0.38095238095238093,0.00041491428885490425,27,37
"0, 0, 0, [2.2,5.8], [5.795,10.205]","HighBP, Smoker, DiffWalk, Education, Income",0,0.3083343802703055,0.7903225806451613,1,264.8358745576571,9971,9044,0.23809523809523808,0.0005537981231607462,49,62
"[7.199999999999999,54.8], 0, 0, [0.05999999999999994,1.94], 0","BMI, Smoker, NoDocbcCost, GenHlth, DiffWalk",0,0.7737809374999998,0.95,1,274.4467723492909,9990,9047,0.23809523809523808,0.0005738954652137686,57,60
"1, 1, [25.81374141476541,44.25], 1, 1, [2.5,5.96], [19.200000000000003,40.8], 1, [8.56,11.8], [0.8650000000000002,5.135]","HighChol, CholCheck, BMI, HeartDiseaseorAttack, AnyHealthcare, GenHlth, PhysHlth, DiffWalk, Age, Income",1,1.0,1.0,1,270.7424,9965,9048,0.47619047619047616,0.0005661492546297518,8,8
"1, 1, 1, 0, 1, 1","HighChol, CholCheck, HeartDiseaseorAttack, HvyAlcoholConsump, AnyHealthcare, DiffWalk",1,0.3757907202492844,0.8222222222222222,1,264.75370299233157,9986,9050,0.2857142857142857,0.0005536262942545209,37,45
"1, [11.024999999999999,50.975], 0, [2.5,5.28], 1, [7.699999999999999,16.9]","HighChol, BMI, HvyAlcoholConsump, GenHlth, DiffWalk, Age",1,0.32049431460831423,0.7964601769911505,1,251.238644815358,9965,9050,0.2857142857142857,0.0005253649649866585,90,113
"1, [30.025,69.975], 1, 0, [2.7199999999999998,5.32], [-11.25,11.25], [-9.799999999999999,11.799999999999999]","CholCheck, BMI, Veggies, HvyAlcoholConsump, GenHlth, MentHlth, PhysHlth",1,0.1466370908400507,0.6811594202898551,1,245.14067171165672,9945,9053,0.3333333333333333,0.0005126134974388612,94,138
"[30.025,69.975], 0, 1, [2.6799999999999997,5.32]","BMI, HvyAlcoholConsump, AnyHealthcare, GenHlth",1,0.21892911624805347,0.7380073800738007,1,225.7541160117741,9986,9053,0.19047619047619047,0.00047207428356129083,200,271
"0, [30.025,69.975], 0, 1, 1, [2.6799999999999997,5.32], [-11.25,11.25], 1, 1","HighBP, BMI, PhysActivity, Veggies, AnyHealthcare, GenHlth, MentHlth, DiffWalk, Sex",1,1.0,1.0,1,174.33333333333334,9423,9056,0.42857142857142855,0.00036454831871102103,3,3
"[30.025,69.975], 1, 1, [4.38,7.62]","BMI, Smoker, AnyHealthcare, Age",1,0.20346349914002398,0.7272727272727273,1,161.0464361995325,9986,9056,0.19047619047619047,0.0003367640968505236,24,33
"0, 1, 1, 1, 0, [-1.377982227511532,2.5], 0","HighBP, CholCheck, Smoker, PhysActivity, Fruits, GenHlth, Sex",0,0.16806999999999994,0.7,1,149.198912,9989,9057,0.3333333333333333,0.00031198974678650236,7,10
"0, 0, 1, 0, 1, 0, [2.5,5.32], 1","HighBP, PhysActivity, Veggies, HvyAlcoholConsump, AnyHealthcare, NoDocbcCost, GenHlth, Sex",1,0.043151275720164604,0.5333333333333333,1,122.54304495616,9938,9058,0.38095238095238093,0.00025624968073707755,8,15
"1, 1, [30.025,69.975], 1, 0, 1, 0","HighBP, CholCheck, BMI, Smoker, Stroke, AnyHealthcare, NoDocbcCost",1,0.27550608968587587,0.7727272727272727,1,244.85317654326002,9979,9059,0.3333333333333333,0.0005120123164812519,68,88
"1, [11.024999999999999,50.975], 0, [2.5,5.28], [-7.9,11.9], 1, [7.699999999999999,16.9]","HighChol, BMI, HvyAlcoholConsump, GenHlth, PhysHlth, DiffWalk, Age",1,0.26150027784488145,0.7647058823529411,1,218.0047985150802,9945,9064,0.3333333333333333,0.00045586969083904805,39,51
"1, [11.024999999999999,50.975], 1, 0, 1, [2.5,5.28], 1, [7.699999999999999,16.9]","HighChol, BMI, Fruits, HvyAlcoholConsump, AnyHealthcare, GenHlth, DiffWalk, Age",1,0.2669329234418463,0.7678571428571429,1,268.33430904028626,9965,9064,0.38095238095238093,0.0005611136972071886,43,56
"1, 1, 1, 0, 0, 0, 1","HighBP, HighChol, CholCheck, Smoker, Stroke, Veggies, DiffWalk",1,0.05292214940134466,0.5555555555555556,1,235.93856,9659,9065,0.3333333333333333,0.0004933709676889064,5,9
"0, 0, 0, 1, [0.4670686734677377,1.94], 0, [3.725,6.275]","Smoker, Stroke, HvyAlcoholConsump, AnyHealthcare, GenHlth, DiffWalk, Education",0,0.7241964340209961,0.9375,1,286.679367239409,9990,9071,0.3333333333333333,0.0005994750363456935,45,48
"0, 0, 1, 0, [-6.15,6.15], [-4.65,4.65], 0, [0.28000000000000025,8.120000000000001], [3.828635529445063,6.275]","Smoker, Stroke, Veggies, HvyAlcoholConsump, MentHlth, PhysHlth, Sex, Age, Education",0,0.26274433020213567,0.7654320987654321,1,297.7280564281278,9990,9071,0.42857142857142855,0.0006225789430438277,62,81
"1, 1, 0, 0, 1, [1.38,2.62], [7.699999999999999,17.259999999999998]","CholCheck, HeartDiseaseorAttack, PhysActivity, HvyAlcoholConsump, AnyHealthcare, GenHlth, Age",1,0.03125,0.5,1,133.52,9881,9072,0.3333333333333333,0.00027920358421202024,3,6
"1, 1, 0, 1, [2.6799999999999997,5.32], [-11.25,11.25], 0","HighBP, CholCheck, Stroke, Veggies, GenHlth, MentHlth, DiffWalk",1,0.2525507508740895,0.7593984962406015,1,170.27757625599526,9916,9074,0.3333333333333333,0.0003560673277532165,101,133
"0, 0, 0, 0, [-5.7,5.7]","HighBP, Smoker, Stroke, HvyAlcoholConsump, MentHlth",0,0.21643539739450499,0.736318407960199,1,302.0114478710219,9990,9076,0.23809523809523808,0.0006315359400737794,148,201
"0, 1, 0, 1, 0, [-0.3600000000000001,2.84], [0.09999999999999964,19.9], 0, 0","HighChol, CholCheck, HvyAlcoholConsump, AnyHealthcare, NoDocbcCost, GenHlth, MentHlth, DiffWalk, Sex",0,0.5417169694823225,0.8846153846153846,1,334.5313212364351,9825,9082,0.42857142857142855,0.000699538225886724,23,26
"1, [11.25,36.75], 0, 0, 1, [-0.3600000000000001,3.26], 0, 0","CholCheck, BMI, Smoker, HeartDiseaseorAttack, Veggies, GenHlth, DiffWalk, Sex",0,0.22258822847796308,0.7404580152671756,1,295.6216147919995,9990,9082,0.38095238095238093,0.0006181741643234829,97,131
"1, 1, 0, 0, 0, 0, [2.5,4.6], [2.225,5.775], [5.41,10.59]","HighBP, HighChol, Stroke, HeartDiseaseorAttack, Fruits, HvyAlcoholConsump, GenHlth, Education, Income",1,0.2373046875,0.75,1,209.94802536448,9837,9084,0.42857142857142855,0.0004390221778010706,12,16
"0, 0, [3.6000000000000014,44.4], 0, 1, 0, [0.06000000000000005,6.23423904202776], [3.15,6.85]","HighBP, CholCheck, BMI, HeartDiseaseorAttack, PhysActivity, DiffWalk, Age, Education",0,1.0,1.0,1,256.0,9788,9088,0.38095238095238093,0.000535321431682723,5,5
"0, 0, 0, 1, 0, [1.88,7.0]","HighBP, HighChol, HeartDiseaseorAttack, PhysActivity, DiffWalk, Age",0,0.5510429154816828,0.8876404494382022,1,307.922615292737,9990,9088,0.2857142857142857,0.0006438967783827981,79,89
"1, 1, [30.025,69.975], 1, 1, 0, 1, [3.0749999999999997,6.925000000000001]","HighBP, CholCheck, BMI, HeartDiseaseorAttack, Veggies, HvyAlcoholConsump, AnyHealthcare, Income",1,0.620921323059155,0.9090909090909091,2,282.6151936,9937,9091,0.38095238095238093,0.0011819528910409526,10,11
"1, 1, [2.6799999999999997,7.193397233716988], 1, [7.699999999999999,17.259999999999998]","HighChol, PhysActivity, GenHlth, Sex, Age",1,0.3079461476574386,0.7901234567901234,1,201.50971331712373,9965,9091,0.23809523809523808,0.0004213768290269443,64,81
"1, 1, 0, 1, 0, [10.799999999999999,31.200000000000003], [4.04,7.96]","HighChol, CholCheck, HvyAlcoholConsump, AnyHealthcare, NoDocbcCost, PhysHlth, Income",1,0.3173112237881989,0.7948717948717948,1,226.94730387667678,9986,9094,0.3333333333333333,0.0004745693579210805,31,39
"0, 0, 1, 0, 0, [0.06000000000000005,9.08], [4.95,7.05]","Smoker, HeartDiseaseorAttack, PhysActivity, HvyAlcoholConsump, DiffWalk, Age, Education",0,0.19942023589316166,0.7243589743589743,1,298.21414118626956,9990,9096,0.3333333333333333,0.0006235953945619825,113,156
"1, 1, 1, 1, [2.6799999999999997,5.5], [22.5,37.5], [7.699999999999999,11.8]","HighBP, HighChol, Smoker, PhysActivity, GenHlth, MentHlth, Age",1,0.03125,0.5,1,146.9696,9904,9105,0.3333333333333333,0.0003073280339290513,4,8
"1, 1, 0, [2.5,7.193397233716988], [7.0600000000000005,17.259999999999998]","CholCheck, PhysActivity, HvyAlcoholConsump, GenHlth, Age",1,0.16656849086920136,0.698744769874477,2,185.24517148138926,9979,9105,0.23809523809523808,0.0007747321125760064,167,239
"1, [30.025,69.975], 1, 0, 0, [25.8,34.2], [4.38,7.62]","HighBP, BMI, Smoker, Veggies, HvyAlcoholConsump, PhysHlth, Age",1,1.0,1.0,1,155.0,9986,9107,0.3333333333333333,0.0003241203980891487,1,1
"1, [2.6799999999999997,5.32], 1","AnyHealthcare, GenHlth, DiffWalk",1,0.2550063900805163,0.7608695652173914,2,211.62766373603597,9986,9107,0.14285714285714285,0.0008850689369909739,140,184
"1, 1, 1, [2.6799999999999997,7.193397233716988], 1, [7.699999999999999,17.259999999999998]","HighChol, HeartDiseaseorAttack, PhysActivity, GenHlth, Sex, Age",1,0.3787874412704941,0.8235294117647058,1,267.0006351564187,9965,9108,0.2857142857142857,0.0005583248526255095,28,34
"1, 0, [7.0600000000000005,17.259999999999998]","CholCheck, HvyAlcoholConsump, Age",1,0.07624467900762576,0.5976430976430976,1,183.83893821453756,9997,9109,0.14285714285714285,0.0004062978268762137,355,594
"1, 1, 1, 0, [2.5,7.193397233716988], [7.0600000000000005,17.259999999999998]","HighBP, CholCheck, PhysActivity, HvyAlcoholConsump, GenHlth, Age",1,0.28584750495952904,0.7784431137724551,1,193.17324700408057,9979,9109,0.2857142857142857,0.0004039444498008777,130,167
"0, 0, 1, 0, 1, [-0.41999999999999993,2.5], 0, [1.88,8.120000000000001], [2.7,5.3], [6.04,9.96]","HighBP, HighChol, CholCheck, Stroke, AnyHealthcare, GenHlth, DiffWalk, Age, Education, Income",0,0.49717673529828965,0.8695652173913043,1,280.1703789015286,9976,9115,0.47619047619047616,0.0005858640951119424,20,23
"0, 1, 0, 0, 0, 1, 0, 0, [1.44,8.120000000000001], [6.005,9.995000000000001]","HighChol, Smoker, Stroke, HeartDiseaseorAttack, Fruits, Veggies, DiffWalk, Sex, Age, Income",0,0.2373046875,0.75,1,215.5,9976,9115,0.47619047619047616,0.0004506319083110422,3,4
"0, 0, 0, 1","Stroke, Veggies, HvyAlcoholConsump, AnyHealthcare",1,0.08123088727470104,0.6052631578947368,1,146.76916947063702,9961,9117,0.19047619047619047,0.0003069089137808813,92,152
"1, 1, 0, 1, 1, 0, 0","CholCheck, Smoker, Stroke, HeartDiseaseorAttack, Fruits, Veggies, HvyAlcoholConsump",1,0.03125,0.5,1,174.10841599999998,9878,9117,0.3333333333333333,0.0003640779942231684,5,10
"0, [-11.25,11.25], [1.7599999999999998,6.24]","NoDocbcCost, MentHlth, Income",1,0.0673979327862837,0.5830815709969789,1,170.6744960827202,9997,9121,0.14285714285714285,0.00037972925405267536,193,331
"0, 0, 1, 0, [-0.41999999999999993,2.8200000000000003], [-4.35,2.96239722654067], 0, 0, [0.06000000000000005,2.98]","Smoker, Stroke, PhysActivity, HvyAlcoholConsump, GenHlth, MentHlth, DiffWalk, Sex, Age",0,1.0,1.0,1,370.2,9434,9124,0.42857142857142855,0.0007741249765974377,5,5
"1, 1, [12.124999999999998,41.875], 1, [3.4,4.6], [13.25,26.75], [-8.55,8.55], 0","HighBP, HighChol, BMI, PhysActivity, GenHlth, MentHlth, PhysHlth, Sex",1,0.04626643660379603,0.8571428571428571,1,174.68126464,9130,9130,0.38095238095238093,0.0003652758776376305,0,0
"1, 1, [12.124999999999998,41.875], 1, [3.4,4.6], [-8.55,8.55], 0","HighBP, HighChol, BMI, PhysActivity, GenHlth, PhysHlth, Sex",0,3.0517578125e-05,0.125,1,185.4336,9454,9130,0.3333333333333333,0.0003877600790393804,1,8
"0, 0, 0, [-4.95,4.95], [-9.9,8.6]","HighChol, Smoker, Stroke, MentHlth, PhysHlth",0,0.18905406764403293,0.7166666666666667,1,245.449723717064,9990,9131,0.23809523809523808,0.0005751822907304997,129,180
"1, 0, [-7.65,7.65], 1, [9.1,17.259999999999998], [2.425,5.575]","HeartDiseaseorAttack, HvyAlcoholConsump, MentHlth, Sex, Age, Education",1,0.3437397318290407,0.8076923076923077,1,198.29783172869207,9901,9138,0.2857142857142857,0.00041466046554915285,21,26
"1, 1, 1, 0, 0, 1, 1, [8.56,11.8]","HighBP, Smoker, HeartDiseaseorAttack, Fruits, HvyAlcoholConsump, AnyHealthcare, DiffWalk, Age",1,0.46266436603796024,0.8571428571428571,1,224.256,9777,9139,0.38095238095238093,0.00046894157415406534,6,7
"1, 1, [1.75,44.25], 1, 1, 0, 1, [4.6,7.4]","HighBP, CholCheck, BMI, Smoker, HeartDiseaseorAttack, Fruits, AnyHealthcare, Education",1,0.26150027784488145,0.7647058823529411,1,192.0367644729344,9863,9139,0.38095238095238093,0.00040156795192722316,13,17
"0, 0, 0, 0, 1, 0, 1, 0, [3.8499999999999996,6.15]","HighBP, HighChol, Stroke, HeartDiseaseorAttack, PhysActivity, Fruits, Veggies, DiffWalk, Education",0,0.3933994473226094,0.8297872340425532,2,294.21831929390964,9934,9142,0.42857142857142855,0.0012304794680601582,39,47
"1, [25.81374141476541,69.975], 0, 1, [4.402738716135481,5.96], [0.8650000000000002,5.135]","HighChol, BMI, HvyAlcoholConsump, AnyHealthcare, GenHlth, Income",1,0.3437397318290407,0.8076923076923077,2,307.0455934599869,9965,9145,0.2857142857142857,0.0012841256772099336,21,26
"[-6.050000000000001,57.025], 0, 0, 1, 0, [-0.3600000000000001,2.630094518367552], 0, [5.795,10.205]","BMI, Smoker, Stroke, PhysActivity, HvyAlcoholConsump, GenHlth, DiffWalk, Income",0,0.3666478320532007,0.8181818181818182,1,313.186224079601,9990,9147,0.38095238095238093,0.0006549035072562426,99,121
"1, 0, 0, 0, [-0.41999999999999993,2.8200000000000003], [-5.7,5.7], 0, [0.06000000000000005,2.98]","CholCheck, Smoker, Stroke, HvyAlcoholConsump, GenHlth, PhysHlth, DiffWalk, Age",0,1.0,1.0,1,223.28860778496,9969,9149,0.38095238095238093,0.0004669186609292453,15,15
"[1.75,69.975], 1, 1, 1, 0, 1, [1.775,4.225]","BMI, Stroke, HeartDiseaseorAttack, Veggies, HvyAlcoholConsump, AnyHealthcare, Education",1,0.3276800000000001,0.8,1,204.325184,9805,9152,0.3333333333333333,0.0004272642579207649,8,10
"1, 1, 1, 1, 1, 0, 0","HighBP, HighChol, Smoker, HeartDiseaseorAttack, PhysActivity, Fruits, HvyAlcoholConsump",1,0.13168724279835387,0.6666666666666666,1,170.2264920845517,9945,9152,0.3333333333333333,0.00035596050567589813,12,18
"1, 0, 1, [2.5,5.96], 0, [4.48,8.76], [0.8650000000000002,5.135]","HighChol, Fruits, AnyHealthcare, GenHlth, Sex, Age, Income",1,0.18593443208187066,0.7142857142857143,1,158.13411420159997,9921,9154,0.3333333333333333,0.00033067414223546764,10,14
"1, [25.81374141476541,69.975], 0, [2.5,4.6], [3.2399999999999998,9.52], [2.15,5.85]","HighChol, BMI, Smoker, GenHlth, Age, Education",1,0.25126003423796484,0.7586206896551724,1,151.91828441110366,9921,9154,0.2857142857142857,0.00031767622464740276,22,29
"[-6.050000000000001,57.025], 0, 0, 1, 0, [-0.41999999999999993,2.630094518367552], [0.5504381977993837,14.1], 0, [5.795,10.205]","BMI, Smoker, Stroke, PhysActivity, Fruits, GenHlth, PhysHlth, DiffWalk, Income",0,0.13168724279835387,0.6666666666666666,1,327.68,9893,9155,0.42857142857142855,0.0006852114325538854,4,6
"0, 0, 0, 1, 0, 0","HighBP, Smoker, Stroke, PhysActivity, HvyAlcoholConsump, DiffWalk",0,0.3150784435939788,0.79375,1,303.7462822847513,9990,9155,0.2857142857142857,0.0006351636511756938,127,160
"1, 1, [30.025,69.975], 1, 0, 0, 0","HighChol, CholCheck, BMI, Smoker, Stroke, PhysActivity, HvyAlcoholConsump",1,0.7685738168758914,0.9487179487179487,1,202.81757741208253,9961,9161,0.3333333333333333,0.0004241117027760059,37,39
"1, 1, [30.025,69.975], 1, 0, 0, 0, [8.2,11.8], [5.25,6.75]","HighChol, CholCheck, BMI, Smoker, Stroke, PhysActivity, HvyAlcoholConsump, Age, Education",1,1.0,1.0,1,229.0,9702,9161,0.42857142857142855,0.0004788617494349358,4,4
"1, 0, [2.5,5.96], 0, [4.48,8.76]","HighChol, Fruits, GenHlth, Sex, Age",1,0.07204491900081343,0.5909090909090909,1,157.13494188131483,9921,9162,0.23809523809523808,0.00032858477365346457,13,22
"1, 0, 0, 1, [0.8650000000000002,5.135]","HighChol, Smoker, Fruits, AnyHealthcare, Income",1,0.5417169694823225,0.8846153846153846,1,165.3326904572744,9957,9162,0.23809523809523808,0.0003457270803107211,23,26
"[30.025,69.975], 1, 0, 0, [2.6799999999999997,5.32], [-9.15,9.15], [8.2,11.8], [3.3,6.7]","BMI, Smoker, PhysActivity, HvyAlcoholConsump, GenHlth, PhysHlth, Age, Education",1,0.43375716751999094,0.8461538461538461,1,244.792939008,9942,9164,0.38095238095238093,0.0005118863538108752,11,13
"[30.025,69.975], 1, 0, 0, 0, [2.6799999999999997,5.32], [8.2,11.8], [3.3,6.7]","BMI, Smoker, HeartDiseaseorAttack, PhysActivity, HvyAlcoholConsump, GenHlth, Age, Education",1,0.34765472254481466,0.8095238095238095,1,242.3979500807245,9942,9164,0.38095238095238093,0.0005068781940397292,17,21
"1, [33.275,69.975], 1, 0, 1, 0, [2.5,5.32], [-3.0500000000000007,11.05], 1","HighBP, BMI, Smoker, PhysActivity, Fruits, NoDocbcCost, GenHlth, MentHlth, Sex",1,1.0,1.0,2,247.11200000000002,9961,9169,0.42857142857142855,0.001033471481452977,8,8
"0, 1, 1, 1, 0, [-1.377982227511532,2.5], [-8.25,8.25], 0","HighBP, CholCheck, Smoker, PhysActivity, Fruits, GenHlth, PhysHlth, Sex",0,0.095367431640625,0.625,1,146.9584,9989,9173,0.38095238095238093,0.00030730461361641516,5,8
"0, 1, 1, 1, 0, 0, [-1.377982227511532,2.5], [-9.9,9.9], 0","HighBP, CholCheck, Smoker, PhysActivity, Fruits, HvyAlcoholConsump, GenHlth, MentHlth, Sex",0,0.06092699470458736,0.5714285714285714,1,152.10399999999998,9989,9173,0.42857142857142855,0.00031806457439323784,4,7
"0, 0, 0, 0, 1, 0, 1, 0, [1.8688239019799175,6.15]","HighBP, HighChol, Stroke, HeartDiseaseorAttack, PhysActivity, Fruits, Veggies, DiffWalk, Education",0,0.3109652044351208,0.7916666666666666,1,291.85834804793217,9934,9174,0.42857142857142855,0.0006103047997092716,38,48
"1, 0, 0, 1, [2.5,5.32], 1, [0.7749999999999999,3.7]","HighBP, Veggies, HvyAlcoholConsump, AnyHealthcare, GenHlth, DiffWalk, Education",1,0.06092699470458736,0.5714285714285714,1,218.56,9896,9178,0.3333333333333333,0.00045703067229912477,4,7
"0, 1, 0, 1, [-0.3600000000000001,2.5], [0.09999999999999964,19.9], [-9.9,9.9], 0, 0, [0.0,6.0]","HighChol, PhysActivity, HvyAlcoholConsump, AnyHealthcare, GenHlth, MentHlth, PhysHlth, DiffWalk, Sex, Age",0,1.0,1.0,1,394.3300736,9763,9181,0.47619047619047616,0.000824583357637131,11,11
"0, 1, 0, 1, 0, [-0.41999999999999993,2.84], 0, [5.635,8.365]","HighChol, CholCheck, HvyAlcoholConsump, AnyHealthcare, NoDocbcCost, GenHlth, DiffWalk, Income",0,0.27762644465653863,0.7739130434782608,1,276.364105952761,9990,9181,0.38095238095238093,0.0005779048002513585,89,115
"1, 1, [25.81374141476541,64.725], 0, 0, 0, 0, [4.402738716135481,5.96], 1, [6.46,13.54], [0.8650000000000002,5.135]","HighChol, CholCheck, BMI, Stroke, HeartDiseaseorAttack, PhysActivity, HvyAlcoholConsump, GenHlth, DiffWalk, Age, Income",1,0.46266436603796024,0.8571428571428571,1,212.152,9727,9187,0.5238095238095238,0.0004436309077123166,6,7
"1, 1, [33.275,69.975], 0, 0, 1, 1, [4.5,13.5]","HighBP, HighChol, BMI, Smoker, HvyAlcoholConsump, AnyHealthcare, DiffWalk, Age",1,0.6472278485082303,0.9166666666666666,1,295.54200576000005,9765,9187,0.38095238095238093,0.0006180076939290109,11,12
"1, 1, 1, 1, 0, 1, [7.699999999999999,17.259999999999998]","HighBP, HighChol, CholCheck, Smoker, NoDocbcCost, DiffWalk, Age",1,0.4293934488306322,0.8444444444444444,2,272.70951634697747,9965,9190,0.3333333333333333,0.0011405253806591167,38,45
"1, 1, 0, 1, [0.07499999999999973,3.9250000000000003]","HighBP, CholCheck, HvyAlcoholConsump, DiffWalk, Income",1,0.17405764484871927,0.7049180327868853,1,176.35977767315686,9965,9190,0.23809523809523808,0.0003687858151376604,43,61
"0, 1, 1, 1, 0, [1.88,8.120000000000001]","HeartDiseaseorAttack, PhysActivity, Veggies, AnyHealthcare, Sex, Age",0,0.2490501971885597,0.7572815533980582,1,262.8192412722889,9990,9195,0.2857142857142857,0.0005495811426236277,78,103
"1, 1, 1, 0, 0, 0, [8.84,13.16], [4.6,7.4]","HighBP, HighChol, HeartDiseaseorAttack, Fruits, Veggies, Sex, Age, Education",1,1.0,1.0,1,231.5,9702,9196,0.38095238095238093,0.0004840894977912124,2,2
"1, 1, [1.75,44.25], 1, 0, 1, 0, [2.6799999999999997,4.6]","HighBP, CholCheck, BMI, Smoker, Fruits, AnyHealthcare, NoDocbcCost, GenHlth",1,0.2438596708938226,0.7540983606557377,1,190.94276411969562,9979,9196,0.38095238095238093,0.0003992802885078591,46,61
"1, 1, 0, 0, 1, 0, [7.0600000000000005,7.489174200049248]","Stroke, HeartDiseaseorAttack, PhysActivity, HvyAlcoholConsump, AnyHealthcare, Sex, Age",1,0.1,1.0,1,240.0,9200,9200,0.3333333333333333,0.0005018638422025528,0,0
"1, 1, 1, [30.025,69.975], 1, 0, 1","HighBP, HighChol, CholCheck, BMI, HeartDiseaseorAttack, HvyAlcoholConsump, AnyHealthcare",1,0.7451255881477955,0.9428571428571428,3,271.85569899236356,9986,9200,0.3333333333333333,0.001705431820262103,33,35
"1, 1, 1, 0, 0, 1, [1.94,4.0600000000000005], 1, [0.07499999999999973,3.9250000000000003]","HighChol, CholCheck, PhysActivity, Fruits, HvyAlcoholConsump, AnyHealthcare, GenHlth, DiffWalk, Income",1,0.03125,0.5,1,187.48,9904,9208,0.42857142857142855,0.00039203930473389416,3,6
"1, [30.025,69.975], 0, 1, 0, 1","CholCheck, BMI, Fruits, Veggies, HvyAlcoholConsump, NoDocbcCost",1,0.28462802079628785,0.7777777777777778,1,152.76288,9945,9208,0.2857142857142857,0.0003194423579280313,7,9
"0, 1, 0, 0, [1.0,8.120000000000001], [3.725,6.95]","Smoker, Fruits, NoDocbcCost, DiffWalk, Age, Education",0,0.254248345462383,0.7604166666666666,1,275.0683293365991,9990,9210,0.2857142857142857,0.0005751952026212617,73,96
"[11.25,26.33237163771839], 0, 0, 0, [1.0,8.120000000000001], [3.725,6.95]","BMI, Smoker, NoDocbcCost, DiffWalk, Age, Education",0,0.5792642820741052,0.896551724137931,1,272.341731431696,9990,9210,0.2857142857142857,0.0006454746152940721,52,58
"[-8.325000000000003,50.325], 0, 0, [-0.41999999999999993,2.3600000000000003], [-9.15,9.15], [-5.7,9.0], 0, 0, [4.48,8.120000000000001]","BMI, Stroke, NoDocbcCost, GenHlth, MentHlth, PhysHlth, DiffWalk, Sex, Age",0,0.36250963708328304,0.8163265306122449,1,297.79550777210943,9990,9214,0.42857142857142855,0.0006227199905048793,40,49
"1, 1, 0, 0, [2.5,5.5], [0.34999999999999964,9.65], [7.0600000000000005,11.8], [3.6199999999999997,8.38]","HighBP, HighChol, HvyAlcoholConsump, NoDocbcCost, GenHlth, MentHlth, Age, Income",1,0.708245596707819,0.9333333333333333,1,240.03249416192,9699,9215,0.38095238095238093,0.0005019317907231792,14,15
"1, 0, 1, [-0.41999999999999993,2.5], 0, 0, [0.0,6.0], [5.635,8.365]","PhysActivity, HvyAlcoholConsump, AnyHealthcare, GenHlth, DiffWalk, Sex, Age, Income",0,0.7835261664684589,0.9523809523809523,1,391.5337841766787,9788,9217,0.38095238095238093,0.0008187360386625543,20,21
"1, [3.1750000000000007,44.825], 0, 1, 0","HighChol, BMI, HvyAlcoholConsump, AnyHealthcare, NoDocbcCost",1,0.09715775894612545,0.6273291925465838,1,173.6229308364053,9986,9225,0.23809523809523808,0.00037959446898684347,202,322
"1, 1, 0, 1, [-0.3600000000000003,6.36]","HighChol, CholCheck, Stroke, AnyHealthcare, Age",1,0.0357074950308936,0.5135135135135135,1,143.73053040863556,9921,9225,0.23809523809523808,0.0003005548176362029,19,37
"1, [30.025,64.2], 1, 1, 1, 0, [7.699999999999999,17.259999999999998]","CholCheck, BMI, HeartDiseaseorAttack, Veggies, AnyHealthcare, Sex, Age",1,0.5904900000000001,0.9,1,264.07206400000007,9985,9227,0.3333333333333333,0.000552200919405827,9,10
"1, 1, 0","HighChol, CholCheck, HvyAlcoholConsump",1,0.10004652392396562,0.6310160427807486,1,133.70032323570274,9986,9231,0.14285714285714285,0.0002752417958554194,236,374
"0, 1, 0, 0, 1, [4.04,5.96], 1","Stroke, Fruits, Veggies, HvyAlcoholConsump, AnyHealthcare, GenHlth, DiffWalk",1,0.03125,0.5,1,216.16,9305,9233,0.3333333333333333,0.0004520120338770992,3,6
"0, 1, 0, 0, 1, 0, [4.04,5.96], 1","HighBP, CholCheck, Smoker, Stroke, Fruits, Veggies, GenHlth, DiffWalk",1,0.1,1.0,1,219.75,9233,9233,0.38095238095238093,0.0004595190805167124,0,0
"0, 1, 0, [1.0,8.120000000000001], [3.725,6.95], [6.355,9.645]","Smoker, AnyHealthcare, NoDocbcCost, Age, Education, Income",0,0.2490501971885597,0.7572815533980582,1,273.5460147011991,9990,9235,0.2857142857142857,0.0005720118914880824,78,103
"0, 0, [11.25,26.33237163771839], 0, 0, 0, 0, [1.88,8.120000000000001]","HighBP, HighChol, BMI, Smoker, HeartDiseaseorAttack, DiffWalk, Sex, Age",0,1.0,1.0,1,354.71110735523996,9990,9235,0.38095238095238093,0.0007417361633717622,24,24
"1, 1, 1, 1, 1, 0, 1, [2.5,5.96], [20.55,39.45], [7.699999999999999,16.9]","HighChol, CholCheck, Smoker, HeartDiseaseorAttack, Veggies, HvyAlcoholConsump, AnyHealthcare, GenHlth, MentHlth, Age",1,0.2373046875,0.75,1,212.0,9937,9239,0.47619047619047616,0.000443313060612255,3,4
"1, 1, [30.025,69.975], 0, 0, 0, [5.9799999999999995,14.02]","HighChol, CholCheck, BMI, Stroke, PhysActivity, HvyAlcoholConsump, Age",1,0.3344500190985326,0.8032786885245902,2,215.23032889281583,9961,9239,0.3333333333333333,0.0009001359984722306,49,61
"0, 0, 0, 1, 0, [-0.41999999999999993,1.5], [-5.3999999999999995,5.3999999999999995], [-5.55,5.55]","HighBP, HighChol, Stroke, PhysActivity, Fruits, GenHlth, MentHlth, PhysHlth",1,0.0,0.0,1,345.8176,9241,9241,0.38095238095238093,0.0007231389559886064,0,8
"0, 0, 0, 1, 0, 1, [0.5,2.3600000000000003], [-4.6,8.6], 0, [4.16,11.84]","HighBP, HighChol, Stroke, PhysActivity, Fruits, Veggies, GenHlth, PhysHlth, DiffWalk, Age",0,0.19649623617673456,0.7222222222222222,1,294.351593971712,9766,9241,0.47619047619047616,0.0006155184246212049,13,18
"1, 0, 1, 0, 0, [2.5,5.32], [-3.0500000000000007,11.05], 1, [6.74,17.259999999999998], [3.725,6.275]","HighBP, PhysActivity, Fruits, HvyAlcoholConsump, NoDocbcCost, GenHlth, MentHlth, Sex, Age, Education",1,0.21720617794361205,0.7368421052631579,1,228.6174151829094,9961,9244,0.47619047619047616,0.0004780617265754631,14,19
"1, [33.275,69.975], 1, 0, 1, 1, 0, 1","HighBP, BMI, Smoker, HeartDiseaseorAttack, Fruits, AnyHealthcare, NoDocbcCost, Sex",1,1.0,1.0,1,243.83520000000001,9961,9244,0.38095238095238093,0.0005098836264009496,8,8
"0, 0, 1, 0, [1.0,8.120000000000001], [3.725,6.95], [6.355,9.645]","Smoker, HvyAlcoholConsump, AnyHealthcare, NoDocbcCost, Age, Education, Income",0,0.23333647121053863,0.7474747474747475,1,273.5459956561432,9990,9255,0.3333333333333333,0.0005720118516629785,74,99
"1, [9.8,64.2], 1, 0, [2.06,5.5], 1, [7.0600000000000005,12.48], [1.775,4.225]","HighBP, BMI, Veggies, NoDocbcCost, GenHlth, Sex, Age, Education",1,0.34765472254481466,0.8095238095238095,1,202.02365071345582,9871,9258,0.38095238095238093,0.000422451523178506,17,21
"1, 1, 1, 1, 0, 1, [7.699999999999999,12.94], [3.75,6.25]","HighBP, HighChol, CholCheck, HeartDiseaseorAttack, NoDocbcCost, DiffWalk, Age, Education",1,0.512908935546875,0.875,1,303.867949113344,9965,9262,0.38095238095238093,0.0006354180686009693,14,16
"1, 1, 0, [7.0600000000000005,17.259999999999998]","CholCheck, Smoker, HvyAlcoholConsump, Age",1,0.10179358736076466,0.6332046332046332,1,160.5379660198797,9997,9262,0.19047619047619047,0.0003453920173310791,164,259
"1, 0, 1, 1, 0, 1, [3.675,6.325], [0.07499999999999973,3.9250000000000003]","CholCheck, Stroke, Veggies, AnyHealthcare, NoDocbcCost, DiffWalk, Education, Income",1,0.4234790289079717,0.8421052631578947,1,230.64448625682022,9965,9265,0.38095238095238093,0.00048230053356534036,16,19
"1, 1, [30.025,105.42072998476135], 0, 1, [-11.25,11.25], 1, [0.07499999999999973,3.9250000000000003]","HighBP, CholCheck, BMI, HvyAlcoholConsump, AnyHealthcare, MentHlth, DiffWalk, Income",1,0.5904900000000001,0.9,1,296.61784530195575,9965,9265,0.38095238095238093,0.0006202573812878414,18,20
"1, 1, 0, 1, [2.06,3.94], 1, [0.07499999999999973,3.9250000000000003]","HighBP, CholCheck, HvyAlcoholConsump, AnyHealthcare, GenHlth, DiffWalk, Income",0,0.014458261438686257,0.42857142857142855,1,204.28,9958,9266,0.3333333333333333,0.0004271697736880729,3,7
"1, 1, [3.1750000000000007,44.825], 0, 1, 1, 0, [-0.3600000000000003,6.36]","HighChol, CholCheck, BMI, PhysActivity, Veggies, AnyHealthcare, NoDocbcCost, Age",1,0.13168724279835387,0.6666666666666666,1,140.72,9796,9269,0.38095238095238093,0.0002942594994780968,4,6
"1, 0, 1, 0, 0","HighChol, HeartDiseaseorAttack, Fruits, HvyAlcoholConsump, NoDocbcCost",1,0.038660462936795,0.5217391304347826,1,148.84433943075925,9961,9269,0.23809523809523808,0.0003148263487409857,84,161
"0, 0, 0, 1, 0, [0.74,3.26], [-8.15,10.15], [-10.500000000000002,10.500000000000002]","HighBP, HighChol, HeartDiseaseorAttack, AnyHealthcare, NoDocbcCost, GenHlth, MentHlth, PhysHlth",0,0.40741299232110023,0.8356164383561644,1,266.8125271548623,9990,9270,0.38095238095238093,0.000557931500107134,122,146
"0, 0, 0, 1, [1.88,8.120000000000001]","HighBP, HighChol, Fruits, Veggies, Age",0,0.4128571866759781,0.8378378378378378,1,276.33142853605233,9976,9270,0.23809523809523808,0.000577836468526764,31,37
"0, 0, 0, 1, 1, 0, 1, [0.06000000000000005,7.0]","HighBP, HighChol, CholCheck, Smoker, PhysActivity, Fruits, AnyHealthcare, Age",0,1.0,1.0,1,178.0,9272,9272,0.38095238095238093,0.00037221568296689334,1,1
"1, [1.75,69.975], 1, 1, 0, 1, [5.34,12.66]","HighBP, BMI, Smoker, HeartDiseaseorAttack, Fruits, AnyHealthcare, Age",1,0.1473475405306393,0.6818181818181818,1,202.60117231962346,9863,9273,0.3333333333333333,0.00042365917822944884,15,22
"[-6.050000000000001,57.025], 0, 0, [-0.3600000000000001,2.8200000000000003], 0, [4.95,7.05]","BMI, Smoker, HeartDiseaseorAttack, GenHlth, DiffWalk, Education",0,0.3821815722656249,0.825,1,283.03294473596026,9990,9275,0.2857142857142857,0.0005918500046462159,99,120
"0, 0, [0.4670686734677377,1.94], 0, [0.28000000000000025,8.120000000000001]","Smoker, HvyAlcoholConsump, GenHlth, DiffWalk, Age",0,0.8487852119680392,0.967741935483871,1,257.16446718770584,9990,9280,0.23809523809523808,0.0005377564482533099,30,31
"1, 1, 1, 0, 1","HighBP, CholCheck, Stroke, HvyAlcoholConsump, AnyHealthcare",1,0.20346349914002398,0.7272727272727273,1,198.4579594745423,9986,9281,0.23809523809523808,0.00041499530857321796,24,33
"1, 1, 0, 1, [7.0600000000000005,12.94], [2.2,5.8], [0.07499999999999973,3.9250000000000003]","CholCheck, HeartDiseaseorAttack, HvyAlcoholConsump, DiffWalk, Age, Education, Income",1,0.21208362139917689,0.7333333333333333,1,252.66030057472,9911,9281,0.3333333333333333,0.0005283377884103368,11,15
"1, 1, [30.025,69.975], 0, 0, 0, 0, [5.9799999999999995,14.02]","HighChol, CholCheck, BMI, Smoker, Stroke, PhysActivity, HvyAlcoholConsump, Age",1,0.09895227559841319,0.6296296296296297,1,257.23105532473653,9844,9282,0.38095238095238093,0.0005378956906628738,17,27
"1, 1, [10.122265535069289,69.975], 0, 0, 0, [5.9799999999999995,14.02]","HighChol, CholCheck, BMI, Stroke, PhysActivity, HvyAlcoholConsump, Age",1,0.17882497667790725,0.7087378640776699,1,180.167955561959,9961,9289,0.3333333333333333,0.00037674909341709807,73,103
"1, 0, 1, [-11.25,11.25], [7.0600000000000005,17.259999999999998]","Smoker, HvyAlcoholConsump, AnyHealthcare, MentHlth, Age",1,0.08452316223952026,0.6100917431192661,1,166.63085839538311,9997,9292,0.23809523809523808,0.0003613180713815832,133,218
"1, 1, 1, [30.025,69.975], 0, 1, 0, [2.6799999999999997,5.32], [-5.250000000000001,5.250000000000001], [0.07499999999999973,3.9250000000000003]","HighBP, HighChol, CholCheck, BMI, HeartDiseaseorAttack, PhysActivity, HvyAlcoholConsump, GenHlth, PhysHlth, Income",1,1.0,1.0,1,279.0,9573,9295,0.47619047619047616,0.0005834167165604677,3,3
"1, 0, [3.36,8.64]","HighChol, DiffWalk, Age",0,0.03125,0.5,1,128.39540413176965,9989,9296,0.14285714285714285,0.0029271371415833707,43,86
"0, 0, [-0.3600000000000001,2.8200000000000003], 0, [4.95,7.05]","HighBP, Smoker, GenHlth, DiffWalk, Education",0,0.5389837915635907,0.8837209302325582,2,313.9241294008465,9990,9301,0.23809523809523808,0.0013128930811766683,76,86
"[-6.050000000000001,57.025], 0, 0, 0, [-0.41999999999999993,2.8200000000000003], [-5.7,5.7], 0, 0","BMI, Smoker, Stroke, HeartDiseaseorAttack, GenHlth, MentHlth, DiffWalk, Sex",0,0.279581552734375,0.775,1,283.37684203313427,9990,9301,0.38095238095238093,0.0005925691280582276,62,80
"1, [30.025,40.87488726675879], 0, [-11.25,11.25], [21.45,35.85], 1, [4.025,5.975]","CholCheck, BMI, HvyAlcoholConsump, MentHlth, PhysHlth, DiffWalk, Education",1,0.03125,0.5,1,304.0,9303,9303,0.3333333333333333,0.0006356942001232335,1,2
"1, [20.539377027884463,69.975], 0, 1, [4.402738716135481,5.96], [0.8650000000000002,5.135]","HighChol, BMI, HvyAlcoholConsump, AnyHealthcare, GenHlth, Income",1,0.19349176319999997,0.72,1,269.6553860711442,9965,9305,0.2857142857142857,0.0005638762005178216,18,25
"[1.75,64.2], 0, 1, 1, 1, 1, 1, [7.699999999999999,17.259999999999998], [5.775,8.225]","BMI, Stroke, HeartDiseaseorAttack, PhysActivity, Veggies, AnyHealthcare, DiffWalk, Age, Income",1,0.3276800000000001,0.8,1,205.2,9887,9320,0.42857142857142855,0.0004290935850831826,4,5
"1, [30.025,69.975], 1, 0, 1, 0","CholCheck, BMI, HeartDiseaseorAttack, HvyAlcoholConsump, AnyHealthcare, Sex",1,0.670176922268936,0.9230769230769231,1,265.42315417599997,9985,9320,0.2857142857142857,0.0005550261831845329,12,13
"1, 1, [25.81374141476541,88.49094198912056], 0, 0, 0, [2.6799999999999997,5.96], [20.55,39.45], [6.46,13.54], [0.8650000000000002,5.135]","HighChol, CholCheck, BMI, HeartDiseaseorAttack, PhysActivity, HvyAlcoholConsump, GenHlth, PhysHlth, Age, Income",1,0.2373046875,0.75,1,213.26653184,9853,9321,0.47619047619047616,0.0004459615045101478,9,12
"1, 1, 1, [33.275,64.725], 0, 0, 0, 1, 1, [6.46,13.54]","HighBP, HighChol, CholCheck, BMI, Smoker, Stroke, HeartDiseaseorAttack, Fruits, DiffWalk, Age",1,1.0,1.0,1,298.0,9401,9325,0.47619047619047616,0.0006231476040681697,2,2
"[30.025,69.975], 0, 1, 0, [-3.1000000000000014,13.100000000000001], [3.5300000000000002,6.47]","BMI, HvyAlcoholConsump, AnyHealthcare, NoDocbcCost, MentHlth, Income",1,0.12324861859319845,0.6578947368421053,1,225.60829938879255,9997,9326,0.2857142857142857,0.00047176936651684696,50,76
"1, 1, 1, 0, 0, 1, [3.42,8.58]","HighBP, CholCheck, Stroke, Veggies, HvyAlcoholConsump, AnyHealthcare, Age",1,0.03125,0.5,1,163.0,9986,9326,0.3333333333333333,0.0003408491928292338,1,2
"0, 0, 0, 1, 0, 0, [-0.3600000000000001,3.26], 0, [7.765370287545453,10.205]","HighBP, Stroke, HeartDiseaseorAttack, PhysActivity, HvyAlcoholConsump, NoDocbcCost, GenHlth, DiffWalk, Income",0,0.5082881644640274,0.8734177215189873,1,304.70066524547303,9990,9328,0.42857142857142855,0.0006371593607573622,69,79
"0, 0, 0, 0, [-0.3600000000000001,3.26], 0, [5.795,10.205]","HighBP, Stroke, HeartDiseaseorAttack, HvyAlcoholConsump, GenHlth, DiffWalk, Income",0,0.3252634913786434,0.7988165680473372,1,264.8532142307599,9990,9328,0.3333333333333333,0.0005538343821397708,135,169
"0, 0, 0, 1, 0, 0, 0","HighBP, Stroke, HeartDiseaseorAttack, PhysActivity, HvyAlcoholConsump, NoDocbcCost, DiffWalk",0,0.31919134258499154,0.7958115183246073,1,287.426689869155,9990,9330,0.3333333333333333,0.0006010377622053986,152,191
"0, 0, [-4.35,10.05], 0, 0, [2.675,5.325]","Stroke, PhysActivity, MentHlth, DiffWalk, Sex, Education",0,0.051544044179978286,0.5526315789473685,1,149.08703897786586,9976,9331,0.2857142857142857,0.000311755809183473,21,38
"1, 1, 0, 0, [-0.3600000000000001,3.26]","CholCheck, Smoker, Stroke, HvyAlcoholConsump, GenHlth",1,0.028895584340555412,0.49222797927461137,1,123.26783235165769,9997,9334,0.23809523809523808,0.003003581906138884,95,193
"0, 1, [-0.3600000000000001,2.8200000000000003], 0, [4.95,7.05]","HighBP, HighChol, GenHlth, DiffWalk, Education",0,0.2567458542283846,0.7619047619047619,1,168.17536132215082,9913,9336,0.23809523809523808,0.00035167138748723833,32,42
"1, 1, 1, [30.025,69.975], 1, 0, 1, [5.9350000000000005,10.065]","HighBP, HighChol, CholCheck, BMI, HeartDiseaseorAttack, HvyAlcoholConsump, AnyHealthcare, Income",1,0.401877572016461,0.8333333333333334,1,247.40215808,9831,9341,0.38095238095238093,0.0005173424900968006,10,12
"1, 1, 1, [30.025,69.975], 1, 0, 1, [8.5,11.5]","HighBP, HighChol, CholCheck, BMI, HeartDiseaseorAttack, HvyAlcoholConsump, AnyHealthcare, Age",1,0.7241964340209961,0.9375,1,291.30190955315203,9985,9341,0.38095238095238093,0.0006091412315386892,15,16
"0, 1, [-5.024999999999999,57.025], 0, 0, 0, [-0.41999999999999993,2.8200000000000003], [-5.7,5.7], 0, [0.06000000000000005,2.98]","HighBP, CholCheck, BMI, Smoker, Stroke, HvyAlcoholConsump, GenHlth, PhysHlth, DiffWalk, Age",0,1.0,1.0,1,222.58295808000003,9969,9352,0.47619047619047616,0.0004654430772951607,12,12
"0, 0, 1, 0, [-5.7,14.451399716017583], 0, [0.06000000000000005,2.98]","Smoker, Stroke, PhysActivity, HvyAlcoholConsump, PhysHlth, DiffWalk, Age",0,1.0,1.0,1,223.72262912,9969,9352,0.3333333333333333,0.000467826242657583,12,12
"1, 0, 0, [-7.65,7.65], [-8.25,8.25], 1, [9.1,22.641422631134425], [2.425,5.575], [4.76,9.24]","HeartDiseaseorAttack, Fruits, HvyAlcoholConsump, MentHlth, PhysHlth, Sex, Age, Education, Income",1,1.0,1.0,1,211.0,9881,9357,0.42857142857142855,0.00044122196126974436,4,4
"0, 0, 0, [6.04,10.205]","Stroke, HeartDiseaseorAttack, Sex, Income",0,0.11221493368297088,0.6456692913385826,1,282.5679125518268,9990,9363,0.19047619047619047,0.0005908775761517281,82,127
"0, 0, 0, 1, 0, [-0.3600000000000001,3.26], [5.795,9.33]","HighBP, HighChol, Stroke, PhysActivity, HvyAlcoholConsump, GenHlth, Income",0,0.392826646826755,0.8295454545454546,1,311.0690993348509,9990,9363,0.3333333333333333,0.0006504763890944826,73,88
"0, 0, 1, 1, [6.74,17.259999999999998]","PhysActivity, HvyAlcoholConsump, AnyHealthcare, Sex, Age",1,0.231092867969897,0.746031746031746,1,183.07622454612033,9997,9365,0.23809523809523808,0.0003828305727777219,47,63
"0, 1, 1, 0, 0, 0, 0, [2.5,5.5], 1","HighBP, CholCheck, Smoker, Stroke, PhysActivity, HvyAlcoholConsump, NoDocbcCost, GenHlth, Sex",1,0.16806999999999994,0.7,1,116.807168,9938,9365,0.42857142857142855,0.0002442553922053295,7,10
"1, 1, [1.75,69.975], 1, 1, 0, 0, 1","HighBP, HighChol, BMI, Smoker, HeartDiseaseorAttack, Fruits, HvyAlcoholConsump, AnyHealthcare",1,0.11602906250000002,0.65,1,201.1152580543185,9863,9368,0.38095238095238093,0.00042055198388624246,13,20
"1, 1, 1, 0, [5.34,12.66], [3.8499999999999996,6.15]","Smoker, HeartDiseaseorAttack, PhysActivity, Fruits, Age, Education",1,0.13168724279835387,0.6666666666666666,1,166.6163720773632,9945,9368,0.2857142857142857,0.00034841138610248177,12,18
"1, 1, 1, 0, 1, [7.699999999999999,17.259999999999998]","HighBP, HighChol, CholCheck, NoDocbcCost, DiffWalk, Age",1,0.3632654951131687,0.8166666666666667,1,283.49218772406573,9965,9372,0.2857142857142857,0.0005928103273566958,49,60
"0, 0, 0, 0, 0, [1.0,5.9399999999999995]","HighBP, Smoker, Stroke, HeartDiseaseorAttack, DiffWalk, Age",0,0.6137348111359834,0.9069767441860465,3,240.60377486701063,9952,9375,0.2857142857142857,0.0015093791862899495,39,43
"1, 1, 1, [30.025,69.975], 1, 1, [2.5,5.5], [8.5,11.5]","HighBP, HighChol, CholCheck, BMI, Veggies, AnyHealthcare, GenHlth, Age",1,0.5821262541771084,0.8974358974358975,1,284.4150203601451,9979,9376,0.38095238095238093,0.0005947400620752488,35,39
"1, [25.81374141476541,69.975], 0, 1, [4.402738716135481,5.96], [9.799999999999999,30.200000000000003], [0.8650000000000002,5.135]","HighChol, BMI, HvyAlcoholConsump, AnyHealthcare, GenHlth, PhysHlth, Income",1,0.21720617794361205,0.7368421052631579,1,302.65618033508355,9965,9378,0.3333333333333333,0.0006328841397054739,14,19
"1, 0, 0, 0, 1, 0","HighBP, Smoker, Stroke, Veggies, HvyAlcoholConsump, DiffWalk",0,1.0,1.0,1,72.0,9381,9381,0.2857142857142857,0.00015055915266076584,1,1
"0, 0, 0, [1.0,8.120000000000001]","Smoker, HeartDiseaseorAttack, DiffWalk, Age",0,0.2373046875,0.75,1,237.42405358558426,9990,9384,0.19047619047619047,0.0005542041988115691,93,124
"0, 0, 0, 1, 0, [0.4670686734677377,1.94], [-7.5,7.5], 0, [0.28000000000000025,5.9399999999999995], [3.725,6.275]","HighBP, Smoker, Stroke, Veggies, HvyAlcoholConsump, GenHlth, PhysHlth, DiffWalk, Age, Education",0,1.0,1.0,1,327.872,9969,9384,0.47619047619047616,0.0006856129236276475,7,7
"1, 1, 0, 1, [7.0600000000000005,17.259999999999998]","HighBP, HeartDiseaseorAttack, HvyAlcoholConsump, AnyHealthcare, Age",1,0.16986944825402764,0.7014925373134329,1,243.15683838203455,9985,9388,0.23809523809523808,0.0005084651048676376,47,67
"0, 0, 1, [3.3,6.7]","HighBP, Stroke, PhysActivity, Education",0,0.27126761533693566,0.7703349282296651,1,266.36571542046454,9990,9395,0.19047619047619047,0.0005569971723831088,161,209
"1, 0, 1, 0, 0","HighChol, Stroke, AnyHealthcare, NoDocbcCost, DiffWalk",1,0.04358106590896312,0.5343915343915344,1,159.23762319166937,9985,9397,0.23809523809523808,0.0003419930847896928,101,189
"1, 1, 1, [33.275,64.725], 0, 0, 0, 1, 1, [-3.75,3.75], 1, [6.46,13.54]","HighBP, HighChol, CholCheck, BMI, Smoker, Stroke, HeartDiseaseorAttack, Fruits, AnyHealthcare, MentHlth, DiffWalk, Age",1,1.0,1.0,1,292.0,9401,9401,0.5714285714285714,0.0006106010080131059,1,1
"1, 1, [30.025,69.975], 1, 1, [2.5,5.5], [8.5,11.5]","HighBP, CholCheck, BMI, Veggies, AnyHealthcare, GenHlth, Age",1,0.3943519879110702,0.8301886792452831,1,269.17396535375303,9979,9401,0.3333333333333333,0.0005628695019722139,44,53
"0, 0, 0, 1, [-0.3600000000000001,2.84], 0, [4.45,6.95], [4.732581852330824,9.33]","HighChol, Stroke, HeartDiseaseorAttack, AnyHealthcare, GenHlth, DiffWalk, Education, Income",0,0.3666478320532007,0.8181818181818182,1,245.28382411243462,9990,9404,0.38095238095238093,0.0005129128433300067,72,88
"0, 0, 0, 0, [-0.3600000000000001,3.26], [-9.9,8.6], 0, [5.05,7.55]","HighBP, HighChol, Stroke, HeartDiseaseorAttack, GenHlth, PhysHlth, DiffWalk, Education",0,0.49717673529828965,0.8695652173913043,1,293.09818495957506,9990,9404,0.38095238095238093,0.0006128974218600284,60,69
"1, 1, 1, 1, 0, 1, 1, [7.699999999999999,17.259999999999998]","HighChol, CholCheck, HeartDiseaseorAttack, AnyHealthcare, NoDocbcCost, DiffWalk, Sex, Age",1,0.670176922268936,0.9230769230769231,2,313.07110911999996,9965,9406,0.38095238095238093,0.0013093255808798155,12,13
"1, 1, 1, [25.81374141476541,44.25], 1, [2.5,5.96], [-10.350000000000001,10.350000000000001], [19.200000000000003,40.8], 1, [9.32,12.68], [0.8650000000000002,5.135]","HighBP, HighChol, CholCheck, BMI, HeartDiseaseorAttack, GenHlth, MentHlth, PhysHlth, DiffWalk, Age, Income",1,1.0,1.0,1,418.0,9965,9406,0.5238095238095238,0.0008740795251694462,1,1
"[-5.024999999999999,57.025], 0, 0, 1, [-0.41999999999999993,2.8200000000000003], [-4.35,2.96239722654067], [-5.7,5.7], 0, [0.06000000000000005,2.98]","BMI, Stroke, HeartDiseaseorAttack, PhysActivity, GenHlth, MentHlth, PhysHlth, DiffWalk, Age",0,1.0,1.0,1,330.3333333333333,9605,9410,0.42857142857142855,0.0006907598161426803,3,3
"1, 1, 0, 0, 1, 0, 1","HighBP, Smoker, HeartDiseaseorAttack, HvyAlcoholConsump, AnyHealthcare, NoDocbcCost, Sex",1,0.3572711466646851,0.813953488372093,1,171.30113706371768,9961,9413,0.3333333333333333,0.000373525592197453,35,43
"1, 1, [30.025,69.975], 1, 0, 1, 1, [8.2,11.8], [2.95,5.05]","HighChol, CholCheck, BMI, Smoker, PhysActivity, Fruits, Sex, Age, Income",1,1.0,1.0,1,318.0,9942,9413,0.42857142857142855,0.0006649695909183824,2,2
"0, [11.25,36.75], 1, 0, [-0.3600000000000001,2.84], 0, [5.05,6.95]","HighChol, BMI, AnyHealthcare, NoDocbcCost, GenHlth, Sex, Education",0,0.43976479295863985,0.8484848484848485,1,291.78453546246226,9990,9418,0.3333333333333333,0.0006101504502603264,28,33
"0, 1, [11.25,36.75], 1, 0, [-0.3600000000000001,2.84], 0, 0, [5.05,6.95]","HighChol, CholCheck, BMI, AnyHealthcare, NoDocbcCost, GenHlth, DiffWalk, Sex, Education",0,0.3882095537407485,0.8275862068965517,1,302.9120435958018,9990,9418,0.42857142857142855,0.0006334191752017344,24,29
"1, 1, 0, 1, [7.699999999999999,17.259999999999998]","HighBP, CholCheck, NoDocbcCost, DiffWalk, Age",1,0.21817758148193367,0.7375,1,234.58411438864132,9965,9421,0.23809523809523808,0.0004905386873615278,59,80
"1, 1, 1, 0, 1, [7.699999999999999,17.259999999999998], [3.35,4.65]","HighBP, HighChol, CholCheck, NoDocbcCost, DiffWalk, Age, Education",1,0.3666478320532007,0.8181818181818182,2,249.79485437868348,9886,9421,0.3333333333333333,0.0010446917115076106,18,22
"1, [20.539377027884463,69.975], 1, 0, 1, [4.402738716135481,5.96], [0.8650000000000002,5.135]","HighChol, BMI, Veggies, HvyAlcoholConsump, AnyHealthcare, GenHlth, Income",1,0.19649623617673456,0.7222222222222222,1,307.1898907702067,9965,9422,0.3333333333333333,0.0006423645786154936,13,18
"1, [14.350000000000001,63.65], 1, 0, 1, [4.02,5.98], [4.04,11.96], [1.775,4.225]","HighChol, BMI, HeartDiseaseorAttack, HvyAlcoholConsump, AnyHealthcare, GenHlth, Age, Education",1,0.07775999999999998,0.6,1,266.8,9911,9422,0.38095238095238093,0.0005579053045818379,3,5
"1, [14.350000000000001,69.975], 1, 1, 1, 0, 1, [2.6799999999999997,5.32], [-11.25,11.25], 1, [1.775,4.225]","CholCheck, BMI, Stroke, HeartDiseaseorAttack, Veggies, HvyAlcoholConsump, AnyHealthcare, GenHlth, MentHlth, Sex, Education",1,1.0,1.0,2,277.0,9805,9423,0.5238095238095238,0.0011584690357508928,2,2
"0, 0, 1, [1.74,4.26]","HighBP, Stroke, NoDocbcCost, Income",1,0.03125,0.5,1,91.40768,9921,9427,0.19047619047619047,0.00019114253954842267,5,10
"1, 0, 0, 0, [-5.7,14.451399716017583], 0, [0.06000000000000005,2.98]","CholCheck, Smoker, Stroke, HvyAlcoholConsump, PhysHlth, DiffWalk, Age",0,1.0,1.0,1,215.3294336,9969,9431,0.3333333333333333,0.0004502752370241478,11,11
"0, 0, 1, 0, [-0.41999999999999993,2.8200000000000003], 0, 1","Smoker, Stroke, PhysActivity, HvyAlcoholConsump, GenHlth, DiffWalk, Sex",0,0.3933994473226094,0.8297872340425532,1,250.72347660528635,9934,9431,0.3333333333333333,0.0005242876970812953,39,47
"1, 1, 1, 1, 0, [9.991664528503295,17.259999999999998]","HighBP, CholCheck, Veggies, AnyHealthcare, NoDocbcCost, Age",1,0.13457501103343936,0.6695652173913044,1,219.96957830758888,9985,9432,0.2857142857142857,0.0005007387740550488,77,115
"1, 1, [30.025,69.975], 1, [2.5,5.5], 1, [7.699999999999999,11.5]","HighBP, CholCheck, BMI, Fruits, GenHlth, DiffWalk, Age",1,0.3276800000000001,0.8,1,297.23026859581114,9965,9432,0.3333333333333333,0.0006215380192349607,16,20
"0, 0, 0, 0, 1, 0, 0, [-5.7,14.451399716017583], 0, [1.88,2.98], [2.25,5.75]","HighBP, HighChol, Smoker, Stroke, PhysActivity, HvyAlcoholConsump, NoDocbcCost, PhysHlth, DiffWalk, Age, Income",0,1.0,1.0,1,262.0,9548,9434,0.5238095238095238,0.0005478680277377869,1,1
"0, 1, 0, 1, [-0.41999999999999993,2.3600000000000003], 0, [0.06000000000000005,7.0]","HighBP, CholCheck, Smoker, PhysActivity, GenHlth, DiffWalk, Age",0,1.0,1.0,2,305.640812078712,9990,9434,0.3333333333333333,0.0012782506023644234,29,29
"0, 1, 0","HighChol, PhysActivity, DiffWalk",0,0.18905406764403293,0.7166666666666667,1,279.0532898328985,9990,9436,0.14285714285714285,0.0005835281508950042,129,180
"0, 0, 1, 0, 0, 1, [0.5,2.5], [-9.9,9.9], 0, 0, [1.88,6.0], [4.2,7.55]","HighBP, HighChol, CholCheck, Fruits, HvyAlcoholConsump, AnyHealthcare, GenHlth, PhysHlth, DiffWalk, Sex, Age, Education",0,1.0,1.0,1,466.5,9729,9437,0.5714285714285714,0.000975497843281212,2,2
"1, 1, 0, [4.04,5.96]","HighChol, CholCheck, HeartDiseaseorAttack, GenHlth",1,0.17525145137855438,0.7058823529411765,1,228.02667240161279,9927,9438,0.19047619047619047,0.00047682642473390085,12,17
"0, 0, 1, [5.795,10.205]","Smoker, Stroke, DiffWalk, Income",1,0.17525145137855438,0.7058823529411765,1,215.79827542097922,9935,9447,0.19047619047619047,0.00045125563184773897,12,17
"1, 0, [-8.7,8.7]","CholCheck, Stroke, MentHlth",0,0.0474579837951391,0.5435779816513762,1,166.4083885871632,9990,9447,0.14285714285714285,0.0003864887056269682,237,436
"0, 0, 1, 0, 1, 0, [-0.41999999999999993,2.8200000000000003], 0, [3.725,6.275]","Smoker, Stroke, PhysActivity, HvyAlcoholConsump, AnyHealthcare, NoDocbcCost, GenHlth, DiffWalk, Education",0,0.3498127216399667,0.8105263157894737,1,307.7935259754917,9990,9449,0.42857142857142855,0.0006436268397963813,77,95
"1, 1, [30.025,69.975], 0, 1, 1, 0, [2.5,5.32], [-11.25,11.25], 1, 1, [3.725,6.275]","HighBP, CholCheck, BMI, PhysActivity, Fruits, AnyHealthcare, NoDocbcCost, GenHlth, MentHlth, DiffWalk, Sex, Education",1,0.401877572016461,0.8333333333333334,1,297.15999999999997,9942,9455,0.5714285714285714,0.0006213910806204607,5,6
"1, [1.75,69.975], 1, 1, 0, 1, [5.34,12.66], [-0.5049999999999999,2.505]","HighBP, BMI, Smoker, HeartDiseaseorAttack, Fruits, AnyHealthcare, Age, Income",1,0.0009765625,0.25,1,192.5,9863,9457,0.38095238095238093,0.00040253662343329755,1,4
"0, 0, 0, 1, 0, 0, [-0.41999999999999993,3.26], 0, [0.06000000000000005,8.120000000000001]","HighBP, Stroke, HeartDiseaseorAttack, PhysActivity, HvyAlcoholConsump, NoDocbcCost, GenHlth, DiffWalk, Age",0,0.5262884496213611,0.8795180722891566,1,295.66924555326307,9990,9464,0.42857142857142855,0.0006182737649770444,73,83
"0, 0, 0, 1, [1.0,5.9399999999999995]","Smoker, Stroke, DiffWalk, Sex, Age",0,0.1473475405306393,0.6818181818181818,1,200.292232521725,9934,9465,0.23809523809523808,0.00045714629054549567,15,22
"1, [30.025,69.975], 0, 0, 0","CholCheck, BMI, Fruits, HvyAlcoholConsump, Sex",1,0.12483006006753829,0.6595744680851063,1,181.35917206658075,9979,9473,0.23809523809523808,0.0003792400454667004,31,47
"1, 1, 0, 0, 1, 1, [2.6799999999999997,5.32]","HighChol, PhysActivity, Veggies, HvyAlcoholConsump, AnyHealthcare, NoDocbcCost, GenHlth",1,1.0,1.0,1,183.0,9473,9473,0.3333333333333333,0.0003826711796794465,1,1
"1, 0, 1, [-11.25,11.25], 1, [7.699999999999999,17.259999999999998]","HighBP, HvyAlcoholConsump, AnyHealthcare, MentHlth, DiffWalk, Age",1,0.2816065192986594,0.7761194029850746,1,233.98265694499966,9965,9475,0.2857142857142857,0.0004892809800965806,52,67
"1, 1, 1, [4.45,7.55]","CholCheck, Stroke, AnyHealthcare, Education",0,0.000541922809869769,0.2222222222222222,1,197.56464452583424,9628,9477,0.19047619047619047,0.00041312729827131965,4,18
"1, 1, 1, 1, 0, 1, 0, [2.5,5.32], 1, [7.699999999999999,17.259999999999998]","HighBP, CholCheck, HeartDiseaseorAttack, Veggies, HvyAlcoholConsump, AnyHealthcare, NoDocbcCost, GenHlth, Sex, Age",1,0.44370531249999995,0.85,1,272.29730998893933,9965,9484,0.47619047619047616,0.0005694007258852861,17,20
"1, 1, 1, 1, 0, [2.5,5.32], 1, [7.699999999999999,17.259999999999998], [2.635,5.365]","HighBP, CholCheck, HeartDiseaseorAttack, Veggies, NoDocbcCost, GenHlth, Sex, Age, Income",1,0.46266436603796024,0.8571428571428571,1,232.16,9871,9484,0.42857142857142855,0.00048546962335726943,6,7
"0, 1, 0, 0, 1, 0, 0, [-0.41999999999999993,2.5], 0, 0","HighBP, CholCheck, Stroke, HeartDiseaseorAttack, PhysActivity, Fruits, HvyAlcoholConsump, GenHlth, DiffWalk, Sex",0,0.06092699470458736,0.5714285714285714,1,215.26087116800002,9989,9486,0.47619047619047616,0.0004501318661676717,8,14
"[1.75,69.975], 1, [2.4,3.6], [-11.25,11.25], [5.34,17.259999999999998]","BMI, AnyHealthcare, GenHlth, MentHlth, Age",1,0.05335031989798831,0.5564516129032258,1,180.22243306213502,9957,9495,0.23809523809523808,0.0003768630112818978,69,124
"1, 1, 0, 0, 1, 1","HighBP, HeartDiseaseorAttack, Fruits, HvyAlcoholConsump, AnyHealthcare, DiffWalk",1,0.21208362139917689,0.7333333333333333,1,216.15566723072,9863,9495,0.2857142857142857,0.0004520029736261066,11,15
"0, 1, [0.45999999999999996,3.54]","HighChol, CholCheck, Income",0,0.09958658297887482,0.6304347826086957,1,149.4484673756412,9969,9500,0.14285714285714285,0.00031251159186842565,29,46
"1, 1, [4.45,7.55]","Stroke, AnyHealthcare, Education",0,3.0517578125e-05,0.125,1,193.828482002944,9628,9507,0.14285714285714285,0.000405314611276191,2,16
"1, 1, 1, 0, 1, 0, 1, [7.699999999999999,17.259999999999998], [3.35,4.65]","HighBP, HighChol, CholCheck, Stroke, AnyHealthcare, NoDocbcCost, DiffWalk, Age, Education",1,0.48894551440329226,0.8666666666666667,1,271.22074370048,9886,9508,0.42857142857142855,0.0005671495188273196,13,15
"1, [9.8,69.975], 1, [2.06,7.193397233716988], 1","HighBP, BMI, Veggies, GenHlth, Sex",1,0.43375716751999094,0.8461538461538461,1,208.94403967079796,9965,9509,0.23809523809523808,0.000436922743977122,66,78
"0, 0, 0, [-0.41999999999999993,2.84], [-4.35,4.35], [-9.45,9.45], [2.6199999999999997,7.380000000000001]","HighBP, Stroke, Fruits, GenHlth, MentHlth, PhysHlth, Income",0,0.15359020233154297,0.6875,1,182.023023448064,9989,9511,0.3333333333333333,0.00038062822465404487,11,16
"0, 1, 0, 0, [-23.70536638791693,6.592485510487688], 0, [1.88,6.23423904202776], [6.915,9.085]","HighChol, CholCheck, HeartDiseaseorAttack, HvyAlcoholConsump, PhysHlth, DiffWalk, Age, Income",0,0.5904900000000001,0.9,1,300.0851152482816,9990,9512,0.38095238095238093,0.0006275077871929104,27,30
"0, [-10.95,10.95], [-9.9,8.6], [4.45,7.55]","HighChol, MentHlth, PhysHlth, Education",0,0.21286219479551413,0.7338709677419355,1,237.1725853662023,9990,9515,0.19047619047619047,0.0004959514373208135,91,124
"0, 0, 0, [-9.9,8.6], 0, [4.45,7.55], [2.95,5.05]","HighChol, Fruits, Veggies, PhysHlth, DiffWalk, Education, Income",0,0.13168724279835387,0.6666666666666666,1,151.0,9787,9515,0.3333333333333333,0.00031575600071910613,2,3
"0, [0.5500000000000007,63.45], 0, 0, [-5.7,23.7], [1.88,7.0]","HighBP, BMI, Smoker, Stroke, PhysHlth, Age",0,0.48045708347045346,0.8636363636363636,1,262.06843079679413,9990,9520,0.2857142857142857,0.0005480111233319706,38,44
"1, 1, [-2.1500000000000004,16.15], 0, [4.475,7.525]","HighBP, HighChol, PhysHlth, Sex, Education",1,0.22301350200402018,0.7407407407407407,1,215.67248842462783,9985,9522,0.23809523809523808,0.00045099259874237214,20,27
"1, 1, [30.025,69.975], 1, 0, [2.6799999999999997,7.193397233716988], [-8.55,8.55]","HighBP, HighChol, BMI, PhysActivity, HvyAlcoholConsump, GenHlth, PhysHlth",1,0.46266436603796024,0.8571428571428571,1,242.73834433068401,9979,9522,0.3333333333333333,0.0005075899922320139,18,21
"1, 0, 0, 0, 1, [0.07499999999999973,3.9250000000000003]","CholCheck, Stroke, PhysActivity, HvyAlcoholConsump, DiffWalk, Income",1,0.07775999999999998,0.6,1,175.0300220697346,9938,9525,0.2857142857142857,0.00036600516406964424,12,20
"1, 1, [30.025,69.975], 1, 1, 1, [2.5,5.5], 1, [1.775,4.225]","HighBP, CholCheck, BMI, Smoker, Veggies, AnyHealthcare, GenHlth, DiffWalk, Education",1,0.6472278485082303,0.9166666666666666,1,257.45017343999996,9911,9525,0.42857142857142855,0.0005383538884096333,11,12
"0, 0, 1, 0, 1, 0, [-0.41999999999999993,2.8200000000000003], [-3.75,3.75], 0, 0, [3.725,6.275]","Smoker, Stroke, PhysActivity, HvyAlcoholConsump, AnyHealthcare, NoDocbcCost, GenHlth, PhysHlth, DiffWalk, Sex, Education",0,0.3377928212923192,0.8048780487804879,1,309.4817011805232,9990,9529,0.5238095238095238,0.0006471569818576655,33,41
"0, 0, 0, 1, 0, 1, 0, [-0.41999999999999993,2.8200000000000003], 0, [3.725,6.275]","HighBP, Smoker, Stroke, PhysActivity, HvyAlcoholConsump, AnyHealthcare, NoDocbcCost, GenHlth, DiffWalk, Education",0,0.4303684562600565,0.8448275862068966,1,313.39675783757696,9990,9529,0.47619047619047616,0.0006553437542591224,49,58
"1, 1, 1, 0, 1, 0, [-10.799999999999999,10.799999999999999], 1, [3.35,4.65]","HighBP, HighChol, CholCheck, Stroke, AnyHealthcare, NoDocbcCost, MentHlth, DiffWalk, Education",1,0.401877572016461,0.8333333333333334,1,284.60075008,9853,9534,0.42857142857142855,0.000595128441370322,10,12
"0, 0, 0, [0.74,3.26], [-9.9,9.9], 0, [1.88,8.120000000000001]","HighBP, HeartDiseaseorAttack, NoDocbcCost, GenHlth, PhysHlth, DiffWalk, Age",0,0.4419204985941842,0.8493150684931506,1,275.51167772205514,9990,9547,0.3333333333333333,0.000576122288138592,62,73
"0, 0, 0, 0, 0, 0, [-10.200000000000001,23.7], 0, 1, [1.88,5.9399999999999995], [1.88,4.12]","HighBP, HighChol, Smoker, Stroke, HeartDiseaseorAttack, Veggies, PhysHlth, DiffWalk, Sex, Age, Income",0,0.1,1.0,1,268.5,9548,9548,0.5238095238095238,0.000561460173464106,0,0
"[0.5500000000000007,63.45], 0, 0, 0, [-4.8,4.8], [1.0,7.0]","BMI, Smoker, Stroke, HeartDiseaseorAttack, PhysHlth, Age",0,0.30235651478560427,0.7872340425531915,1,269.0901878669075,9990,9548,0.2857142857142857,0.0006369754895309799,37,47
"1, [30.025,69.975], 0, 1, [0.07499999999999973,3.9250000000000003]","CholCheck, BMI, HvyAlcoholConsump, AnyHealthcare, Income",1,0.3392169036785128,0.8055555555555556,2,231.5204115065691,9985,9549,0.23809523809523808,0.0009682643605583574,29,36
"1, [30.025,69.975], 1, 0, 1, [19.35,40.65], [0.07499999999999973,3.9250000000000003]","CholCheck, BMI, Fruits, HvyAlcoholConsump, AnyHealthcare, PhysHlth, Income",1,0.401877572016461,0.8333333333333334,1,253.52,9965,9549,0.3333333333333333,0.0005301355053132967,5,6
"1, 1, [30.025,69.975], 1, 0, 1, [2.5,7.193397233716988], [-8.55,8.55]","HighBP, HighChol, BMI, PhysActivity, HvyAlcoholConsump, AnyHealthcare, GenHlth, PhysHlth",1,0.4234790289079717,0.8421052631578947,1,252.78368743659934,9979,9550,0.38095238095238093,0.0005285958025960872,16,19
"1, 1, [30.025,69.975], 1, 1, 0, 1","HighBP, HighChol, BMI, PhysActivity, Fruits, HvyAlcoholConsump, Sex",1,0.2373046875,0.75,1,275.8304,9965,9550,0.3333333333333333,0.0005767887680844459,6,8
"0, 0, 0, 0, [0.5,3.26], [-9.9,9.9], 0, [1.88,11.84]","HighBP, HighChol, Stroke, Fruits, GenHlth, PhysHlth, DiffWalk, Age",0,0.2693290743429045,0.7692307692307693,1,277.9516644074185,9976,9552,0.38095238095238093,0.0005812245426920899,20,26
"0, 0, 0, 0, 1, 0, 0, [4.16,8.120000000000001]","HighBP, Smoker, Stroke, HeartDiseaseorAttack, Veggies, NoDocbcCost, DiffWalk, Age",0,0.43976479295863985,0.8484848484848485,1,327.90971648183756,9990,9552,0.38095238095238093,0.0006856917925380198,28,33
"1, 1, 1, 1, 1, 0, 1, [2.5,5.96], [20.55,30.77490185902149], [7.699999999999999,16.9]","HighBP, HighChol, CholCheck, HeartDiseaseorAttack, Veggies, HvyAlcoholConsump, AnyHealthcare, GenHlth, MentHlth, Age",1,0.03125,0.5,1,229.0,9937,9553,0.47619047619047616,0.0004788617494349358,1,2
"1, 1, 0, 1, 1, 1, [2.5,5.96], [20.55,39.45], [-6.25,10.25], [7.699999999999999,16.9]","HighChol, CholCheck, Stroke, HeartDiseaseorAttack, Veggies, AnyHealthcare, GenHlth, MentHlth, PhysHlth, Age",1,0.1,1.0,1,213.92831999999999,9553,9553,0.47619047619047616,0.00044734536929640507,0,0
"1, 1, 0, 0, 0, [-3.0500000000000007,11.05], 0, 1","HighBP, CholCheck, Stroke, HvyAlcoholConsump, NoDocbcCost, MentHlth, DiffWalk, Sex",1,0.12711521784793314,0.6619718309859155,1,150.88871321497402,9961,9558,0.38095238095238093,0.00033578060724140054,47,71
"1, 1, [9.8,69.975], 1, 0, 1, [2.06,7.193397233716988], 1, [6.74,15.26]","HighBP, HighChol, BMI, Smoker, PhysActivity, Veggies, GenHlth, Sex, Age",1,0.2373046875,0.75,1,201.56227583999998,9901,9558,0.42857142857142855,0.00042148674248397155,9,12
"1, [30.025,69.975], 1, 0, 1","CholCheck, BMI, Veggies, HvyAlcoholConsump, DiffWalk",1,0.4939144320360374,0.868421052631579,1,273.65366832085977,9965,9560,0.23809523809523808,0.0005722370059013738,33,38
"1, 1, 1, 1","CholCheck, PhysActivity, AnyHealthcare, DiffWalk",1,0.18593443208187066,0.7142857142857143,1,236.4750074243142,9965,9560,0.19047619047619047,0.0004944927325451814,30,42
"0, 0, 1, 0, 1, 0, [-0.41999999999999993,3.26], [-9.9,3.75], 0","HighBP, HeartDiseaseorAttack, Fruits, HvyAlcoholConsump, AnyHealthcare, NoDocbcCost, GenHlth, PhysHlth, DiffWalk",0,0.32252790144585197,0.7974683544303798,1,257.53078283184595,9990,9565,0.42857142857142855,0.0005385224506559227,63,79
"0, 0, 1, 0, [0.74,2.8200000000000003], [-3.75,9.9], 0, 0, [1.88,8.120000000000001], [3.725,6.275]","Smoker, Stroke, PhysActivity, NoDocbcCost, GenHlth, PhysHlth, DiffWalk, Sex, Age, Education",0,0.7631229607539922,0.9473684210526315,1,355.11684497453876,9990,9565,0.47619047619047616,0.0007425846010407097,18,19
"1, [30.025,69.975], 1, 0, 1, [2.6799999999999997,5.32], 0","CholCheck, BMI, PhysActivity, HvyAlcoholConsump, AnyHealthcare, GenHlth, DiffWalk",1,0.06285491210937498,0.575,1,210.11675355272587,9979,9571,0.3333333333333333,0.00043937500520457455,23,40
"[18.0,52.0], 1, 0, 1, [7.699999999999999,17.259999999999998], [0.07499999999999973,3.9250000000000003]","BMI, PhysActivity, NoDocbcCost, DiffWalk, Age, Income",1,0.07775999999999998,0.6,1,214.383552,9965,9573,0.2857142857142857,0.00044829730463229493,6,10
"1, 1, 1, [30.025,69.975], 0, 1","HighBP, HighChol, CholCheck, BMI, HvyAlcoholConsump, AnyHealthcare",1,0.4838840102534098,0.8648648648648649,1,245.27016664145634,9986,9573,0.2857142857142857,0.0005128842842014237,64,74
"0, 1, [-0.3600000000000001,2.5], [-4.35,4.35], 0, [1.625,4.375]","Smoker, PhysActivity, GenHlth, MentHlth, Sex, Education",0,0.13168724279835387,0.6666666666666666,1,239.59424,9971,9583,0.2857142857142857,0.0005010153577333357,6,9
"0, 0, 1, [-0.3600000000000001,2.5], [-4.35,-1.492954333648541], 0","Smoker, Stroke, PhysActivity, GenHlth, MentHlth, Sex",0,0.0328882935563004,0.8005865102639296,1,289.53625412354205,9583,9583,0.2857142857142857,0.0006054490706307314,0,0
"1, 0, 0, 1, [10.799999999999999,31.200000000000003], 1, [0.8650000000000002,7.96]","HighChol, Fruits, HvyAlcoholConsump, AnyHealthcare, PhysHlth, Sex, Income",1,0.3666478320532007,0.8181818181818182,1,229.66292479999998,9853,9585,0.3333333333333333,0.0004802479910483498,9,11
"1, 0, 0, 1, 0","HighChol, Smoker, Fruits, AnyHealthcare, NoDocbcCost",1,0.26487008230452685,0.7666666666666667,1,196.56756425172392,9957,9585,0.23809523809523808,0.0004110423043656972,23,30
"0, 0, 0, 0, 0, [1.0,5.9399999999999995]","HighBP, HighChol, Stroke, HeartDiseaseorAttack, DiffWalk, Age",0,0.5241073981293608,0.8787878787878788,1,225.3420515674501,9952,9586,0.2857142857142857,0.00047121261587269295,29,33
"0, 0, 0, 0, [-10.200000000000001,10.200000000000001], 0","HighBP, Smoker, Stroke, HeartDiseaseorAttack, PhysHlth, DiffWalk",0,0.3882095537407485,0.8275862068965517,2,301.4152769143048,9990,9586,0.2857142857142857,0.0012605785747563285,72,87
"1, 0, 0","HighBP, HighChol, Stroke",0,0.0332785580508952,0.5063291139240507,1,140.21485338124006,9988,9587,0.14285714285714285,0.0032719124957226453,40,79
"1, [30.025,69.975], 0, 1, 1, [-26.196404721804427,11.25]","HighChol, BMI, Smoker, Veggies, AnyHealthcare, MentHlth",1,0.1590361251087416,0.6923076923076923,1,249.83703297483174,9985,9588,0.2857142857142857,0.000522434055388479,18,26
"1, 0, 0, 0, 0, 0","HighChol, Stroke, HeartDiseaseorAttack, Fruits, HvyAlcoholConsump, NoDocbcCost",1,0.1385445030619302,0.673469387755102,1,183.8201848686193,9979,9588,0.2857142857142857,0.0003843862677189535,33,49
"1, 1, 0, 0, 1, 1, 1","HighBP, HeartDiseaseorAttack, Fruits, HvyAlcoholConsump, AnyHealthcare, DiffWalk, Sex",1,0.13168724279835387,0.6666666666666666,1,237.98399999999998,9805,9590,0.3333333333333333,0.0004976481859280513,6,9
"1, 0, 1, 0, 0, 1, 1","HighBP, HighChol, HeartDiseaseorAttack, Fruits, HvyAlcoholConsump, AnyHealthcare, DiffWalk",1,0.03125,0.5,1,206.0,9739,9590,0.3333333333333333,0.0004307664645571912,1,2
"1, [30.025,69.975], 0, 0, 1, [0.07499999999999973,3.9250000000000003]","CholCheck, BMI, HeartDiseaseorAttack, HvyAlcoholConsump, AnyHealthcare, Income",1,0.2084017036410597,0.7307692307692307,1,185.1418799722758,9928,9592,0.2857142857142857,0.00038715006348120917,19,26
"0, [7.850000000000001,40.15], 0, 0, 0, [1.5999999999999999,4.4], [-10.200000000000001,10.200000000000001], 0, 0, [9.82,16.18]","HighBP, BMI, Smoker, Stroke, HeartDiseaseorAttack, GenHlth, PhysHlth, DiffWalk, Sex, Age",0,0.13168724279835387,0.6666666666666666,1,227.66208,9930,9597,0.47619047619047616,0.000476064025802604,6,9
"0, 0, 0, 0, 0, [6.355,9.645]","Smoker, HeartDiseaseorAttack, Veggies, HvyAlcoholConsump, DiffWalk, Income",0,0.28462802079628785,0.7777777777777778,1,178.71968,9892,9599,0.2857142857142857,0.0003737206053417114,7,9
"0, 0, 1, 0, 0, 1, [4.475,7.525]","Smoker, HeartDiseaseorAttack, Fruits, NoDocbcCost, DiffWalk, Sex, Education",0,0.06600153808263474,0.5806451612903226,1,224.35052859985458,9892,9599,0.3333333333333333,0.00046913924284706975,18,31
"1, [1.75,69.975], 1, 1, 0, 0, 1, 0","HighBP, BMI, Smoker, HeartDiseaseorAttack, Fruits, HvyAlcoholConsump, AnyHealthcare, DiffWalk",1,0.03125,0.5,1,182.44,9817,9602,0.38095238095238093,0.00038150016404764055,3,6
"[-4.35,2.96239722654067], 0, 1, [0.06000000000000005,2.98]","MentHlth, DiffWalk, Sex, Age",0,1.0,1.0,1,199.0,9605,9605,0.19047619047619047,0.00041612876915961673,1,1
"1, 1","HighChol, AnyHealthcare",1,0.09778780166121079,0.628140703517588,1,156.3393851666411,9986,9606,0.09523809523809523,0.0003344174552539729,125,199
"1, 1, 1, 1, 1, 1, [7.699999999999999,17.259999999999998]","HighBP, HighChol, CholCheck, Smoker, Fruits, DiffWalk, Age",1,0.670176922268936,0.9230769230769231,1,302.642138112,9965,9611,0.3333333333333333,0.0006328547760220165,12,13
"1, 1, 1, [33.275,64.725], 0, 0, 1, 0, [4.970000000000001,9.03]","HighBP, HighChol, CholCheck, BMI, HvyAlcoholConsump, NoDocbcCost, DiffWalk, Sex, Income",1,1.0,1.0,1,278.5,9702,9611,0.42857142857142855,0.0005823711668892123,4,4
"1, 1, 0, 0, 1, 1, 0, [-3.0500000000000007,11.05], 1, [6.74,17.259999999999998]","HighBP, Smoker, HeartDiseaseorAttack, PhysActivity, Fruits, AnyHealthcare, NoDocbcCost, MentHlth, Sex, Age",1,1.0,1.0,1,254.2,9961,9619,0.47619047619047616,0.0005315574528662038,5,5
"1, [33.275,69.975], 1, [2.5,5.32], [-3.0500000000000007,11.05], 1, [3.725,6.275]","HighBP, BMI, Fruits, GenHlth, MentHlth, Sex, Education",1,0.6472278485082303,0.9166666666666666,1,273.452096,9965,9619,0.3333333333333333,0.0005718154981537555,11,12
"1, 1, 0","HighBP, Stroke, NoDocbcCost",1,0.28462802079628785,0.7777777777777778,1,198.50416921296897,9986,9624,0.14285714285714285,0.0004150919377268596,14,18
"1, 1, 0, 0, 1, [-6.9,6.9], 1","HighBP, Smoker, HeartDiseaseorAttack, HvyAlcoholConsump, AnyHealthcare, MentHlth, Sex",1,0.3109652044351208,0.7916666666666666,1,183.64988912209313,9961,9624,0.3333333333333333,0.00040580367633507274,19,24
"0, 1, 0, 0","HighBP, Smoker, HvyAlcoholConsump, DiffWalk",0,0.09212394683496279,0.6206896551724138,1,136.07822222931676,9989,9628,0.19047619047619047,0.0002845530810337406,36,58
"1, 1, 1, 0, 0, 1, 0, [3.35,4.65]","HighBP, HighChol, CholCheck, Stroke, HvyAlcoholConsump, AnyHealthcare, NoDocbcCost, Education",1,0.3276800000000001,0.8,2,213.32257412461712,9979,9629,0.38095238095238093,0.0008921573889893268,24,30
"1, [30.025,69.975], 1, 0, [-11.25,11.05], 1, [0.07499999999999973,3.9250000000000003]","HighBP, BMI, Fruits, NoDocbcCost, MentHlth, Sex, Income",1,0.2373046875,0.75,1,333.25,9965,9632,0.3333333333333333,0.0006968588558916697,3,4
"0, 0, 0, 0, 0, [4.16,8.120000000000001]","Smoker, Stroke, HeartDiseaseorAttack, NoDocbcCost, DiffWalk, Age",0,0.3366816616594237,0.8043478260869565,1,272.10094438174815,9990,9637,0.2857142857142857,0.0005689901058931969,37,46
"[-6.900000000000002,50.900000000000006], 0, 0, 0, 1, 0","BMI, Smoker, Stroke, HeartDiseaseorAttack, Veggies, DiffWalk",0,0.15981266721084542,0.6929824561403509,1,263.3005096183346,9990,9637,0.2857142857142857,0.0006218419990573062,79,114
"1, 1, 0, 0, [2.5,5.5], [0.34999999999999964,9.65], 0, [7.0600000000000005,11.8], [3.6199999999999997,8.38]","HighBP, HighChol, HvyAlcoholConsump, NoDocbcCost, GenHlth, MentHlth, DiffWalk, Age, Income",1,1.0,1.0,1,231.5,9669,9640,0.42857142857142855,0.0004840894977912124,4,4
"0, 0, 0, 0, 1, [0.4670686734677377,1.94], 0","HighBP, HighChol, Stroke, Fruits, Veggies, GenHlth, DiffWalk",0,1.0,1.0,1,275.3333333333333,9976,9646,0.3333333333333333,0.0005757493523045953,3,3
"0, 0, 0, 1, 0","HighBP, HighChol, Smoker, Veggies, HvyAlcoholConsump",0,0.3276800000000001,0.8,1,308.7089484317886,9990,9646,0.23809523809523808,0.0006455410790928632,44,55
"0, 0, 0, 0, 1, [-0.3600000000000001,2.84], 0, [8.780000000000001,13.219999999999999], [4.9,9.1]","HighBP, Smoker, HeartDiseaseorAttack, HvyAlcoholConsump, AnyHealthcare, GenHlth, Sex, Age, Income",0,0.20346349914002398,0.7272727272727273,1,265.3531776,9909,9652,0.42857142857142855,0.0005548798552124682,8,11
"0, 0, 0, 0, [-0.3600000000000001,2.84], 1, 0, [8.780000000000001,13.219999999999999], [4.3,7.7]","HighBP, Smoker, Stroke, HvyAlcoholConsump, GenHlth, DiffWalk, Sex, Age, Education",0,0.05549289573066435,0.8888888888888888,1,199.37230488464857,9652,9652,0.42857142857142855,0.0004169072956591188,0,0
"1, 1, 0, [2.5,5.5], 1, [7.0600000000000005,11.8]","HighBP, HighChol, HvyAlcoholConsump, GenHlth, DiffWalk, Age",1,0.6301063901153425,0.9117647058823529,1,272.46857779798205,9965,9657,0.2857142857142857,0.0005697588638881685,31,34
"1, 0, 0, 1, [7.0600000000000005,11.8], [1.2499999999999998,4.75]","HighBP, PhysActivity, Fruits, DiffWalk, Age, Education",1,0.13168724279835387,0.6666666666666666,1,248.12,9928,9659,0.2857142857142857,0.0005188435688637392,4,6
"1, 1, [30.025,69.975], 0, 1, [2.5,5.5]","HighBP, HighChol, BMI, HvyAlcoholConsump, AnyHealthcare, GenHlth",1,0.719074839069856,0.9361702127659575,2,252.58118977776857,9986,9659,0.2857142857142857,0.0010563447197496924,44,47
"0, 1, 0, 0, 1, 0, 0, [-0.41999999999999993,2.5], 0","HighBP, CholCheck, Stroke, HeartDiseaseorAttack, PhysActivity, Fruits, HvyAlcoholConsump, GenHlth, Sex",1,0.048282842081079885,0.5454545454545454,1,214.8225664,9924,9661,0.42857142857142855,0.0004492153273554876,6,11
"0, 1, 0, 0, 1, 0, 0, [-0.41999999999999993,2.5], 0, 0","HighBP, CholCheck, Stroke, HeartDiseaseorAttack, PhysActivity, Fruits, HvyAlcoholConsump, GenHlth, DiffWalk, Sex",1,0.048282842081079885,0.5454545454545454,1,214.8225664,9924,9661,0.47619047619047616,0.0004492153273554876,6,11
"0, 0, [-4.95,4.95], 0, [1.0,8.120000000000001]","Smoker, Stroke, PhysHlth, DiffWalk, Age",0,0.1894692059725282,0.7169811320754716,1,270.86616565595887,9990,9666,0.23809523809523808,0.0006416176720147283,38,53
"0, 0, 0, 0, 0, [2.48,3.52], 0, [4.16,5.9399999999999995]","HighBP, Smoker, Stroke, HeartDiseaseorAttack, NoDocbcCost, GenHlth, DiffWalk, Age",0,0.0,0.0,1,196.0,9666,9666,0.38095238095238093,0.0004098554711320848,0,1
"1, 1, 1, 0, 1, 0, 0","HighBP, HighChol, Smoker, HvyAlcoholConsump, AnyHealthcare, NoDocbcCost, DiffWalk",1,0.07042962777237427,0.5882352941176471,1,164.13349105976022,9979,9669,0.3333333333333333,0.0003547902673896725,20,34
"1, 1, [30.025,69.975], 0, [2.5,5.5], [0.34999999999999964,9.65], [7.0600000000000005,11.8], [3.6199999999999997,8.38]","HighBP, HighChol, BMI, HvyAlcoholConsump, GenHlth, MentHlth, Age, Income",1,1.0,1.0,1,265.0,9945,9669,0.38095238095238093,0.0005541413257653188,3,3
"0, 0, 1, 0, [0.74,2.8200000000000003], [-3.75,9.9], 0, 0, [1.88,8.120000000000001]","Smoker, Stroke, PhysActivity, NoDocbcCost, GenHlth, PhysHlth, DiffWalk, Sex, Age",0,0.708245596707819,0.9333333333333333,1,340.06849974272,9990,9671,0.42857142857142855,0.0007111170162205805,14,15
"0, 0, 0, 0, [4.16,8.120000000000001], [3.725,6.275]","Stroke, HeartDiseaseorAttack, NoDocbcCost, DiffWalk, Age, Education",0,0.1765140646801405,0.7068965517241379,1,238.20028676405326,9990,9671,0.2857142857142857,0.0004981004630381569,41,58
"0, [-5.024999999999999,57.025], 0, 1, 1, 0, [0.06000000000000005,2.98]","HighBP, BMI, Smoker, PhysActivity, Veggies, DiffWalk, Age",0,1.0,1.0,1,176.0,9969,9680,0.3333333333333333,0.00036803348428187207,1,1
"0, 1, 0, 0, 1, 0, [-0.41999999999999993,2.8200000000000003], [-5.7,14.451399716017583], 0, [0.06000000000000005,7.0]","HighBP, CholCheck, Smoker, Stroke, PhysActivity, HvyAlcoholConsump, GenHlth, PhysHlth, DiffWalk, Age",0,1.0,1.0,1,305.77268224,9990,9680,0.47619047619047616,0.0006394010547897778,13,13
"[8.3,50.05], 1, 0, 0, [-5.7,9.0], [1.88,8.120000000000001]","BMI, Veggies, HvyAlcoholConsump, NoDocbcCost, PhysHlth, Age",0,0.11263663532574009,0.6461538461538462,1,245.5789525072371,9990,9682,0.2857142857142857,0.0005755200785282053,42,65
"1, [30.025,69.975], 1, 0, [-11.25,11.25], 1, [0.07499999999999973,3.9250000000000003]","CholCheck, BMI, PhysActivity, HvyAlcoholConsump, MentHlth, DiffWalk, Income",1,1.0,1.0,1,302.8,9965,9683,0.3333333333333333,0.0006331848809122208,5,5
"1, 1, 1, 1, 0, 1, 0, 1","HighBP, HighChol, CholCheck, Veggies, HvyAlcoholConsump, AnyHealthcare, NoDocbcCost, DiffWalk",1,0.670176922268936,0.9230769230769231,1,278.4756500481169,9965,9683,0.38095238095238093,0.0005823202487208394,24,26
"0, 1, 1, 0, [-8.85,8.85], 0, 0","HighChol, CholCheck, PhysActivity, HvyAlcoholConsump, PhysHlth, DiffWalk, Sex",0,0.2567458542283846,0.7619047619047619,1,295.6328142501924,9990,9686,0.3333333333333333,0.0006181975835031465,32,42
"0, 0, 1, 1, [-0.3600000000000001,3.26], 0, 0, [1.88,8.120000000000001]","HighChol, HeartDiseaseorAttack, PhysActivity, Veggies, GenHlth, DiffWalk, Sex, Age",0,0.49717673529828965,0.8695652173913043,1,294.98472239212424,9990,9686,0.38095238095238093,0.0006168423590448537,20,23
"0, 0, 1, 1, 0, [-0.41999999999999993,3.26], 0, [0.06000000000000005,8.120000000000001]","HighBP, HeartDiseaseorAttack, PhysActivity, Veggies, HvyAlcoholConsump, GenHlth, DiffWalk, Age",0,0.21720617794361205,0.7368421052631579,1,268.5601554544172,9990,9692,0.38095238095238093,0.0005615859644952862,28,38
"1, 1, 0, 1, [4.26,5.74], [-11.25,11.25], 1, 1","HighBP, CholCheck, HvyAlcoholConsump, AnyHealthcare, GenHlth, MentHlth, DiffWalk, Sex",1,0.3276800000000001,0.8,1,303.2,9965,9699,0.38095238095238093,0.0006340213206492251,4,5
"1, [30.025,69.975], 0, 1, 1, 0, [2.5,5.32], 1, [3.725,6.275]","CholCheck, BMI, PhysActivity, Fruits, Veggies, NoDocbcCost, GenHlth, DiffWalk, Education",1,0.46266436603796024,0.8571428571428571,1,247.72,9935,9699,0.42857142857142855,0.0005180071291267349,6,7
"1, 1, 0, [-2.1500000000000004,16.15], 0, [4.475,6.1804396038139595]","HighBP, HighChol, NoDocbcCost, PhysHlth, Sex, Education",1,0.07775999999999998,0.6,1,217.21310507008,9985,9700,0.2857142857142857,0.0004542141811967381,9,15
"1, 1, [5.725000000000001,42.275], 0, 0, [2.5,5.0600000000000005], [8.2,11.8]","HighBP, HighChol, BMI, HvyAlcoholConsump, NoDocbcCost, GenHlth, Age",1,0.3411077401491926,0.8064516129032258,1,242.30412116609804,9979,9700,0.3333333333333333,0.0005066819884580453,25,31
"0, 1, [30.025,69.975], 0, 1, 1","HighBP, CholCheck, BMI, HvyAlcoholConsump, AnyHealthcare, DiffWalk",1,0.07775999999999998,0.6,1,135.4,9921,9705,0.2857142857142857,0.0002831348509759402,3,5
"0, 0, 1, 1","HighBP, Smoker, Fruits, AnyHealthcare",0,0.24622492641704344,0.7555555555555555,1,308.9310843013121,9990,9706,0.19047619047619047,0.0006460055872635718,34,45
"0, 1, [-23.70536638791693,6.592485510487688], 0, [4.45,8.329303261655715]","HighChol, CholCheck, PhysHlth, DiffWalk, Education",0,0.20346349914002398,0.7272727272727273,1,237.2525059673805,9990,9707,0.23809523809523808,0.0004961185592373903,48,66
"0, [13.4,40.6], 0, 1, [-0.41999999999999993,2.84], 0, 1, [0.06000000000000005,8.120000000000001], [4.525,7.475], [6.18,9.82]","HighBP, BMI, HeartDiseaseorAttack, Veggies, GenHlth, DiffWalk, Sex, Age, Education, Income",0,0.3276800000000001,0.8,1,322.4,9934,9713,0.47619047619047616,0.0006741704280254292,4,5
"0, 0, 0, 1, 1, 0, 1, [-0.3600000000000001,3.26], 0","HighChol, Stroke, HeartDiseaseorAttack, PhysActivity, Fruits, HvyAlcoholConsump, AnyHealthcare, GenHlth, DiffWalk",0,0.2550063900805163,0.7608695652173914,1,293.2971378800436,9990,9713,0.42857142857142855,0.0006133134521812106,35,46
"[30.025,69.975], 0, 0, 0, [2.6799999999999997,5.32], 0, [3.865,8.135]","BMI, PhysActivity, HvyAlcoholConsump, NoDocbcCost, GenHlth, Sex, Income",1,0.20346349914002398,0.7272727272727273,1,245.91390719999998,9886,9716,0.3333333333333333,0.0005142304096601417,8,11
"1, 1, 1, 0, 0, 1, 0, [8.379999999999999,11.620000000000001], [3.35,4.65]","HighBP, HighChol, CholCheck, Stroke, HvyAlcoholConsump, AnyHealthcare, NoDocbcCost, Age, Education",1,0.18593443208187066,0.7142857142857143,1,238.7087814656,9979,9720,0.42857142857142855,0.0004991637759742314,10,14
"0, 0, 1, [2.42,3.58], [-5.7,23.7], [0.06000000000000005,7.0]","Smoker, Stroke, PhysActivity, GenHlth, PhysHlth, Age",0,0.18593443208187066,0.7142857142857143,1,250.456,9722,9722,0.2857142857142857,0.000523728376927844,5,7
"0, 0, 0, 0, 1, [2.38,3.62], [-5.7,23.7], [0.06000000000000005,7.0]","HighBP, HighChol, Smoker, Stroke, PhysActivity, GenHlth, PhysHlth, Age",0,1.0,1.0,1,280.0,9722,9722,0.38095238095238093,0.0005855078159029783,5,5
"1, 0, 0, 1, 0, [0.8650000000000002,5.135]","HighChol, Smoker, HvyAlcoholConsump, AnyHealthcare, NoDocbcCost, Income",1,0.21208362139917689,0.7333333333333333,1,211.53110437888,9985,9726,0.2857142857142857,0.0004423325532872248,11,15
"1, 1, 1, 0, 1, 0, [4.14,5.86], 1, [0.07499999999999973,3.9250000000000003]","CholCheck, Fruits, Veggies, HvyAlcoholConsump, AnyHealthcare, NoDocbcCost, GenHlth, DiffWalk, Income",1,0.13168724279835387,0.6666666666666666,1,268.3333333333333,9965,9727,0.42857142857142855,0.0005611116569070208,2,3
"1, 1, 1, 1, 0, [3.675,6.325]","HighBP, HighChol, CholCheck, AnyHealthcare, NoDocbcCost, Education",1,0.14165913803291463,0.6764705882352942,1,179.8232446446338,9986,9727,0.2857142857142857,0.00039580130914652634,46,68
"0, 0, 1, 0, [0.74,2.8200000000000003], [-3.75,9.9], 0, 0, [3.725,6.275]","Smoker, Stroke, PhysActivity, NoDocbcCost, GenHlth, PhysHlth, DiffWalk, Sex, Education",0,0.401877572016461,0.8333333333333334,1,305.1616303521033,9990,9729,0.42857142857142855,0.0006381232845887572,25,30
"1, 1, 1, 1, 1, 0, [2.5,5.5], [0.07499999999999973,3.295]","HighBP, HighChol, CholCheck, Fruits, AnyHealthcare, NoDocbcCost, GenHlth, Income",1,0.401877572016461,0.8333333333333334,1,266.15999999999997,9965,9735,0.38095238095238093,0.000556567001002631,5,6
"1, [30.025,69.975], 1, 1, 1, [1.775,6.325]","CholCheck, BMI, Veggies, AnyHealthcare, DiffWalk, Education",1,0.43375716751999094,0.8461538461538461,1,281.39650754582703,9965,9735,0.2857142857142857,0.0005884280519138684,22,26
"1, 1, 1, 0, 1","HighBP, HighChol, CholCheck, Fruits, Sex",1,0.20346349914002398,0.7272727272727273,2,146.8804118128432,9853,9737,0.23809523809523808,0.0006142830651390559,16,22
"1, 1, 0, 0, 0, 1, 1, 1, [7.699999999999999,17.259999999999998]","CholCheck, HeartDiseaseorAttack, PhysActivity, Fruits, HvyAlcoholConsump, AnyHealthcare, DiffWalk, Sex, Age",1,1.0,1.0,1,178.0,9757,9739,0.42857142857142855,0.00037221568296689334,1,1
"1, 1, 1, 0, 1, 1, 0, [2.5,5.32], [2.635,5.365]","HighBP, CholCheck, Smoker, Stroke, HeartDiseaseorAttack, Veggies, NoDocbcCost, GenHlth, Income",1,0.0,0.0,1,228.0,9739,9739,0.42857142857142855,0.00047677065009242515,0,1
"1, [30.025,69.975], 0, 0, 1, [2.7199999999999998,5.28], [1.7599999999999998,6.24]","CholCheck, BMI, Stroke, HvyAlcoholConsump, NoDocbcCost, GenHlth, Income",1,0.6472278485082303,0.9166666666666666,1,190.6546432,9945,9740,0.3333333333333333,0.00039867779904212007,11,12
"0, 1, [30.025,69.975], 1, 0, [2.7199999999999998,5.32]","HighBP, CholCheck, BMI, PhysActivity, HvyAlcoholConsump, GenHlth",1,0.001903968584518355,0.2857142857142857,1,219.89600000000002,9887,9740,0.2857142857142857,0.000459824381020719,2,7
"1, 1, 1, [5.725000000000001,42.275], 0, 0, [2.5,5.0600000000000005], [8.2,11.8]","HighBP, HighChol, CholCheck, BMI, HvyAlcoholConsump, NoDocbcCost, GenHlth, Age",1,0.2693290743429045,0.7692307692307693,1,242.4094523699069,9979,9747,0.38095238095238093,0.0005069022464690758,20,26
"1, 0, 0, [3.0,5.0]","CholCheck, Veggies, NoDocbcCost, Education",1,0.04158799090330928,0.5294117647058824,1,169.0225411981312,9957,9752,0.19047619047619047,0.00035344292476888916,9,17
"1, [30.025,69.975], 0, 1, 0, [-11.25,11.05], [-6.75,6.75]","HighBP, BMI, Stroke, AnyHealthcare, NoDocbcCost, MentHlth, PhysHlth",1,0.3591654751124945,0.8148148148148148,1,234.37030246630547,9985,9755,0.3333333333333333,0.0004900915853913104,22,27
"1, 1, 1, 0, 0, 1, 0, [2.5,5.32], 0, [8.379999999999999,11.620000000000001], [3.35,4.65], [0.07499999999999973,3.9250000000000003]","HighBP, HighChol, CholCheck, Smoker, HvyAlcoholConsump, AnyHealthcare, NoDocbcCost, GenHlth, DiffWalk, Age, Education, Income",1,0.09076863488,0.98,1,292.0,9755,9755,0.5714285714285714,0.0006106010080131059,0,0
"1, [33.85,66.15], 1, 0, 1, 0, 0, 0, 1, 1","CholCheck, BMI, Smoker, Stroke, HeartDiseaseorAttack, PhysActivity, Fruits, HvyAlcoholConsump, AnyHealthcare, DiffWalk",1,0.1,1.0,1,205.328,9757,9757,0.47619047619047616,0.000429361245799024,0,0
"1, 1, 1, 0, 0, 1, 1, [8.56,11.8], [0.5250000000000001,3.4749999999999996]","HighBP, Smoker, HeartDiseaseorAttack, Fruits, HvyAlcoholConsump, AnyHealthcare, DiffWalk, Age, Education",1,0.1,1.0,1,258.4,9757,9757,0.42857142857142855,0.0005403400701047484,0,0
"0, 0, 0, 1, [-0.41999999999999993,2.5], 0, 0","HighBP, Smoker, HeartDiseaseorAttack, PhysActivity, GenHlth, DiffWalk, Sex",0,0.49717673529828965,0.8695652173913043,1,315.3092656613143,9990,9758,0.3333333333333333,0.000659342998111886,20,23
"1, 1, 1","HighBP, HighChol, CholCheck",1,0.11993729605996366,0.654320987654321,1,146.67539916386104,9986,9759,0.14285714285714285,0.00030915701178341616,53,81
"1, [30.025,69.975], 0, 1, 0, [-6.75,6.75]","HighBP, BMI, Stroke, AnyHealthcare, NoDocbcCost, PhysHlth",1,0.3276800000000001,0.8,1,238.3756399640859,9985,9762,0.2857142857142857,0.0004984671439994523,24,30
"1, [30.025,69.975], 0, 1, 0, [3.52,6.48], [-11.25,11.05], [-6.75,6.75]","HighBP, BMI, Stroke, AnyHealthcare, NoDocbcCost, GenHlth, MentHlth, PhysHlth",1,1.0,1.0,1,226.248,9928,9762,0.38095238095238093,0.0004731070440443465,7,7
"0, 0, 1, 1, [-3.75,9.9], 0, 0, [1.88,8.120000000000001], [3.725,6.275]","HighChol, Smoker, PhysActivity, Veggies, PhysHlth, DiffWalk, Sex, Age, Education",0,0.401877572016461,0.8333333333333334,1,354.09061376,9990,9763,0.42857142857142855,0.0007404386496227238,10,12
"0, [11.25,26.33237163771839], 0, 0, 0, 0, [0.74,2.8200000000000003], 0, 0, [1.88,8.120000000000001]","HighBP, BMI, Smoker, Stroke, HeartDiseaseorAttack, NoDocbcCost, GenHlth, DiffWalk, Sex, Age",0,1.0,1.0,1,329.25,9990,9763,0.47619047619047616,0.0006884944585216271,4,4
"1, 1, 1, 0, 0, [2.06,7.193397233716988], 1, [7.699999999999999,17.259999999999998]","HighBP, HeartDiseaseorAttack, Veggies, HvyAlcoholConsump, NoDocbcCost, GenHlth, Sex, Age",1,0.3666478320532007,0.8181818181818182,1,273.91367679999996,9965,9764,0.38095238095238093,0.000572780709461151,9,11
"1, 1, [9.8,69.975], 1, 1, 1","HighBP, CholCheck, BMI, Veggies, AnyHealthcare, Sex",1,0.1823861694344157,0.7115384615384616,1,182.12030732023328,9965,9764,0.2857142857142857,0.0004378249289586924,37,52
"0, 0, 1, 0, 1, 0, 1, 1, [-4.6,8.6], 0","HighBP, HighChol, CholCheck, Stroke, PhysActivity, Fruits, Veggies, HvyAlcoholConsump, PhysHlth, DiffWalk",0,1.0,1.0,1,332.0,9766,9766,0.47619047619047616,0.0006942449817135314,1,1
"0, 0, 0, 1, 0, 1, 1, [-17.000952344413765,8.6], 0","HighBP, HighChol, Stroke, PhysActivity, Fruits, Veggies, HvyAlcoholConsump, PhysHlth, DiffWalk",0,1.0,1.0,1,332.0,9766,9766,0.42857142857142855,0.0006942449817135314,1,1
"0, 1, 0, 0, 1, 0, 0, 1, [-0.41999999999999993,2.5], 0, [6.915,9.085]","HighBP, CholCheck, Stroke, HeartDiseaseorAttack, PhysActivity, Fruits, HvyAlcoholConsump, AnyHealthcare, GenHlth, Sex, Income",1,0.004115226337448558,0.3333333333333333,1,258.6666666666667,9924,9769,0.5238095238095238,0.0005408976965960848,1,3
"0, 1, 0, 0, 1, 0, 0, [-0.41999999999999993,2.5], 0, [5.1,6.9]","HighBP, CholCheck, Stroke, HeartDiseaseorAttack, PhysActivity, Fruits, HvyAlcoholConsump, GenHlth, Sex, Education",1,0.03125,0.5,1,149.5,9924,9769,0.47619047619047616,0.0003126193517053402,1,2
"0, 0","PhysActivity, HvyAlcoholConsump",1,0.1043582467665522,0.6363636363636364,2,151.7799504270867,9997,9771,0.09523809523809523,0.0006606825781115197,49,77
"0, [30.025,40.87488726675879], 0, 1, 0, [2.6799999999999997,5.32], [-5.55,5.55], [21.45,35.85], [8.2,11.8], [4.2,5.8]","HighChol, BMI, PhysActivity, Fruits, HvyAlcoholConsump, GenHlth, MentHlth, PhysHlth, Age, Education",1,0.06820852454576427,0.9085365853658536,1,186.69605522709733,9771,9771,0.47619047619047616,0.00039039999833471274,0,0
"1, [30.025,69.975], 0, 0, 0, 0, 1, [2.5,5.5]","HighBP, BMI, Stroke, HeartDiseaseorAttack, PhysActivity, HvyAlcoholConsump, AnyHealthcare, GenHlth",1,0.46266436603796024,0.8571428571428571,1,227.14846013011658,9961,9776,0.38095238095238093,0.00047498999563039035,18,21
"1, 0","HighChol, HvyAlcoholConsump",1,0.07075935391735491,0.5887850467289719,1,133.70032319311582,9986,9776,0.09523809523809523,0.00027524179574410257,63,107
"1, 0, 1","HighChol, HvyAlcoholConsump, NoDocbcCost",1,0.2373046875,0.75,1,124.29068946227203,9945,9777,0.14285714285714285,0.00025990417901475076,12,16
"1, 1, [5.725000000000001,42.275], 1, 0, 0, [2.5,5.0600000000000005], [8.2,11.8]","HighBP, HighChol, BMI, Fruits, HvyAlcoholConsump, NoDocbcCost, GenHlth, Age",1,0.048282842081079885,0.5454545454545454,1,250.4676352,9965,9783,0.38095238095238093,0.000523752707286914,6,11
"1, 1, 1, 0, 0, [8.2,11.8], [5.81,8.19]","HighBP, HighChol, CholCheck, HvyAlcoholConsump, NoDocbcCost, Age, Income",1,0.13168724279835387,0.6666666666666666,1,217.90880468992003,9886,9783,0.3333333333333333,0.0004953521711088356,10,15
"0, [9.124999999999998,38.875], 1, 1, [-0.3600000000000001,2.3600000000000003], [-5.7,9.0], 0, 0","HighChol, BMI, PhysActivity, AnyHealthcare, GenHlth, PhysHlth, DiffWalk, Sex",0,0.4234790289079717,0.8421052631578947,1,312.2654182130647,9990,9784,0.38095238095238093,0.0006529780107141487,16,19
"0, 1, 0, 0, 1, 0, [-0.41999999999999993,2.84], [-8.4,19.9], 0, 0","HighChol, CholCheck, Stroke, HvyAlcoholConsump, AnyHealthcare, NoDocbcCost, GenHlth, MentHlth, DiffWalk, Sex",0,0.3109652044351208,0.7916666666666666,1,281.1235155863057,9990,9784,0.47619047619047616,0.0005878571986068026,19,24
"0, 0, 0, 0, 1, [-0.3600000000000001,3.26], [-6.3,6.3], [-10.350000000000001,10.350000000000001], 0, [4.45,7.55]","HighBP, HighChol, Stroke, HeartDiseaseorAttack, PhysActivity, GenHlth, MentHlth, PhysHlth, DiffWalk, Education",0,0.5792642820741052,0.896551724137931,1,296.70130060941244,9990,9787,0.47619047619047616,0.0006204318946263931,26,29
"0, 0, 0, 0, [4.732581852330824,9.33]","HighBP, HighChol, Stroke, HeartDiseaseorAttack, Income",0,0.48045708347045346,0.8636363636363636,1,260.5553724711357,9990,9787,0.23809523809523808,0.0005448471680620059,38,44
"0, [3.6000000000000014,38.875], 0, 1, 1, 0, [3.15,6.85]","HighBP, BMI, HeartDiseaseorAttack, PhysActivity, AnyHealthcare, DiffWalk, Education",0,0.401877572016461,0.8333333333333334,1,267.1279913188374,9990,9788,0.3333333333333333,0.000558591167013008,45,54
"0, 0, [9.124999999999998,44.4], 1, 1, [-0.3600000000000001,2.3600000000000003], [-5.7,9.0], 0, [0.06000000000000005,6.23423904202776]","HighChol, CholCheck, BMI, PhysActivity, AnyHealthcare, GenHlth, PhysHlth, DiffWalk, Age",0,0.1,1.0,1,344.0,9788,9788,0.42857142857142855,0.0007193381738236591,0,0
"0, 0, 0","PhysActivity, HvyAlcoholConsump, DiffWalk",1,0.06504222973314074,0.5789473684210527,1,146.34005921354614,9997,9796,0.14285714285714285,0.00031612209788080476,22,38
"[30.025,69.975], 0, 0, [3.15,6.85]","BMI, Stroke, HvyAlcoholConsump, Education",1,0.16046629687866054,0.6935483870967742,1,197.67988533997308,9997,9797,0.19047619047619047,0.00041336827826199575,43,62
"1, 1, 0, 1, 1","CholCheck, Veggies, HvyAlcoholConsump, NoDocbcCost, DiffWalk",1,0.2373046875,0.75,1,179.32,9945,9797,0.23809523809523808,0.00037497593409900734,6,8
"0, 0, 1, 1, 0, [-5.7,5.7], 0","HighBP, Smoker, PhysActivity, AnyHealthcare, NoDocbcCost, PhysHlth, DiffWalk",0,0.5904900000000001,0.9,1,311.1923336529259,9990,9800,0.3333333333333333,0.0006507340842959841,27,30
"0, 0, 0, 0, 1, [-0.3600000000000001,2.8200000000000003], [-4.35,4.35], 0, [5.795,10.205]","HighBP, Smoker, Stroke, HvyAlcoholConsump, AnyHealthcare, GenHlth, MentHlth, DiffWalk, Income",0,0.5277319168,0.88,1,316.3584733452359,9990,9800,0.42857142857142855,0.0006615369956098915,22,25
"0, [-5.024999999999999,57.025], 0, 0, 1, 0, 1, [-0.3600000000000001,2.630094518367552], [-5.7,5.7], 0, [8.64,15.36], [5.795,10.205]","HighChol, BMI, Smoker, Stroke, PhysActivity, HvyAlcoholConsump, AnyHealthcare, GenHlth, PhysHlth, DiffWalk, Age, Income",0,0.3276800000000001,0.8,1,276.64748799999995,9819,9803,0.5714285714285714,0.0005784973802640191,8,10
"0, 1, 0, [-0.3600000000000001,2.3600000000000003], [-7.35,7.35], 0","Smoker, AnyHealthcare, NoDocbcCost, GenHlth, MentHlth, DiffWalk",0,0.45333676183633875,0.8536585365853658,1,251.2170175484317,9990,9803,0.2857142857142857,0.0005902572711540481,35,41
"0, 1, 0, 1, 0, 0, [-0.41999999999999993,2.5], [-6.45,6.45], 0, [5.76,12.24]","HighBP, CholCheck, HeartDiseaseorAttack, PhysActivity, Fruits, NoDocbcCost, GenHlth, MentHlth, DiffWalk, Age",1,0.00012860082304526745,0.16666666666666666,1,200.44,9924,9804,0.47619047619047616,0.00041913995221283203,1,6
"1, 0, 0, 0, [8.2,11.8]","CholCheck, HeartDiseaseorAttack, HvyAlcoholConsump, Sex, Age",1,0.026524537874001226,0.4838709677419355,1,237.75842197402514,9979,9804,0.23809523809523808,0.006386040919149772,15,31
"1, 0, 1, 0, 1, 1, [7.699999999999999,17.259999999999998]","HighChol, HvyAlcoholConsump, AnyHealthcare, NoDocbcCost, DiffWalk, Sex, Age",1,0.5904900000000001,0.9,2,269.049472,9965,9805,0.3333333333333333,0.001125218348004068,9,10
"1, 1, 1, 1, 0, 1, [1.775,4.225]","HighBP, Stroke, HeartDiseaseorAttack, PhysActivity, HvyAlcoholConsump, AnyHealthcare, Education",1,0.0,0.0,1,174.5,9805,9805,0.3333333333333333,0.0003648968352681061,0,2
"1, 0, 0, [5.699999999999999,12.3], [3.0,5.0]","CholCheck, Veggies, NoDocbcCost, Age, Education",1,0.048282842081079885,0.5454545454545454,1,170.2926336,9957,9807,0.23809523809523808,0.0003560988141553647,6,11
"1, 0, 0, 0, [3.0,5.0]","CholCheck, Stroke, Veggies, NoDocbcCost, Education",1,0.04526613752481193,0.5384615384615384,1,167.801116672,9957,9807,0.23809523809523808,0.00035088880474536984,7,13
"1, 0, 1, [30.025,69.975], 0, 0, [3.24,4.76], [-11.25,5.55], 0, 0, [7.699999999999999,17.259999999999998], [0.07499999999999973,3.9250000000000003]","HighBP, HighChol, CholCheck, BMI, Stroke, HvyAlcoholConsump, GenHlth, MentHlth, DiffWalk, Sex, Age, Income",1,0.053130409632797485,0.8811881188118812,1,271.51231063175004,9808,9808,0.5714285714285714,0.0005677592142455962,0,0
"0, 1, [9.049999999999997,54.95], 0, 0, 1, [-23.70536638791693,6.592485510487688], 0, [1.88,8.120000000000001], [6.915,9.96]","HighChol, CholCheck, BMI, Stroke, HeartDiseaseorAttack, Veggies, PhysHlth, DiffWalk, Age, Income",0,0.2567458542283846,0.7619047619047619,1,275.4522539311733,9990,9814,0.47619047619047616,0.0005759980270885494,16,21
"0, 0, 1, 1, 0, 0, 0, [1.88,6.23423904202776], [6.04,9.085]","HighBP, HighChol, CholCheck, Smoker, HeartDiseaseorAttack, HvyAlcoholConsump, DiffWalk, Age, Income",0,0.07539427821241781,0.944683908045977,1,176.45095340097055,9814,9814,0.42857142857142855,0.0003689764726421445,0,0
"1, 1, 1, 0","HighBP, CholCheck, HeartDiseaseorAttack, Fruits",1,0.007415771484375,0.375,1,156.536,9945,9817,0.19047619047619047,0.000327332326679245,3,8
"1, 1, 1, 0, 1, 1","HighBP, HighChol, CholCheck, Fruits, AnyHealthcare, Sex",1,0.16806999999999994,0.7,1,191.61132800000001,9853,9817,0.2857142857142857,0.00040067832199839,7,10
"0, 1, 0, 1, 1, [-0.41999999999999993,2.3600000000000003], [-8.4,10.05], [-5.7,9.0], 0, 0","HighChol, CholCheck, Stroke, PhysActivity, AnyHealthcare, GenHlth, MentHlth, PhysHlth, DiffWalk, Sex",0,0.46266436603796024,0.8571428571428571,1,312.6084830208,9990,9819,0.47619047619047616,0.0006536953933080424,12,14
"0, 1, 0, 1, [2.6799999999999997,5.32], 1, 1, [3.0749999999999997,6.925000000000001]","HighBP, Veggies, HvyAlcoholConsump, AnyHealthcare, GenHlth, DiffWalk, Sex, Income",1,0.0,0.0,1,103.0,9820,9820,0.38095238095238093,0.0002153832322785956,0,1
"0, 0, 0, 0, 0, [0.28000000000000025,8.120000000000001]","HighBP, HighChol, Smoker, HvyAlcoholConsump, DiffWalk, Age",0,0.708245596707819,0.9333333333333333,1,288.93402263552,9990,9825,0.2857142857142857,0.0006041897447620893,14,15
"0, 1, 1, 0, [0.05999999999999994,1.94], [0.28000000000000025,9.780000000000001], [3.725,6.275]","Smoker, PhysActivity, Veggies, HvyAlcoholConsump, GenHlth, Age, Education",0,1.0,1.0,1,307.6666666666667,9990,9825,0.3333333333333333,0.0006433615643791059,3,3
"0, 0, 0, [3.2,4.8]","HighBP, HighChol, Fruits, Education",0,0.0768054150870034,0.9483418367346939,1,290.27231435014596,9827,9827,0.19047619047619047,0.0006069882456866311,0,0
"0, 0, 0, 1, [-0.6819339100695123,2.84], [-9.45,9.45], 0, [1.88,8.120000000000001], [3.83,8.17]","HighChol, Smoker, Fruits, AnyHealthcare, GenHlth, PhysHlth, Sex, Age, Income",0,1.0,1.0,1,332.0,9827,9827,0.42857142857142855,0.0006942449817135314,1,1
"1, [33.275,69.975], 1, 0, 1, 1, 0, [2.5,5.32], [-3.0500000000000007,11.05], 1","HighBP, BMI, Smoker, PhysActivity, Fruits, Veggies, NoDocbcCost, GenHlth, MentHlth, Sex",1,1.0,1.0,1,245.0,9831,9831,0.47619047619047616,0.000512319338915106,1,1
"1, 0, 1, 1, 1, [7.699999999999999,17.259999999999998]","HighChol, HvyAlcoholConsump, AnyHealthcare, DiffWalk, Sex, Age",1,0.5549289573066435,0.8888888888888888,1,280.22336,9965,9837,0.2857142857142857,0.0005859748838521214,8,9
"0, 0, 1","HighChol, HeartDiseaseorAttack, Veggies",0,0.20346349914002398,0.7272727272727273,1,223.1352417168627,9990,9839,0.14285714285714285,0.0005168550424316417,48,66
"0, 1, 0, 1, [0.6799999999999999,3.3200000000000003]","Smoker, PhysActivity, HvyAlcoholConsump, AnyHealthcare, GenHlth",0,0.21208362139917689,0.7333333333333333,1,290.07583620310595,9990,9841,0.23809523809523808,0.000606577390362538,33,45
"1, 1, 0, [-6.9,6.9]","HighChol, PhysActivity, HvyAlcoholConsump, MentHlth",0,0.047144147081573134,0.5428571428571428,1,166.73367660028794,9989,9841,0.19047619047619047,0.00036158682523242645,19,35
"1, 1, [30.025,69.975], 0, [2.5,5.32], [0.07499999999999973,3.9250000000000003]","HighBP, HighChol, BMI, HvyAlcoholConsump, GenHlth, Income",1,0.5549289573066435,0.8888888888888888,2,255.89120000000003,9965,9844,0.2857142857142857,0.0010701878401485159,8,9
"1, 1, 0, 1, [2.6799999999999997,5.5], [-5.250000000000001,5.250000000000001]","HighBP, HighChol, HvyAlcoholConsump, AnyHealthcare, GenHlth, PhysHlth",1,0.3066820026178275,0.7894736842105263,1,228.78546575674574,9979,9844,0.2857142857142857,0.0004784131370199208,15,19
"0, 1, 1, [-0.3600000000000001,2.630094518367552], [-4.35,4.35], [6.0,12.0], [4.3,7.55], [5.795,9.457431565600992]","HighBP, PhysActivity, Veggies, GenHlth, MentHlth, Age, Education, Income",0,0.620921323059155,0.9090909090909091,1,254.80531200000001,9964,9847,0.38095238095238093,0.0005328232203914177,10,11
"0, [11.25,26.33237163771839], 0, 1, 0, 0, [0.74,1.94]","HighBP, BMI, Smoker, Veggies, HvyAlcoholConsump, NoDocbcCost, GenHlth",0,1.0,1.0,1,284.88,9990,9848,0.3333333333333333,0.0005957123806944302,6,6
"0, 0, 0, 0, 0, 0, 0, [0.28000000000000025,9.780000000000001]","HighBP, HighChol, Smoker, Stroke, HeartDiseaseorAttack, DiffWalk, Sex, Age",0,1.0,1.0,1,306.627648,9990,9848,0.38095238095238093,0.000641188873128383,10,10
"1, 1, [30.025,69.975], 1, 1, 1, [2.5,5.5], 1, [1.775,4.225], [0.07499999999999973,3.9250000000000003]","HighBP, CholCheck, BMI, Smoker, Veggies, AnyHealthcare, GenHlth, DiffWalk, Education, Income",1,1.0,1.0,1,237.0,9911,9853,0.47619047619047616,0.0004955905441750209,4,4
"1, 1, 0, 1, 1","HighBP, Veggies, HvyAlcoholConsump, DiffWalk, Sex",1,0.3276800000000001,0.8,1,202.82421098496,9965,9853,0.23809523809523808,0.0004241255742358885,12,15
"0, 0, 0, 0, 1, 0, [1.84,4.16], 0","HighBP, HighChol, Stroke, HeartDiseaseorAttack, PhysActivity, NoDocbcCost, GenHlth, DiffWalk",0,1.0,1.0,2,278.069140262912,9971,9855,0.38095238095238093,0.0011629403927525467,16,16
"0, 0, [3.6000000000000014,44.4], 1, 0, [1.4886774099159599,3.26], 0, [1.88,7.0]","HighBP, HighChol, BMI, PhysActivity, HvyAlcoholConsump, GenHlth, DiffWalk, Age",0,1.0,1.0,1,316.3333333333333,9934,9855,0.38095238095238093,0.0006614844253475313,3,3
"1, 1, 1, [30.025,69.975], 1, 1, [4.375,5.625]","HighBP, HighChol, CholCheck, BMI, Veggies, AnyHealthcare, Education",1,0.18593443208187066,0.7142857142857143,2,275.248,9985,9863,0.3333333333333333,0.0011511418236547354,5,7
"1, 1, 0, 0, 0, 1, 0","HighBP, HeartDiseaseorAttack, PhysActivity, Fruits, HvyAlcoholConsump, AnyHealthcare, NoDocbcCost",0,1.0,1.0,2,161.0,9897,9863,0.3333333333333333,0.000673333988288425,1,1
"0, 0, 0, 0, 0, 1, 0, 1, [0.74,3.26]","HighBP, HighChol, Smoker, Stroke, HeartDiseaseorAttack, PhysActivity, HvyAlcoholConsump, AnyHealthcare, GenHlth",0,1.0,1.0,1,324.555282944,9990,9870,0.42857142857142855,0.000678677338772552,14,14
"1, 1, [1.75,69.975], 1, 1, 0, 1, [2.6799999999999997,5.32], 1, 1","HighBP, CholCheck, BMI, HeartDiseaseorAttack, Veggies, HvyAlcoholConsump, AnyHealthcare, GenHlth, DiffWalk, Sex",1,0.2373046875,0.75,1,320.5,9965,9871,0.47619047619047616,0.000670197339274659,3,4
"1, 1, 0, [7.699999999999999,17.259999999999998]","HighBP, Fruits, HvyAlcoholConsump, Age",1,0.12437314232952602,0.6590909090909091,1,199.46905888880778,9985,9871,0.19047619047619047,0.0004471529957078742,29,44
"1, 1, 1, 0, 1, 0, 1, 0, 1","HighBP, HighChol, CholCheck, Stroke, Veggies, HvyAlcoholConsump, AnyHealthcare, NoDocbcCost, DiffWalk",0,0.000541922809869769,0.2222222222222222,1,279.09248,9874,9874,0.42857142857142855,0.0005836101014276631,2,9
"1, 1, 1, 1, 0, 1, 0, [3.34,4.66], 1, [3.05,4.95]","HighBP, HighChol, CholCheck, Veggies, HvyAlcoholConsump, AnyHealthcare, NoDocbcCost, GenHlth, DiffWalk, Education",1,1.0,1.0,1,178.0,9874,9874,0.47619047619047616,0.00037221568296689334,1,1
"0, 0, 0, 1, 1, [-5.8500000000000005,5.8500000000000005], [7.74,16.259999999999998]","HighBP, HighChol, Smoker, PhysActivity, Veggies, MentHlth, Age",0,1.0,1.0,1,283.752,9971,9877,0.3333333333333333,0.0005933536206360783,7,7
"0, [11.25,26.33237163771839], 0, 0, 1, 0, 0, [-0.41999999999999993,2.3600000000000003], [-4.6,8.6], [2.215,5.785]","HighBP, BMI, Stroke, Fruits, Veggies, HvyAlcoholConsump, NoDocbcCost, GenHlth, PhysHlth, Income",0,1.0,1.0,1,99.0,9929,9877,0.47619047619047616,0.00020701883490855302,1,1
"1, 1, [9.024999999999999,48.975], 1, 0, [-8.55,8.55], 0, [5.32,8.68], [3.0,5.0]","HighBP, CholCheck, BMI, Fruits, Veggies, PhysHlth, Sex, Age, Education",1,0.07674124929482336,0.9411764705882353,1,156.0,9878,9878,0.42857142857142855,0.0003262114974316593,0,0
"1, 0, [3.4,4.6], [5.699999999999999,12.3]","HighChol, NoDocbcCost, GenHlth, Age",1,1.0,1.0,2,189.1248,9986,9878,0.19047619047619047,0.0007909574898649113,8,8
"1, 1, 1, 1, 1, [2.5,5.5], 1, [1.775,4.225]","HighBP, CholCheck, Smoker, Veggies, AnyHealthcare, GenHlth, DiffWalk, Education",1,0.3276800000000001,0.8,1,235.2,9911,9886,0.38095238095238093,0.0004918265653585018,4,5
"1, 1, [30.025,69.975], 1, 0, 1, 1, [2.5,5.5], 1, [1.775,4.225]","HighBP, CholCheck, BMI, Smoker, PhysActivity, Veggies, AnyHealthcare, GenHlth, DiffWalk, Education",1,1.0,1.0,1,222.5,9886,9886,0.47619047619047616,0.00046526960370861666,2,2
"0, 1, [30.025,69.975], 1, 1, [2.6799999999999997,5.32], [21.45,38.55], 1, [7.699999999999999,17.259999999999998]","HighBP, CholCheck, BMI, HeartDiseaseorAttack, AnyHealthcare, GenHlth, PhysHlth, DiffWalk, Age",0,0.05912182561075219,0.8980392156862745,1,275.73503239938407,9887,9887,0.42857142857142855,0.0005765893449575011,0,0
"1, 1, [9.1,17.259999999999998]","CholCheck, Veggies, Age",1,0.06092699470458736,0.5714285714285714,1,216.8110577277927,9985,9887,0.14285714285714285,0.0004924827986704011,24,42
"0, 0, 0, 1, [-1.6500000000000004,7.65], [-5.7,23.7], [1.88,7.0]","HighBP, Smoker, Stroke, PhysActivity, MentHlth, PhysHlth, Age",0,1.0,1.0,1,360.25,9990,9892,0.3333333333333333,0.0007533185381394568,4,4
"0, 1, 0, 1, 0, [-0.41999999999999993,2.8200000000000003], [-5.7,14.451399716017583], 0, [0.06000000000000005,7.0]","HighBP, CholCheck, Smoker, PhysActivity, HvyAlcoholConsump, GenHlth, PhysHlth, DiffWalk, Age",0,1.0,1.0,1,285.75,9990,9892,0.42857142857142855,0.0005975316371224144,4,4
"0, 0, [-0.3600000000000001,2.84], [-9.45,9.45], [1.88,8.120000000000001]","HighChol, Smoker, GenHlth, PhysHlth, Age",0,1.0,1.0,1,309.24,9990,9893,0.23809523809523808,0.000741922046722774,8,8
"0, 0, 1, 0, 0, [-0.6819339100695123,2.630094518367552], [-11.827915292174136,6.55], [-7.9,11.9], 0","HighChol, Smoker, PhysActivity, Fruits, NoDocbcCost, GenHlth, MentHlth, PhysHlth, DiffWalk",0,0.13168724279835387,0.6666666666666666,1,327.3333333333333,9934,9893,0.42857142857142855,0.0006844865181151483,2,3
"1, 1, 0, 1, [2.2800000000000002,3.7199999999999998], 1, [0.07499999999999973,3.9250000000000003]","HighBP, CholCheck, Veggies, AnyHealthcare, GenHlth, DiffWalk, Income",1,0.0,0.0,1,171.0,9896,9896,0.3333333333333333,0.0003575779875693189,0,1
"1, 1, [30.025,69.975], 0, 1, 0, [-11.25,11.25], 1","HighBP, CholCheck, BMI, Stroke, AnyHealthcare, NoDocbcCost, MentHlth, DiffWalk",1,0.18593443208187066,0.7142857142857143,1,302.08000000000004,9965,9896,0.38095238095238093,0.0006316792893856132,5,7
"1, 1, 1, [30.025,69.975], 1, 1, 0, 1, [8.04,15.96]","HighBP, HighChol, CholCheck, BMI, Stroke, Veggies, HvyAlcoholConsump, AnyHealthcare, Age",1,0.1,1.0,1,328.0,9901,9901,0.42857142857142855,0.0006858805843434889,0,0
"1, 1, [30.025,69.975], 0, [2.5,5.32], 0, [0.07499999999999973,3.9250000000000003]","HighBP, HighChol, BMI, HvyAlcoholConsump, GenHlth, Sex, Income",1,1.0,1.0,1,267.0,9904,9904,0.3333333333333333,0.00055832352445034,1,1
"1, [30.025,69.975], 0, 1, 0, 0, [7.0600000000000005,16.32], [2.675,5.325]","HighBP, BMI, Stroke, Veggies, HvyAlcoholConsump, Sex, Age, Education",1,0.3666478320532007,0.8181818181818182,1,242.6872576,9985,9905,0.38095238095238093,0.0005074831648030695,9,11
"0, [0.4670686734677377,1.94], [-10.95,10.95], 0, [0.28000000000000025,8.120000000000001], [3.725,6.275]","Stroke, GenHlth, PhysHlth, DiffWalk, Age, Education",0,1.0,1.0,1,253.0,9990,9913,0.2857142857142857,0.0005290481336551911,4,4
"0, 0, [0.4670686734677377,1.94], 0, 1, [0.28000000000000025,8.120000000000001], [3.725,6.275]","Smoker, Stroke, GenHlth, DiffWalk, Sex, Age, Education",0,0.1,1.0,1,246.33333333333334,9913,9913,0.3333333333333333,0.0005151074713717869,0,0
"1, 1, 0, 1, 0, 1","HighBP, Veggies, HvyAlcoholConsump, AnyHealthcare, NoDocbcCost, Sex",1,0.3276800000000001,0.8,1,190.36017522688,9965,9916,0.2857142857142857,0.00046474740139926013,12,15
"1, [9.8,69.975], 0, 1, [2.06,7.193397233716988], 1","HighBP, BMI, Smoker, Veggies, GenHlth, Sex",0,0.004115226337448558,0.3333333333333333,1,192.66666666666666,9916,9916,0.2857142857142857,0.00040288513999038264,1,3
"1, 1, 0, 0, 0, 0, 0, 0, 1, [2.7199999999999998,5.28]","HighChol, CholCheck, Smoker, Stroke, HeartDiseaseorAttack, PhysActivity, Fruits, HvyAlcoholConsump, AnyHealthcare, GenHlth",1,0.07638659584000002,0.94,1,168.415863071593,9921,9921,0.47619047619047616,0.0003521743005373696,0,0
"[30.025,69.975], 1, [0.8650000000000002,6.24]","BMI, NoDocbcCost, Income",1,0.03125,0.5,1,166.0,9945,9921,0.14285714285714285,0.0003471224908567657,2,4
"1, 1, [30.025,69.975], 1, 0, 1, 1","HighChol, CholCheck, BMI, PhysActivity, Fruits, Veggies, AnyHealthcare",1,1.0,1.0,2,229.5,9979,9924,0.3333333333333333,0.0009598145982123822,2,2
"1, 0, 1, [4.04,5.96], [6.2,9.8]","Fruits, HvyAlcoholConsump, NoDocbcCost, GenHlth, Age",1,1.0,1.0,1,297.0,9937,9927,0.23809523809523808,0.0006210565047256591,1,1
"1, 0, 0, 0, [5.699999999999999,12.3], [3.0,5.0]","CholCheck, Smoker, Veggies, NoDocbcCost, Age, Education",1,0.13168724279835387,0.6666666666666666,1,207.0,9957,9928,0.2857142857142857,0.0004328575638997018,2,3
"1, 0, 0, 1, 0, [3.0,5.0]","CholCheck, Stroke, Veggies, AnyHealthcare, NoDocbcCost, Education",1,0.0009765625,0.25,1,168.032,9957,9928,0.2857142857142857,0.00035137160472074733,2,8
"0, 0, 0, 1, 0, 0, [-4.6,8.6]","HighBP, Stroke, HeartDiseaseorAttack, Veggies, HvyAlcoholConsump, NoDocbcCost, PhysHlth",0,0.4234790289079717,0.8421052631578947,1,256.12208451869077,9990,9929,0.3333333333333333,0.000535576722539488,16,19
"0, [11.25,26.33237163771839], 0, 0, 1, 0, 0, [2.215,5.785]","HighBP, BMI, Stroke, Fruits, Veggies, HvyAlcoholConsump, NoDocbcCost, Income",0,0.028201122059182106,0.7763423496164715,1,176.265118298614,9929,9929,0.38095238095238093,0.0003685878729817913,0,0
"0, 0, 0, 1, 1, 0, [-5.8500000000000005,5.8500000000000005], [-4.6,8.6], [7.74,16.259999999999998]","HighBP, Smoker, Stroke, PhysActivity, Veggies, HvyAlcoholConsump, MentHlth, PhysHlth, Age",0,0.512908935546875,0.875,1,278.88800000000003,9971,9930,0.42857142857142855,0.0005831825134341066,7,8
"0, 0, 0, 1, 0","HighBP, HighChol, HeartDiseaseorAttack, Veggies, NoDocbcCost",0,0.512908935546875,0.875,1,264.711891587072,9990,9930,0.23809523809523808,0.0005535388624524732,14,16
"1, 0, 1, 1, [-4.35,10.05], 0, 0","CholCheck, Stroke, PhysActivity, AnyHealthcare, MentHlth, DiffWalk, Sex",0,0.48894551440329226,0.8666666666666667,1,268.558514688,9990,9932,0.3333333333333333,0.00056158253348971,13,15
"0, 1, 0, 0, 1, [-4.35,10.05], 0, 0","HighChol, CholCheck, Stroke, HvyAlcoholConsump, AnyHealthcare, MentHlth, DiffWalk, Sex",0,0.620921323059155,0.9090909090909091,1,271.382336,9990,9932,0.38095238095238093,0.0005674874243786007,10,11
"0, 0, [3.6000000000000014,44.4], 1, 0, [-0.41999999999999993,3.26], 0, [0.06000000000000005,7.0]","HighBP, HighChol, BMI, PhysActivity, HvyAlcoholConsump, GenHlth, DiffWalk, Age",0,1.0,1.0,1,292.3333333333333,9990,9934,0.38095238095238093,0.0006112980411272761,3,3
"0, 1, 0, 1, 1, 0, [1.4886774099159599,2.8200000000000003], [-5.7,14.451399716017583], 0","HighBP, CholCheck, Smoker, PhysActivity, Veggies, HvyAlcoholConsump, GenHlth, PhysHlth, DiffWalk",0,0.3276800000000001,0.8,1,303.0,9971,9934,0.42857142857142855,0.0006336031007807229,4,5
"1, 0, 1, [8.56,11.8], [3.775,6.225]","HighChol, PhysActivity, DiffWalk, Age, Education",1,0.13168724279835387,0.6666666666666666,1,284.3333333333333,9942,9937,0.23809523809523808,0.000594569246387191,2,3
"1, [25.81374141476541,44.25], 1, 1, 0, 1, 1, [2.5,5.96], 1, [0.8650000000000002,5.135]","CholCheck, BMI, HeartDiseaseorAttack, Veggies, HvyAlcoholConsump, AnyHealthcare, NoDocbcCost, GenHlth, DiffWalk, Income",1,0.1,1.0,1,250.0,9937,9937,0.47619047619047616,0.0005227748356276591,0,0
"1, [10.4,37.6], 0, 0, 1, 1, 0, 1, [3.675,6.325], [0.07499999999999973,3.9250000000000003]","CholCheck, BMI, Stroke, HeartDiseaseorAttack, Veggies, AnyHealthcare, NoDocbcCost, DiffWalk, Education, Income",1,0.03125,0.5,1,150.5,9938,9938,0.47619047619047616,0.0003147104510478508,1,2
"1, 0, 1, 1, 1, 0, 1, [3.675,6.325], [0.07499999999999973,3.9250000000000003]","CholCheck, Stroke, Fruits, Veggies, AnyHealthcare, NoDocbcCost, DiffWalk, Education, Income",1,0.13168724279835387,0.6666666666666666,1,239.66666666666666,9965,9938,0.42857142857142855,0.0005011668090883826,2,3
"0, [0.74,3.26]","HighChol, GenHlth",0,0.512908935546875,0.875,1,196.0789496049592,9990,9941,0.09523809523809523,0.0004461332991241704,21,24
"0, 0, 0, [-9.9,8.6], 0, [1.88,8.120000000000001], [4.45,7.55]","HighChol, HeartDiseaseorAttack, Fruits, PhysHlth, DiffWalk, Age, Education",0,1.0,1.0,1,232.5,9976,9941,0.3333333333333333,0.000486180597133723,2,2
"1, [30.025,69.975], 0, [2.6799999999999997,5.96], [-10.200000000000001,10.200000000000001], 1, 1, [8.56,11.8], [3.775,6.225]","CholCheck, BMI, PhysActivity, GenHlth, MentHlth, DiffWalk, Sex, Age, Education",1,1.0,1.0,1,245.0,9942,9942,0.42857142857142855,0.000512319338915106,1,1
"1, 0, 0, 1, [2.565,5.4350000000000005]","HighChol, PhysActivity, Veggies, DiffWalk, Income",1,1.0,1.0,1,155.0,9986,9942,0.23809523809523808,0.0003241203980891487,1,1
"[-0.07499999999999929,50.075], 0, 0","BMI, Smoker, HvyAlcoholConsump",0,0.13168724279835387,0.6666666666666666,2,239.24989158998014,9990,9951,0.14285714285714285,0.001117953419249446,12,18
"0, 0, 1, [-0.98,9.08], [5.795,10.205]","Smoker, Stroke, Fruits, Age, Income",0,0.401877572016461,0.8333333333333334,1,301.48,9990,9951,0.23809523809523808,0.0006304246297801068,5,6
"0, [-0.07499999999999929,50.075], 0, 0","HighChol, BMI, Smoker, HvyAlcoholConsump",0,0.620921323059155,0.9090909090909091,1,238.16738560000005,9990,9952,0.19047619047619047,0.0005561471751698339,10,11
"1, 0, 1, [0.8650000000000002,5.135]","HighChol, Smoker, AnyHealthcare, Income",1,1.0,1.0,1,281.0,9985,9957,0.19047619047619047,0.0005875989152454889,2,2
"1, [25.81374141476541,69.975], 0, 0, 1, 0, [2.5,5.96], [0.8650000000000002,5.135]","HighChol, BMI, Fruits, HvyAlcoholConsump, AnyHealthcare, NoDocbcCost, GenHlth, Income",1,0.2373046875,0.75,1,186.5,9979,9957,0.38095238095238093,0.00038999002737823374,3,4
"1, 1, 1, 0, [2.06,3.94], 1, 0, [1.88,8.120000000000001]","HighBP, CholCheck, Stroke, HvyAlcoholConsump, GenHlth, DiffWalk, Sex, Age",0,0.005471726142271733,0.526528935321047,1,169.18519505796408,9958,9958,0.38095238095238093,0.00035378305014824253,0,0
"1, 0, 1, [20.25,39.75], 1","CholCheck, HvyAlcoholConsump, AnyHealthcare, MentHlth, DiffWalk",0,0.0,0.0,1,155.0,9958,9958,0.23809523809523808,0.0003241203980891487,0,1
"1, [33.275,69.975], 1, 0, 0, [-3.0500000000000007,11.05], [16.1,23.9], 1","HighBP, BMI, Smoker, PhysActivity, NoDocbcCost, MentHlth, PhysHlth, Sex",1,0.08620982170104981,0.96875,1,247.64000000000001,9961,9961,0.38095238095238093,0.0005178398411793341,0,0
"1, 1, 1, 0, 1, 0, 0, 0, [2.5,5.32], [-3.0500000000000007,11.05], 0, 1, [6.74,12.8740022534601], [2.425,5.575]","HighBP, HighChol, Smoker, PhysActivity, Fruits, Veggies, HvyAlcoholConsump, NoDocbcCost, GenHlth, MentHlth, DiffWalk, Sex, Age, Education",1,0.0,0.0,1,208.0,9961,9961,0.6666666666666666,0.00043494866324221245,0,1
"0, 0, 0, 1, 0, [1.84,4.16], 0","HighBP, HighChol, Stroke, PhysActivity, NoDocbcCost, GenHlth, DiffWalk",0,1.0,1.0,1,277.2,9971,9964,0.3333333333333333,0.0005796527377439485,5,5
"1, 1, 1, [25.81374141476541,44.25], 1, 1, [2.5,5.96], [-10.350000000000001,10.350000000000001], [19.200000000000003,40.8], 1, [9.32,12.68], [0.8650000000000002,5.135]","HighBP, HighChol, CholCheck, BMI, HeartDiseaseorAttack, AnyHealthcare, GenHlth, MentHlth, PhysHlth, DiffWalk, Age, Income",1,0.1,1.0,1,418.0,9965,9965,0.5714285714285714,0.0008740795251694462,0,0
"1, 1, 1, [25.81374141476541,44.25], 1, 0, [2.5,5.96], [-10.350000000000001,10.350000000000001], [19.200000000000003,40.8], 1, [9.32,12.68], [0.8650000000000002,5.135]","HighBP, HighChol, CholCheck, BMI, HeartDiseaseorAttack, HvyAlcoholConsump, GenHlth, MentHlth, PhysHlth, DiffWalk, Age, Income",1,0.1,1.0,1,418.0,9965,9965,0.5714285714285714,0.0008740795251694462,0,0
"0, 0, 0, 0, 0, [0.4670686734677377,1.94], 0, [0.28000000000000025,9.780000000000001], [3.725,6.275]","HighBP, Smoker, Stroke, HvyAlcoholConsump, AnyHealthcare, GenHlth, DiffWalk, Age, Education",0,0.1,1.0,1,246.304,9969,9969,0.42857142857142855,0.0005150461324577399,0,0
"0, 0, 0, 0, 1, 1, 0, 0","HighBP, HighChol, Smoker, HeartDiseaseorAttack, PhysActivity, Veggies, DiffWalk, Sex",0,1.0,1.0,1,350.75,9990,9969,0.38095238095238093,0.0007334530943856058,4,4
"0, 0, 0, 0, 1, 0, [-0.98,9.08]","HighBP, Smoker, Stroke, HeartDiseaseorAttack, PhysActivity, NoDocbcCost, Age",0,0.13168724279835387,0.6666666666666666,1,326.6666666666667,9990,9971,0.3333333333333333,0.0006830924518868081,2,3
"0, 0, 1, [1.84,4.16], 0, [5.795,10.205]","HighChol, Stroke, Fruits, GenHlth, DiffWalk, Income",0,1.0,1.0,1,245.0,9971,9971,0.2857142857142857,0.000512319338915106,4,4
"0, 0, 0, 1, 1, 0, 0, [3.65,6.35]","HighBP, HighChol, Stroke, HeartDiseaseorAttack, Fruits, HvyAlcoholConsump, Sex, Education",0,0.029781293136563393,0.7848537005163512,1,198.13844045276113,9973,9973,0.38095238095238093,0.00041432716255685175,0,0
"0, 0, [4.899999999999999,49.1], 0, 0, 1, [0.4670686734677377,1.5], 0, [4.16,11.84]","HighBP, HighChol, BMI, Stroke, Fruits, Veggies, GenHlth, DiffWalk, Age",0,0.1,1.0,1,275.3333333333333,9976,9976,0.42857142857142855,0.0005757493523045953,0,0
"0, 0, 0, 0, 0, 1, [0.5,1.94], [-9.45,9.45], [3.75,6.25]","HighBP, HighChol, Stroke, HeartDiseaseorAttack, Fruits, Veggies, GenHlth, PhysHlth, Education",0,0.1,1.0,1,297.35931238399996,9976,9976,0.42857142857142855,0.0006218078626155974,0,0
"1, 1, [30.025,69.975], 0, 1, 0, 1, [2.46,3.54], [6.35,21.65]","HighChol, CholCheck, BMI, Stroke, PhysActivity, Fruits, Veggies, GenHlth, MentHlth",1,0.1,1.0,1,229.5,9979,9979,0.42857142857142855,0.0004799072991061911,0,0
"1, 0, 0, [24.45,35.55], 1, [2.565,5.4350000000000005]","HighChol, PhysActivity, Veggies, MentHlth, DiffWalk, Income",1,0.1,1.0,1,155.0,9986,9986,0.2857142857142857,0.0003241203980891487,0,0
"0, 1, [-0.3600000000000001,2.84], 0, [1.88,9.52], [4.074999999999999,7.925000000000001]","HeartDiseaseorAttack, AnyHealthcare, GenHlth, DiffWalk, Age, Income",0,0.03125,0.5,1,136.0,9988,9988,0.2857142857142857,0.0003032094046640423,1,2
"0, 0, 1, 0, 0, [5.705,8.295]","HighChol, Stroke, AnyHealthcare, NoDocbcCost, DiffWalk, Income",0,0.13168724279835387,0.6666666666666666,1,305.3333333333333,9990,9988,0.2857142857142857,0.0006384823325799143,2,3
"0, 1, 0, 1, [-0.41999999999999993,2.8200000000000003], [-5.7,5.7], 0","HighBP, CholCheck, Stroke, PhysActivity, GenHlth, PhysHlth, DiffWalk",0,1.0,1.0,1,385.5,9990,9989,0.3333333333333333,0.0008061187965378504,2,2
"0, [-5.024999999999999,57.025], 0, 0, 1, 1, [-0.41999999999999993,2.8200000000000003], [-5.7,5.7], 0","HighBP, BMI, Stroke, HeartDiseaseorAttack, PhysActivity, Veggies, GenHlth, PhysHlth, DiffWalk",0,1.0,1.0,1,385.5,9990,9989,0.42857142857142855,0.0008061187965378504,2,2
"0, 0, 0, 1, 0, 0, [0.28000000000000025,9.780000000000001]","HighBP, HighChol, HeartDiseaseorAttack, AnyHealthcare, NoDocbcCost, DiffWalk, Age",0,0.03125,0.5,1,243.0,9990,9990,0.3333333333333333,0.0005081371402300847,1,2
"0, 0, 0, 1, 0, [0.4670686734677377,1.94], 0, [4.375,7.625], [5.705,8.295]","HighChol, Smoker, Stroke, Veggies, HvyAlcoholConsump, GenHlth, Sex, Education, Income",0,0.1,1.0,1,430.0,9990,9990,0.42857142857142855,0.0008991727172795738,0,0
"1, 0, 1, 0, [8.2,11.8]","Smoker, PhysActivity, Fruits, HvyAlcoholConsump, Age",1,0.023404968543887628,0.7458833619210978,1,189.96869450020523,9997,9997,0.23809523809523808,0.0003972434121669832,0,0
"[30.025,69.975], 1, 0, 1, [-7.95,7.95], [-10.350000000000001,10.350000000000001], 1","BMI, Smoker, PhysActivity, Veggies, MentHlth, PhysHlth, Sex",1,0.023404968543887628,0.7458833619210978,1,220.05438496002904,9997,9997,0.3333333333333333,0.0004601555797064993,0,0
